name,price,type,color,psu,side_panel,external_volume,internal_35_bays
Corsair 4000D Airflow,454.92,ATX Mid Tower,Black,,Tinted Tempered Glass,48.6,2
NZXT H5 Flow,411.59,ATX Mid Tower,Black,,Tempered Glass,47.0,1
NZXT H9 Flow,693.24,ATX Mid Tower,White,,Tempered Glass,66.9,2
NZXT H9 Flow,671.57,ATX Mid Tower,Black,,Tempered Glass,66.9,2
Montech AIR 903 MAX,324.98,ATX Mid Tower,Black,,Tempered Glass,54.2,2
NZXT H6 Flow,476.59,ATX Mid Tower,White,,Tempered Glass,51.8,1
Cooler Master MasterBox Q300L,203.56,MicroATX Mini Tower,Black,,Acrylic,33.6,1
NZXT H6 Flow,438.89,ATX Mid Tower,Black,,Tempered Glass,51.8,1
Montech X3 Mesh,281.56,ATX Mid Tower,Black,,Tempered Glass,,2
Lian Li O11 Vision,602.03,ATX Mid Tower,White,,Tempered Glass,67.8,2
Fractal Design North,606.58,ATX Mid Tower,Black,,Tempered Glass,45.1,2
Phanteks XT PRO,216.61,ATX Mid Tower,Black,,Tempered Glass,51.8,2
NZXT H6 Flow RGB,576.25,ATX Mid Tower,White,,Tempered Glass,51.8,1
Phanteks XT PRO ULTRA,303.27,ATX Mid Tower,Black,,Tempered Glass,51.8,2
Lian Li O11 Dynamic EVO,1079.87,ATX Mid Tower,White / Gray,,Tempered Glass,60.8,6
Lian Li LANCOOL 216,433.26,ATX Mid Tower,Black,,Tempered Glass,55.6,2
Deepcool CH370,257.42,MicroATX Mid Tower,Black,,Tempered Glass,38.3,2
Silverstone ALTA F2,4332.96,ATX Full Tower,Black,,Tempered Glass,98.9,8
Deepcool CC560 V2,259.94,ATX Mid Tower,Black,,Tempered Glass,44.9,2
Fractal Design Terra,779.81,Mini ITX Desktop,Black / Brown,,Mesh,11.4,0
NZXT H5 Flow,407.26,ATX Mid Tower,White,,Tempered Glass,47.0,1
Deepcool MATREXX 40,203.56,MicroATX Mini Tower,Black,,Tempered Glass,,2
NZXT H6 Flow RGB,584.91,ATX Mid Tower,Black,,Tempered Glass,51.8,1
HYTE Y70 Touch,1559.84,ATX Mid Tower,White,,Tempered Glass,70.7,2
Lian Li O11 Vision,563.25,ATX Mid Tower,Black,,Tempered Glass,67.8,2
Montech AIR 903 BASE,281.64,ATX Mid Tower,Black,,Tempered Glass,54.2,2
Corsair 3000D AIRFLOW,324.89,ATX Mid Tower,Black,,Tempered Glass,49.5,2
Fractal Design Pop Air RGB,389.93,ATX Mid Tower,Black,,Tempered Glass,46.2,2
Corsair 5000D AIRFLOW,693.24,ATX Mid Tower,Black,,Tempered Glass,66.2,2
NZXT H7 Flow,563.25,ATX Mid Tower,Black,,Tempered Glass,55.8,2
Montech KING 95 PRO,645.62,ATX Mid Tower,Black,,Tempered Glass,63.0,5
Asus Prime AP201,346.6,MicroATX Mini Tower,Black,,Mesh,33.0,3
Cooler Master MasterBox NR200,498.25,Mini ITX Desktop,Black,,,,2
Corsair 4000D Airflow,454.92,ATX Mid Tower,White,,Tinted Tempered Glass,48.6,2
Lian Li O11D EVO RGB,693.24,ATX Mid Tower,Black,,Tempered Glass,65.3,4
Fractal Design Pop Mini Air,389.84,MicroATX Mid Tower,Black,,Tempered Glass,36.5,2
Corsair iCUE 4000X RGB,519.92,ATX Mid Tower,Black,,Tempered Glass,48.6,2
Lian Li O11 Dynamic Mini Snow Edition,519.92,ATX Mid Tower,White,,Tempered Glass,43.0,2
Fractal Design North XL,779.9,ATX Full Tower,Black,,Tinted Tempered Glass,61.4,2
Montech KING 95 PRO,688.95,ATX Mid Tower,White,,Tempered Glass,63.0,5
HYTE Y70 Touch,1559.84,ATX Mid Tower,Black,,Tempered Glass,70.7,2
SAMA ARGB-Q5,233.29,MicroATX Mini Tower,Black,,Tempered Glass,31.5,2
Phanteks Eclipse G360A,303.27,ATX Mid Tower,White,,Tempered Glass,42.3,2
Montech AIR 903 MAX,298.98,ATX Mid Tower,White,,Tempered Glass,54.2,2
Lian Li O11 Dynamic EVO XL,1005.21,ATX Full Tower,Black,,Tempered Glass,84.4,4
Fractal Design Terra,779.9,Mini ITX Desktop,Green / Brown,,Mesh,11.4,0
Fractal Design Meshify C,433.26,ATX Mid Tower,Black,,Tinted Tempered Glass,40.6,2
NZXT H5 Flow RGB,433.26,ATX Mid Tower,Black,,Tempered Glass,47.0,1
Fractal Design Pop Mini Air,303.22,MicroATX Mid Tower,White,,Tempered Glass,36.5,2
HYTE Y60,779.9,ATX Mid Tower,Black,,Tempered Glass,,2
Phanteks NV5,433.26,ATX Mid Tower,Black,,Tempered Glass,60.2,3
HYTE Y70,953.22,ATX Mid Tower,White,,Tempered Glass,70.7,2
Montech SKY TWO,385.64,ATX Mid Tower,Black,,Tempered Glass,45.3,2
Fractal Design Pop Air,346.51,ATX Mid Tower,Black,,Tempered Glass,46.2,2
Corsair 7000D AIRFLOW,823.23,ATX Full Tower,Black,,Tempered Glass,81.8,6
Deepcool CC360 ARGB,259.94,MicroATX Mini Tower,Black,,Tinted Tempered Glass,38.7,2
NZXT H9 Elite,996.55,ATX Mid Tower,Black,,Tempered Glass,66.9,2
Lian Li A4-H20 X4,671.57,Mini ITX Desktop,Black,,Mesh,11.1,0
NZXT H9 Elite,966.22,ATX Mid Tower,White,,Tempered Glass,66.9,2
Fractal Design Pop XL Air,476.5,ATX Full Tower,Black,,Tempered Glass,62.4,3
Montech AIR 100 ARGB,290.22,MicroATX Mid Tower,White,,Tempered Glass,36.1,2
HYTE Y60 Snow White,779.9,ATX Mid Tower,White,,Tempered Glass,,2
Lian Li O11 Dynamic Mini,487.51,ATX Mid Tower,Black,,Tempered Glass,43.0,2
DIYPC MA08,155.81,MicroATX Mini Tower,Black,,,20.5,1
Lian Li PC-O11 Dynamic,519.92,ATX Full Tower,White,,Tempered Glass,54.0,3
Zalman S2,229.61,ATX Mid Tower,Black,,Acrylic,38.4,2
Fractal Design North,606.58,ATX Mid Tower,White,,Tempered Glass,45.1,2
Lian Li O11 Dynamic EVO XL,996.55,ATX Full Tower,White,,Tempered Glass,84.4,4
be quiet! Pure Base 500DX,346.21,ATX Mid Tower,Black,,Tempered Glass,48.3,2
Lian Li LANCOOL 216,407.3,ATX Mid Tower,Black,,Tempered Glass,55.6,2
Zalman P30,433.26,MicroATX Mini Tower,White,,Tempered Glass,45.7,2
BitFenix Nova Mesh M ARGB,250.88,MicroATX Mini Tower,Black,,Tempered Glass,31.6,2
Asus Prime AP201,368.26,MicroATX Mini Tower,White,,Mesh,33.0,3
Lian Li O11D EVO RGB,693.24,ATX Mid Tower,White,,Tempered Glass,65.3,4
Cooler Master MasterBox NR200P V2,519.92,Mini ITX Desktop,Black,,Mesh,20.1,1
Asus Prime AP201,303.22,MicroATX Mini Tower,Black,,Tempered Glass,33.0,3
Montech AIR 903 BASE,246.98,ATX Mid Tower,White,,Tempered Glass,54.2,2
Fractal Design Ridge PCIe 4.0,563.25,Mini ITX Tower,Black,,Mesh,16.3,0
Corsair iCUE 4000D RGB AIRFLOW,649.91,ATX Mid Tower,Black,,Tempered Glass,48.6,2
Fractal Design Terra,779.9,Mini ITX Desktop,Silver / Brown,,Mesh,11.4,0
NZXT H5 Flow RGB,433.26,ATX Mid Tower,White,,Tempered Glass,47.0,1
Fractal Design Core 1000 USB 3.0,164.57,MicroATX Mid Tower,Black,,,25.8,2
SAMA IM01,242.21,MicroATX Mini Tower,Black,,,21.9,5
NZXT H510,428.88,ATX Mid Tower,Black,,Tempered Glass,41.3,2
Deepcool MACUBE 110,262.97,MicroATX Mini Tower,Black,,Tempered Glass,38.8,2
Lian Li O11 Air Mini,433.26,ATX Mid Tower,Black,,Tempered Glass,44.2,4
HYTE Y70,953.22,ATX Mid Tower,Black,,Tempered Glass,70.7,2
Deepcool CH370,259.94,MicroATX Mid Tower,White,,Tempered Glass,38.3,2
Lian Li LANCOOL 216,409.43,ATX Mid Tower,White,,Tempered Glass,55.6,2
Asus ROG Strix Helios,1321.52,ATX Full Tower,Black,,Tempered Glass,83.5,2
MSI MAG FORGE 112R,372.64,ATX Mid Tower,Black,,Tempered Glass,42.5,2
Fractal Design North,606.58,ATX Mid Tower,Black,,Mesh,45.1,2
NZXT H5 Elite,454.75,ATX Mid Tower,Black,,Tempered Glass,47.0,1
HYTE Y40,433.26,ATX Mid Tower,Black,,Tempered Glass,49.7,1
Cooler Master MasterBox Q300L,203.56,MicroATX Mini Tower,White,,Acrylic,33.6,1
Lian Li LANCOOL 205M MESH,346.55,MicroATX Mini Tower,Black,,Tempered Glass,33.8,2
Phanteks NV5,454.92,ATX Mid Tower,White,,Tempered Glass,60.2,3
Cooler Master Q300L V2,259.89,MicroATX Mini Tower,Black,,Tempered Glass,34.1,1
Corsair 2000D AIRFLOW,433.26,Mini ITX Tower,Black,,Mesh,24.8,0
Fractal Design Torrent,823.23,ATX Mid Tower,Black,,Tinted Tempered Glass,69.8,2
Cougar MX330-X,233.94,ATX Mid Tower,Black,,,39.4,2
Phanteks Enthoo Pro,433.26,ATX Full Tower,Black,,Acrylic,68.6,6
Fractal Design Focus 2,303.27,ATX Mid Tower,Black,,,45.8,2
Antec NX100,174.27,ATX Mid Tower,Black / Gray,,Acrylic,37.7,2
DIYPC F2,168.86,MicroATX Mini Tower,White,,Acrylic,,2
NZXT H7 Flow,420.26,ATX Mid Tower,White,,Tempered Glass,55.8,2
Corsair 3000D RGB AIRFLOW,433.26,ATX Mid Tower,Black,,Tempered Glass,49.5,2
Fractal Design Pop Air,303.22,ATX Mid Tower,Black,,,46.2,2
SAMA Sama-S88-BK,181.86,ATX Mid Tower,Black / Red,,Tempered Glass,37.7,2
Corsair Obsidian Series 1000D,2274.78,ATX Full Tower,Black,,Tempered Glass,149.1,5
NZXT H7 Flow,389.93,ATX Mid Tower,White / Black,,Tempered Glass,55.8,2
Cooler Master MasterBox NR200,407.26,Mini ITX Desktop,White / Black,,,,2
MUSETEX K2,476.59,ATX Mid Tower,Black,,Tempered Glass,44.4,2
Fractal Design Ridge PCIe 4.0,563.25,Mini ITX Tower,White,,Mesh,16.3,0
Corsair iCUE 7000X RGB,996.55,ATX Full Tower,Black,,Tempered Glass,81.8,6
MSI MPG GUNGNIR 110R,399.46,ATX Mid Tower,Black,,Tempered Glass,,2
Thermaltake The Tower 300,606.58,MicroATX Mini Tower,Black,,Tempered Glass,53.0,3
Cooler Master MasterBox TD500 Mesh V2,493.88,ATX Mid Tower,,,Tempered Glass,52.4,2
Montech X3 Mesh,276.88,ATX Mid Tower,White,,Tempered Glass,,2
HYTE Y60,758.23,ATX Mid Tower,White / Black,,Tempered Glass,,2
Asus TUF Gaming GT502,649.91,ATX Mid Tower,Black,,Tempered Glass,57.2,4
Lian Li LANCOOL 215,389.93,ATX Mid Tower,Black,,Tempered Glass,,2
Thermaltake Core V1,216.61,Mini ITX Desktop,Black,,,22.4,2
Corsair iCUE 5000D RGB AIRFLOW,953.22,ATX Mid Tower,Black,,Tempered Glass,66.2,2
Fractal Design Focus G,259.89,ATX Mid Tower,Black,,Acrylic,42.2,2
Antec NX200M,216.61,MicroATX Mid Tower,Black,,Tempered Glass,,2
Montech SKY TWO,402.93,ATX Mid Tower,White,,Tempered Glass,45.3,2
Corsair 6500X,866.56,ATX Mid Tower,Black,,Tempered Glass,78.3,2
Fractal Design Define R5,541.58,ATX Mid Tower,Black,,,54.2,8
Lian Li A4-H20 A4,675.9,Mini ITX Desktop,Silver / Black,,Mesh,11.1,0
Phanteks XT PRO ULTRA,303.27,ATX Mid Tower,White,,Tempered Glass,51.8,2
Fractal Design North XL,779.9,ATX Full Tower,Black,,Mesh,61.4,2
NZXT H510,433.21,ATX Mid Tower,White,,Tempered Glass,41.3,2
Fractal Design North,606.58,ATX Mid Tower,White,,Mesh,45.1,2
SAMA ARGB-Q5,231.77,MicroATX Mini Tower,White,,Tempered Glass,31.5,2
MSI MAG FORGE 100R,406.57,ATX Mid Tower,Black,,Tempered Glass,,2
NZXT H5 Elite,454.75,ATX Mid Tower,White,,Tempered Glass,47.0,1
MSI MAG PANO M100R PZ,389.93,MicroATX Mid Tower,White,,Tempered Glass,41.9,1
Corsair iCUE 4000X RGB,519.92,ATX Mid Tower,White,,Tempered Glass,48.6,2
Thermaltake Versa H18,238.27,MicroATX Mini Tower,Black,,Tempered Glass,30.4,2
Asus ProArt PA602,1169.87,ATX Mid Tower,Black,,Tempered Glass,81.4,4
Corsair 2500X,693.24,MicroATX Mini Tower,Black,,Tempered Glass,54.8,2
Montech KING 95,346.6,ATX Mid Tower,Black,,Tempered Glass,63.0,5
Deepcool CH560,384.16,ATX Mid Tower,Black,,Tempered Glass,49.6,2
NZXT H510i,446.26,ATX Mid Tower,White,,Tempered Glass,41.3,2
Thermaltake S100,303.44,MicroATX Mini Tower,Black,,Tempered Glass,,2
BitFenix Nova Mesh M ARGB,250.88,MicroATX Mini Tower,White,,Tempered Glass,31.6,2
Thermaltake Versa H17,216.61,MicroATX Mini Tower,Black,,,30.4,2
GameMax G563,225.27,ATX Mid Tower,Black,,Acrylic,37.8,2
be quiet! Pure Base 500 FX,476.2,ATX Mid Tower,Black,,Tempered Glass,48.3,2
Fractal Design Node 304,381.22,Mini ITX Tower,Black / White,,,19.5,6
DIYPC DIY-S07,203.56,ATX Mid Tower,Black,,Acrylic,27.5,2
Cooler Master MasterBox TD500 Mesh White w/ Controller,368.26,ATX Mid Tower,White,,Tempered Glass,,2
NZXT H7 Flow RGB,584.91,ATX Mid Tower,Black,,Tempered Glass,55.8,2
Asus Prime AP201,303.22,MicroATX Mini Tower,White,,Tempered Glass,33.0,3
Deepcool MACUBE 110,369.6,MicroATX Mini Tower,White,,Tempered Glass,38.8,2
Corsair 6500X,866.56,ATX Mid Tower,White,,Tempered Glass,78.3,2
Fractal Design Meshify C,433.17,ATX Mid Tower,Black,,Tempered Glass,40.6,2
Fractal Design North XL,779.9,ATX Full Tower,White,,Tempered Glass,61.4,2
HYTE Y40,441.92,ATX Mid Tower,White,,Tempered Glass,49.7,1
Lian Li LANCOOL III RGB,714.9,ATX Mid Tower,Black,,Tempered Glass,65.5,4
Fractal Design Node 804,541.58,MicroATX Mid Tower,Black,,Acrylic,41.1,10
Antec C8,476.59,ATX Mid Tower,Black,,Tempered Glass,66.9,2
SAMA SAMA-Z4,233.94,ATX Mid Tower,White / Black,,Tempered Glass,39.2,2
Corsair iCUE 5000X RGB,714.9,ATX Mid Tower,Black,,Tempered Glass,66.2,2
HYTE Y70,953.22,ATX Mid Tower,White / Black,,Tempered Glass,70.7,2
Deepcool CH560 DIGITAL,476.59,ATX Mid Tower,Black,,Tempered Glass,49.6,2
Fractal Design Pop XL Air,389.93,ATX Full Tower,White,,Tempered Glass,62.4,3
Lian Li O11 Vision Chrome,606.58,ATX Mid Tower,Black,,Tinted Tempered Glass,67.8,2
Fractal Design Pop Mini Silent,346.6,MicroATX Mid Tower,Black,,,36.5,2
Fractal Design Pop Air,389.93,ATX Mid Tower,White,,Tempered Glass,46.2,2
be quiet! Shadow Base 800 FX,736.18,ATX Mid Tower,Black,,Tempered Glass,70.9,2
Deepcool CK560,298.93,ATX Mid Tower,Black,,Tempered Glass,,2
Montech AIR 1000 PREMIUM,281.56,ATX Mid Tower,Black,,Tempered Glass,,2
DIYPC F2,173.19,MicroATX Mini Tower,Black / Orange,,Acrylic,,2
NZXT H7 Elite (2023),433.26,ATX Mid Tower,Black,,Tempered Glass,55.8,2
HYTE Y40,433.26,ATX Mid Tower,White / Black,,Tempered Glass,49.7,1
MUSETEX Y6,454.92,ATX Mid Tower,White,,Tempered Glass,40.9,2
Fractal Design Meshify 2 XL,866.56,ATX Full Tower,Black,,Tinted Tempered Glass,81.5,6
Zalman T6,216.61,ATX Mid Tower,Black,,,32.4,2
Phanteks XT View,346.6,ATX Mid Tower,Black,,Tempered Glass,50.6,2
Deepcool MATREXX 50 ADD-RGB 4F,317.44,ATX Mid Tower,Black,,Tempered Glass,44.5,2
Cooler Master MasterBox NR200P V2,502.58,Mini ITX Desktop,White,,Mesh,20.1,1
Fractal Design Meshify C,346.55,ATX Mid Tower,White / Black,,Tempered Glass,40.6,2
Lian Li LANCOOL 205M MESH,389.93,MicroATX Mini Tower,White,,Tempered Glass,33.8,2
Antec NX410,290.27,ATX Mid Tower,Black,,Tempered Glass,39.7,2
Apex DM-387,376.88,HTPC,Black,275.0,,12.8,1
be quiet! Pure Base 500,302.88,ATX Mid Tower,Black,,,46.0,2
Lian Li LANCOOL III,649.91,ATX Mid Tower,Black,,Tempered Glass,65.5,4
Cooler Master N200,259.94,MicroATX Mini Tower,Black,,,33.8,3
NZXT H510 Elite,736.57,ATX Mid Tower,White / Black,,Tempered Glass,41.3,2
Corsair iCUE 4000D RGB AIRFLOW,649.91,ATX Mid Tower,White,,Tempered Glass,48.6,2
MSI MAG PANO M100R PZ,472.3,MicroATX Mid Tower,Black,,Tempered Glass,41.9,1
Antec C8,541.58,ATX Mid Tower,White,,Tempered Glass,66.9,2
Thermaltake The Tower 100,389.93,Mini ITX Tower,Black,,Tempered Glass,32.7,2
Lian Li LANCOOL 205 Mesh C,541.58,ATX Mid Tower,Pink,,Tempered Glass,41.3,2
Corsair 2500X,693.24,MicroATX Mini Tower,White,,Tempered Glass,54.8,2
DIYPC ARGB Q10,324.89,ATX Mid Tower,Black,,Tempered Glass,50.4,1
Fractal Design Torrent,823.23,ATX Mid Tower,Black,,,69.8,2
Antec AX61 ELITE,259.94,ATX Mid Tower,Black,,Tempered Glass,36.4,2
Fractal Design Focus 2,303.27,ATX Mid Tower,Black,,Tempered Glass,45.8,2
Thermaltake The Tower 300,649.91,MicroATX Mini Tower,White,,Tempered Glass,53.0,3
Phanteks Enthoo Elite,3899.66,ATX Full Tower,Black,,Tinted Tempered Glass,124.5,6
HYTE Y70 Touch,1559.84,ATX Mid Tower,Black / White,,Tempered Glass,70.7,2
Lian Li O11 Air Mini,476.59,ATX Mid Tower,White,,Tempered Glass,44.2,4
Lian Li PC-O11 Dynamic Razer,1260.04,ATX Full Tower,Black,,Tempered Glass,54.0,3
Phanteks NV7,823.23,ATX Full Tower,Black,,Tempered Glass,78.9,2
Fractal Design Meshify 2,693.24,ATX Mid Tower,Black,,Tinted Tempered Glass,61.7,6
Fractal Design Define 7,779.33,ATX Mid Tower,Black,,,62.4,6
GameMax Infinity,268.26,ATX Mid Tower,White,,Tempered Glass,45.7,1
Phanteks ECLIPSE G500A DRGB,519.92,ATX Mid Tower,Black,,Tempered Glass,61.8,2
ZZEW A1 Plus,476.59,Mini ITX Tower,Silver,,Mesh,5.8,0
Thermaltake S200 TG ARGB,346.55,ATX Mid Tower,Black,,Tempered Glass,38.2,2
In Win Chopin MAX,647.39,Mini ITX Desktop,Gray,200.0,Mesh,4.4,0
Cooler Master HAF 700 EVO,2058.13,ATX Full Tower,Gray / Black,,Tempered Glass,,12
Corsair 4000D Airflow,628.2,ATX Mid Tower,Black,850.0,Tempered Glass,48.6,2
Fractal Design Define 7 XL,974.88,ATX Full Tower,Black,,,82.0,6
Lian Li Lancool II Mesh,857.93,ATX Mid Tower,Black,,Tempered Glass,54.1,3
Phanteks NV7,866.56,ATX Full Tower,White,,Tempered Glass,78.9,2
Corsair 2500D Airflow,693.24,MicroATX Mini Tower,Black,,Tempered Glass,54.8,2
Phanteks Enthoo Pro 2,606.58,ATX Full Tower,Black,,Tempered Glass,,12
Thermaltake Core V21,281.56,MicroATX Mini Tower,Black,,Acrylic,45.6,3
MSI MPG VELOX 100R,515.63,ATX Mid Tower,Black,,Tempered Glass,53.7,2
MSI MAG FORGE 100M,567.62,ATX Mid Tower,Black,,Tempered Glass,44.1,2
NZXT H7 Elite (2023),433.26,ATX Mid Tower,White,,Tempered Glass,55.8,2
Zalman S3,229.61,ATX Mid Tower,Black,,Acrylic,38.4,2
Corsair iCUE 5000D RGB AIRFLOW,953.22,ATX Mid Tower,White,,Tempered Glass,66.2,2
DIYPC S3-BK-ARGB,233.9,ATX Mid Tower,Black,,Tempered Glass,36.8,2
GameMax M60,212.27,MicroATX Mid Tower,White,,Mesh,29.4,2
Deepcool CC360 ARGB,259.89,MicroATX Mini Tower,White,,Tinted Tempered Glass,38.7,2
Phanteks NV9,1083.21,ATX Full Tower,Black,,Tempered Glass,99.0,3
Asus TUF Gaming GT301,389.93,ATX Mid Tower,Black,,Tempered Glass,43.9,2
Fractal Design Meshify 2 Mini,822.32,MicroATX Mid Tower,Black,,Tinted Tempered Glass,33.0,2
Asus TUF Gaming GT501,707.93,ATX Mid Tower,Black / Gray,,Tempered Glass,75.5,4
Antec DF700 FLUX,389.93,ATX Mid Tower,Black,,Tempered Glass,49.9,3
Fractal Design Meshify 2 Compact TG Light Tint,541.58,ATX Mid Tower,Black,,Tempered Glass,42.3,2
Thermaltake Versa H18,259.94,MicroATX Mini Tower,Black,,Acrylic,30.4,2
Corsair 3000D AIRFLOW,281.6,ATX Mid Tower,White,,Tempered Glass,49.5,2
Deepcool CH360,362.02,MicroATX Mid Tower,Black,,Tempered Glass,39.7,2
Thermaltake The Tower 200,433.26,Mini ITX Tower,Black,,Tempered Glass,45.1,2
Fractal Design Torrent RGB,996.55,ATX Mid Tower,Black,,Tinted Tempered Glass,69.8,2
Phanteks XT View,346.6,ATX Mid Tower,White,,Tempered Glass,50.6,2
Corsair 2000D RGB AIRFLOW,498.25,Mini ITX Tower,Black,,Mesh,24.8,0
Fractal Design Meshify C,303.27,ATX Mid Tower,Black,,,40.6,2
BGears b-Masstige,186.28,MicroATX Mini Tower,Black,,Tempered Glass,28.2,2
NZXT H7 Flow RGB,584.91,ATX Mid Tower,White,,Tempered Glass,55.8,2
Cooler Master MasterBox TD500 Mesh w/ Controller,368.26,ATX Mid Tower,Black,,Tempered Glass,,2
Corsair 6500D Airflow,866.56,ATX Mid Tower,Black,,Tempered Glass,78.3,2
GameMax M60,186.15,MicroATX Mid Tower,Black,,Mesh,29.4,2
HYTE Y70 Touch,1559.84,ATX Mid Tower,Black / Red,,Tempered Glass,70.7,2
Thermaltake Core V1,216.61,Mini ITX Desktop,White,,Acrylic,22.4,2
Cooler Master QUBE 500 Flatpack,441.92,ATX Mid Tower,Black,,Tempered Glass,38.9,4
GameMax Infinity,277.05,ATX Mid Tower,Black,,Tempered Glass,45.7,1
Phanteks EVOLV SHIFT XT,476.59,Mini ITX Desktop,Silver / Black,,Tempered Glass,17.5,0
Corsair iCUE 7000X RGB,996.55,ATX Full Tower,White,,Tempered Glass,81.8,6
Antec Performance 1 FT,576.25,ATX Full Tower,Black,,Tempered Glass,62.7,2
Jonsbo N3,727.94,Mini ITX Desktop,Black,,,18.2,8
Montech KING 95,389.93,ATX Mid Tower,White,,Tempered Glass,63.0,5
Thermaltake Core W200,2195.79,ATX Full Tower,Black,,Acrylic,,4
Corsair 2000D AIRFLOW,454.92,Mini ITX Tower,White,,Mesh,24.8,0
Corsair 3000D RGB AIRFLOW,389.93,ATX Mid Tower,White,,Tempered Glass,49.5,2
BitFenix Nova Mesh SE,281.21,ATX Mid Tower,Black,,Tempered Glass,36.1,2
Fractal Design Torrent Nano,390.4,Mini ITX Tower,White / Black,,Tempered Glass,34.6,1
Cooler Master TD300 Mesh,411.59,MicroATX Mini Tower,Black,,Tempered Glass,,2
GAMDIAS TALOS E3 MESH,236.32,ATX Mid Tower,White,,Tempered Glass,34.1,2
HYTE REVOLT 3,866.56,Mini ITX Tower,Black,700.0,Mesh,,1
Phanteks Enthoo Pro 2,563.25,ATX Full Tower,Black,,,,12
Fractal Design Core 1100,229.56,MicroATX Mini Tower,Black,,,47.9,2
Corsair iCUE 220T RGB Airflow,504.23,ATX Mid Tower,Black,,Tempered Glass,37.3,2
Lian Li O11D XL-X,866.56,ATX Full Tower,Black,,Tempered Glass,68.9,4
BGears b-Pellucid,259.94,MicroATX Mini Tower,Black,,Tinted Tempered Glass,36.6,1
GameMax Edge,207.94,ATX Mid Tower,Black,,Tempered Glass,34.2,2
Lian Li LANCOOL III RGB,658.57,ATX Mid Tower,White,,Tempered Glass,65.5,4
Jonsbo D31 MESH,443.4,MicroATX Mini Tower,Black,,Tempered Glass,31.3,1
Fractal Design North XL,779.9,ATX Full Tower,White,,Mesh,61.4,2
SSUPD Meshroom S w/PCIe 4.0 Riser,649.91,ATX Mini Tower,Gray,,Mesh,14.9,0
be quiet! Pure Base 500DX,411.2,ATX Mid Tower,White,,Tempered Glass,48.3,2
Jonsbo C6,238.32,MicroATX Mini Tower,Black,,Mesh,15.9,1
Montech AIR 1000 PREMIUM,303.22,ATX Mid Tower,White,,Tempered Glass,,2
Phanteks Enthoo Pro Tempered Glass,480.92,ATX Full Tower,Black,,Tinted Tempered Glass,69.1,6
Thermaltake S100 Snow Edition,309.25,MicroATX Mini Tower,White / Black,,Tempered Glass,,2
Lian Li LANCOOL 205 Mesh C,411.59,ATX Mid Tower,Black,,Tempered Glass,41.3,2
Cooler Master N400,324.93,ATX Mid Tower,Black,,,40.2,7
Thermaltake Versa H15,262.06,MicroATX Mid Tower,Black,,,,3
Corsair iCUE 5000T RGB,1516.51,ATX Mid Tower,Black,,Tempered Glass,74.5,2
Thermaltake V250 TG ARGB Air,342.22,ATX Mid Tower,Black,,Tempered Glass,44.4,2
Antec AX20,402.06,ATX Mid Tower,Black,,Tempered Glass,33.4,2
GameMax Vista M,233.72,MicroATX Mini Tower,Black,,Tempered Glass,40.9,2
Antec NX410,290.27,ATX Mid Tower,White,,Tempered Glass,39.7,2
be quiet! Silent Base 802,649.52,ATX Mid Tower,Black,,Tempered Glass,83.8,3
MSI MPG GUNGNIR 300R AIRFLOW,736.57,ATX Mid Tower,Black,,Tempered Glass,60.5,2
MagniumGear Neo Air 2,259.94,ATX Mid Tower,Black / Brown,,Tempered Glass,41.9,2
Fractal Design Core 2300,333.55,ATX Mid Tower,Black,,,37.8,3
Jonsbo D31 MESH,389.93,MicroATX Mini Tower,White,,Tempered Glass,31.3,1
Deepcool CG560,554.58,ATX Mid Tower,Black,,Tempered Glass,48.9,2
Cooler Master MasterBox NR600 (w/o ODD),389.93,ATX Mid Tower,Black,,Tempered Glass,47.3,4
MSI MAG VAMPIRIC 100R,321.77,ATX Mid Tower,Black,,Tempered Glass,36.5,2
MUSETEX NN8,389.93,ATX Mid Tower,Black,,Tempered Glass,39.5,2
Thermaltake Ceres 300 TG ARGB,389.93,ATX Mid Tower,Black,,Tempered Glass,53.9,1
DIYPC Silence,268.56,ATX Mid Tower,Black,,Acrylic,,2
Corsair 275R Airflow,855.81,ATX Mid Tower,Black,,Tempered Glass,,2
Fractal Design Pop XL Silent,433.26,ATX Full Tower,Black,,,62.4,3
Lian Li Lancool II Mesh C RGB,454.53,ATX Mid Tower,White,,Tempered Glass,54.1,3
Fractal Design Meshify 2,649.91,ATX Mid Tower,Black,,,61.7,6
Fractal Design Focus G,268.56,ATX Mid Tower,White,,Acrylic,42.2,2
GAMDIAS AURA GC1,238.27,ATX Mid Tower,Black,,Tempered Glass,31.1,2
Fractal Design Pop Silent,346.6,ATX Mid Tower,Black,,,46.2,2
Fractal Design Focus 2 RGB,389.88,ATX Mid Tower,Black,,Tempered Glass,45.8,2
Fractal Design Torrent Compact RGB,736.57,ATX Mid Tower,Black,,Tinted Tempered Glass,46.7,1
Corsair 5000D AIRFLOW,758.23,ATX Mid Tower,White / Gray,,Tempered Glass,66.2,2
Lian Li V3000 PLUS,2166.46,ATX Full Tower,Black,,Tempered Glass,127.6,8
teenage engineering Computer-1,428.97,Mini ITX Desktop,Orange / Silver,,,10.4,0
Jonsbo Jonsplus Z20,459.3,MicroATX Desktop,Black,,Tempered Glass,25.3,1
SSUPD Meshroom S w/PCIe 4.0 Riser,1214.11,ATX Mini Tower,Black,,Mesh,14.9,0
Fractal Design Torrent Compact,1134.94,ATX Mid Tower,Black,,,46.7,1
HYTE Y70,909.89,ATX Mid Tower,Black / Red,,Tempered Glass,70.7,2
Fractal Design Focus G,259.94,ATX Mid Tower,Black / Blue,,Acrylic,42.2,2
Lian Li LANCOOL II-W,324.93,ATX Mid Tower,White / Black,,Tempered Glass,,3
Cooler Master MasterBox MB311L ARGB,322.2,MicroATX Mid Tower,Black,,Tempered Glass,,2
Silverstone SG13 V2,281.56,Mini ITX Tower,Black,,,11.5,1
Thermaltake View 270,303.27,ATX Mid Tower,Black,,Tempered Glass,47.6,2
Corsair 7000D AIRFLOW,823.23,ATX Full Tower,White / Black,,Tempered Glass,81.8,6
Deepcool CC560 ARGB,778.64,ATX Mid Tower,Black,,Tempered Glass,41.7,2
Fractal Design Torrent Nano RGB,796.1,Mini ITX Tower,Black,,Tinted Tempered Glass,34.6,1
Corsair 4000D Airflow,671.53,ATX Mid Tower,White,850.0,Tempered Glass,48.6,2
Cooler Master MasterBox MB600L V2 w/ODD,226.96,ATX Mid Tower,Black,,,42.7,2
Thermaltake View 270,303.27,ATX Mid Tower,White,,Tempered Glass,47.6,2
Fractal Design Meshify 2 Compact,759.31,ATX Mid Tower,Black,,,42.3,2
MagniumGear NEO QUBE 2,303.27,ATX Mid Tower,White,,Tempered Glass,101.1,2
Jonsbo N2,658.62,Mini ITX Desktop,Black,,,11.1,5
Fractal Design Torrent,823.23,ATX Mid Tower,White,,Tempered Glass,69.8,2
Cooler Master HAF 500,368.26,ATX Mid Tower,Black,,Tempered Glass,,2
HYTE Y60,779.9,ATX Mid Tower,Red / Black,,Tempered Glass,,2
Antec NX200M,238.27,MicroATX Mid Tower,White,,Tempered Glass,,2
Lian Li O11D XL-W,1682.2,ATX Full Tower,White / Black,,Tempered Glass,68.9,4
GameMax Spark,255.6,MicroATX Mid Tower,Black,,Tempered Glass,26.5,1
Thermaltake S200 TG ARGB,346.55,ATX Mid Tower,White,,Tempered Glass,38.2,2
be quiet! Pure Base 600,389.54,ATX Mid Tower,Black,,,50.9,3
Phanteks NV9,1039.88,ATX Full Tower,White,,Tempered Glass,99.0,3
Cooler Master QUBE 500 Flatpack,311.93,ATX Mid Tower,White,,Tempered Glass,38.9,4
Fractal Design Focus 2 RGB,346.6,ATX Mid Tower,White / Black,,Tempered Glass,45.8,2
Phanteks Enthoo Pro,433.26,ATX Full Tower,Black,,,68.6,6
HYTE REVOLT 3,563.25,Mini ITX Tower,Black,,Mesh,,1
Asus TUF Gaming GT502,671.57,ATX Mid Tower,White,,Tempered Glass,57.2,4
Cougar MX330,242.65,ATX Mid Tower,Black,,Acrylic,39.4,2
Fractal Design Meshify 2,519.87,ATX Mid Tower,Black,,Tinted Tempered Glass,61.7,6
Thermaltake Tower 900 Snow Edition,1018.17,ATX Full Tower,White,,Tempered Glass,153.6,6
MUSETEX â€ŽTW8-S6 Mesh,346.55,ATX Mid Tower,Black,,Tempered Glass,39.5,2
Corsair iCUE LINK 6500X RGB,1169.87,ATX Mid Tower,Black,,Tempered Glass,78.3,2
GAMDIAS NESO P1,649.91,ATX Full Tower,Black,,Tempered Glass,75.2,5
Fractal Design Focus G Mini,268.56,MicroATX Mini Tower,Black,,Acrylic,36.4,2
Thermaltake V100 Perforated,216.61,ATX Mid Tower,Black,,,36.6,2
Lian Li TU150,688.38,Mini ITX Desktop,Black,,Tempered Glass,23.8,1
Fractal Design Define 7 XL Dark,1018.21,ATX Full Tower,Black,,Tinted Tempered Glass,82.0,6
Asus A21,484.47,MicroATX Mini Tower,Black,,Tempered Glass,44.0,2
Zalman S5,303.22,ATX Mid Tower,White / Black,,Tempered Glass,,2
Thermaltake View 200 TG ARGB,346.55,ATX Mid Tower,Black,,Tempered Glass,38.2,2
Deepcool CH560,389.93,ATX Mid Tower,White,,Tempered Glass,49.6,2
Corsair 2500D Airflow,693.24,MicroATX Mini Tower,White,,Tempered Glass,54.8,2
Fractal Design Pop Air,389.93,ATX Mid Tower,Orange / Black,,Tempered Glass,46.2,2
Fractal Design Pop Air,389.93,ATX Mid Tower,Cyan / Black,,Tempered Glass,46.2,2
Antec NX500M,238.27,MicroATX Mini Tower,Black,,Tempered Glass,34.6,2
Thermaltake Versa H21,259.89,ATX Mid Tower,Black,,,42.8,3
Fractal Design Define 7 Compact,498.25,ATX Mid Tower,Black,,,42.5,2
Corsair iCUE 5000X RGB QL Edition,1299.86,ATX Mid Tower,White,,Tempered Glass,66.2,2
be quiet! Silent Base 802,692.85,ATX Mid Tower,Black,,,83.8,3
Cougar Archon 2 Mesh RGB,290.22,ATX Mid Tower,Black,,Tempered Glass,37.5,2
GameMax Nova N5,199.19,ATX Mid Tower,Black,,Tempered Glass,37.6,2
Antec P101 Silent,433.26,ATX Mid Tower,Black,,,,8
GameMax Vista A,346.55,ATX Mid Tower,White,,Tempered Glass,44.1,2
Jonsbo N1,649.95,Mini ITX Desktop,Silver,,,12.7,5
Lian Li V3000 PLUS White GGF Edition,2060.12,ATX Full Tower,White,,Tempered Glass,127.6,8
SAMA AR01-RGB,376.71,MicroATX Mini Tower,White,,Tempered Glass,46.2,2
Cougar MX360 RGB,309.98,ATX Mid Tower,Black,,Tempered Glass,36.5,2
DIYPC Rainbow-Flash-F4,233.85,ATX Mid Tower,Pink,,Tempered Glass,33.2,2
Deepcool CH360 DIGITAL,389.93,MicroATX Mid Tower,Black,,Tempered Glass,39.7,2
Fractal Design Meshify C Mini,672.91,MicroATX Mini Tower,Black,,Tinted Tempered Glass,36.6,2
Asus GX601,1317.19,ATX Full Tower,White / Black,,Tempered Glass,83.5,2
Fractal Design Pop Air,433.21,ATX Mid Tower,Pink / Black,,Tempered Glass,46.2,2
Thermaltake The Tower 500,649.91,ATX Mid Tower,Black,,Tempered Glass,93.9,8
Corsair iCUE 220T RGB Airflow,507.05,ATX Mid Tower,White,,Tempered Glass,37.3,2
be quiet! Shadow Base 800,476.59,ATX Mid Tower,Black,,Tempered Glass,70.9,2
Antec P20C,324.93,ATX Mid Tower,Black,,Tempered Glass,50.6,2
Apevia PRISM,346.55,MicroATX Mid Tower,Pink,,Tempered Glass,35.4,2
Jonsbo D30,433.26,MicroATX Mini Tower,Black,,Tempered Glass,26.6,1
be quiet! Pure Base 500,346.21,ATX Mid Tower,Black,,Tempered Glass,46.0,2
Montech SKY TWO GX,385.64,ATX Mid Tower,Black,,Tempered Glass,49.5,2
Jonsbo TK-1,693.28,MicroATX Mini Tower,Black,,Tempered Glass,32.0,2
DIYPC F2,173.19,MicroATX Mini Tower,Black / Purple,,Acrylic,,2
Cooler Master MasterBox TD500 Mesh V2,411.59,ATX Mid Tower,White,,Tempered Glass,52.4,2
Lian Li LANCOOL III,584.91,ATX Mid Tower,White,,Tempered Glass,65.5,4
Fractal Design Focus G,251.27,ATX Mid Tower,Black / Red,,Acrylic,42.2,2
Deepcool CH780,563.25,ATX Full Tower,Black,,Tempered Glass,72.7,2
Fractal Design Meshify 2 RGB,758.23,ATX Mid Tower,Black,,Tempered Glass,61.7,6
MSI MAG VAMPIRIC 010,731.84,ATX Mid Tower,Black,,Tempered Glass,41.9,2
Deepcool CH560 DIGITAL,498.25,ATX Mid Tower,White,,Tempered Glass,49.6,2
Lian Li Lancool II Mesh C Performance,772.83,ATX Mid Tower,Black,,Tempered Glass,54.1,3
MSI MPG GUNGNIR 120R,389.93,ATX Mid Tower,Black,,Tempered Glass,45.5,2
Silverstone SG13,304.57,Mini ITX Tower,Black,,,11.5,1
Zalman Z1 Iceberg,259.94,MicroATX Mid Tower,Black,,Tempered Glass,38.5,2
Silverstone SG05-LITE,300.93,Mini ITX Desktop,Black,,,10.7,1
Fractal Design Pop Air,433.21,ATX Mid Tower,White,,Tempered Glass,46.2,2
Corsair Crystal Series 680X RGB,1096.21,ATX Mid Tower,Black,,Tempered Glass,73.5,3
Lian Li LANCOOL 205 Mesh C,441.92,ATX Mid Tower,White,,Tempered Glass,41.3,2
Jonsbo D41 Mesh,450.63,ATX Mid Tower,Black,,Tempered Glass,35.4,2
Thermaltake V250 TG ARGB,337.89,ATX Mid Tower,Black,,Tempered Glass,,2
Jonsbo D30,433.26,MicroATX Mini Tower,White,,Tempered Glass,26.6,1
Fractal Design Define 7 Mini,476.59,MicroATX Mini Tower,Black,,,33.2,2
HYTE Y40,558.96,ATX Mid Tower,Red / Black,,Tempered Glass,49.7,1
Fractal Design Torrent Nano,642.32,Mini ITX Tower,Black,,,34.6,1
Thermaltake Core P3 TG Pro,541.58,ATX Mid Tower,,,Tempered Glass,71.7,4
Corsair 4000D,411.59,ATX Mid Tower,Black,,Tempered Glass,48.6,2
SAMA AR01-RGB,389.88,MicroATX Mini Tower,Black,,Tempered Glass,46.2,2
Jonsbo TK-1,693.28,MicroATX Mini Tower,White,,Tempered Glass,32.0,2
In Win CE685.FH300TB3,513.94,MicroATX Slim,Black,300.0,,11.8,1
Silverstone GD09B,508.69,HTPC,Black,,,26.5,2
Apevia Prism Elite,485.25,ATX Mid Tower,Pink,,Tempered Glass,47.9,2
Vetroo AL-MESH-7C,303.22,ATX Mid Tower,White,,Tempered Glass,40.9,2
Phanteks Eclipse P600S,519.92,ATX Mid Tower,Black,,Tinted Tempered Glass,,4
Montech KING 95 PRO,732.28,ATX Mid Tower,Blue / Black,,Tempered Glass,63.0,5
GameMax Nova N6,207.59,ATX Mid Tower,Black,,Tempered Glass,37.6,2
iBuypower Snowblind S,862.27,ATX Mid Tower,White,,Tempered Glass,43.0,2
Thermaltake View 200 TG ARGB,277.27,ATX Mid Tower,White,,Tempered Glass,38.2,2
Phanteks Enthoo Pro 2 Server Edition,628.24,ATX Full Tower,Black,,,78.0,4
Corsair iCUE 5000X RGB,714.9,ATX Mid Tower,White / Gray,,Tempered Glass,66.2,2
Cougar MX331 MESH-X,194.94,ATX Mid Tower,Black,,,43.5,2
ADATA XPG INVADER X,732.28,ATX Mid Tower,Black,,Tempered Glass,52.1,3
Zalman i4,303.22,ATX Mid Tower,Black,,Mesh,43.1,2
Silverstone FARA H1M,299.8,MicroATX Mini Tower,Black,,Tempered Glass,30.1,2
Cooler Master TD300 Mesh,359.64,MicroATX Mini Tower,White / Black,,Tempered Glass,,2
Phanteks ECLIPSE G500A DRGB,476.59,ATX Mid Tower,White,,Tempered Glass,61.8,2
Fractal Design Meshify 2 Nano,1356.79,Mini ITX Tower,Black,,Tempered Glass,29.3,1
MSI MEG PROSPECT 700R,1343.19,ATX Mid Tower,Black,,Tempered Glass,80.7,2
MSI MPG GUNGNIR 110R,428.97,ATX Mid Tower,White,,Tempered Glass,,2
Thermaltake Tower 900,1321.48,ATX Full Tower,Black,,Tempered Glass,153.6,6
Corsair iCUE LINK 6500X RGB,1169.87,ATX Mid Tower,White,,Tempered Glass,78.3,2
Cooler Master MasterCase H500 ARGB,602.24,ATX Mid Tower,Black,,Tempered Glass,,2
GAMDIAS APOLLO E2 ELITE,303.22,ATX Mid Tower,Black,,Tempered Glass,,2
Zalman S2,238.27,ATX Mid Tower,Black,,Tempered Glass,38.4,2
MSI MEG MAESTRO 700L PZ,1650.87,ATX Mid Tower,Black,,Tempered Glass,66.8,0
Fractal Design Focus G,268.56,ATX Mid Tower,Black / Gray,,Acrylic,42.2,2
HYTE REVOLT 3,563.25,Mini ITX Tower,White,,Mesh,,1
NZXT H7 Elite (2022),866.56,ATX Mid Tower,,,Tempered Glass,55.8,2
Jonsbo C6 Handle,272.94,MicroATX Mini Tower,Black,,Mesh,15.9,1
Deepcool MORPHEUS,693.24,ATX Full Tower,Black,,Tempered Glass,72.7,2
Phanteks ECLIPSE G500A DRGB (Fanless),476.59,ATX Mid Tower,Black,,Tempered Glass,61.8,2
Deepcool CH780,563.25,ATX Full Tower,White,,Tempered Glass,72.7,2
Zalman S4,238.27,ATX Mid Tower,Black,,Tinted Acrylic,,2
APNX Creator C1,649.52,ATX Mid Tower,Black,,Tempered Glass,53.6,3
Phanteks ECLIPSE G500A Performance,519.92,ATX Mid Tower,Black,,Tempered Glass,61.8,2
Razer Tomahawk Mini-ITX,597.91,Mini ITX Tower,Black / Green,,Tinted Tempered Glass,,0
be quiet! Dark Base 701,866.17,ATX Mid Tower,Black,,Tempered Glass,73.6,2
Jonsbo Jonsplus Z20,433.26,MicroATX Desktop,White,,Tempered Glass,25.3,1
Phanteks Enthoo Pro 2 Server Edition,736.57,ATX Full Tower,Black,,Tempered Glass,78.0,4
Asus ROG Z11,600.03,Mini ITX Tower,Black,,Tinted Tempered Glass,,1
be quiet! Pure Base 500,346.21,ATX Mid Tower,White,,,46.0,2
Lian Li LANCOOL 215,433.26,ATX Mid Tower,White,,Tempered Glass,,2
Fractal Design Pop XL Silent,564.76,ATX Full Tower,Black,,Tempered Glass,62.4,3
Silverstone MILO 11,316.22,MicroATX Desktop,Black / Silver,,,10.3,1
Corsair 6500D Airflow,866.56,ATX Mid Tower,White,,Tempered Glass,78.3,2
Deepcool MATREXX 50,374.93,ATX Mid Tower,Black,,Tempered Glass,44.5,2
Fractal Design Pop Mini Silent,514.15,MicroATX Mid Tower,Black,,Tempered Glass,36.5,2
Cooler Master HAF 700,1252.15,ATX Full Tower,Black,,Tempered Glass,83.6,9
YEYIAN Hussar,604.97,MicroATX Mini Tower,Black,,Tempered Glass,26.6,1
Asus TUF Gaming GT501,671.57,ATX Mid Tower,White / Black,,Tempered Glass,75.5,4
Corsair 2000D RGB AIRFLOW,606.58,Mini ITX Tower,White,,Mesh,24.8,0
Lian Li TU150,661.82,Mini ITX Desktop,Silver,,Tempered Glass,23.8,1
NZXT H7,433.26,ATX Mid Tower,White,,Tempered Glass,55.8,2
Fractal Design Meshify 2 XL,888.22,ATX Full Tower,Black,,Tinted Tempered Glass,81.5,6
Montech KING 95 PRO,732.28,ATX Mid Tower,Red / Black,,Tempered Glass,63.0,5
Fractal Design Torrent RGB,996.55,ATX Mid Tower,White,,Tempered Glass,69.8,2
Cooler Master Cosmos C700M,2383.11,ATX Full Tower,Silver / Black,,Tempered Glass,,4
Cooler Master MasterCase H500M,953.04,ATX Mid Tower,Black,,Tempered Glass,73.7,2
Montech SKY TWO,472.3,ATX Mid Tower,Blue,,Tempered Glass,45.3,2
Phanteks Evolv X,736.57,ATX Mid Tower,Black,,Tinted Tempered Glass,64.9,4
Gigabyte C200 Glass,294.56,ATX Mid Tower,Black,,Tempered Glass,43.8,2
Antec Dark Phantom DP301M,281.56,MicroATX Mid Tower,Black,,Acrylic,,2
Zalman S3,238.27,ATX Mid Tower,Black,,Tempered Glass,38.4,2
Gigabyte C301 GLASS,411.59,ATX Mid Tower,Black,,Tempered Glass,50.6,2
Apevia Guardian-M,259.94,ATX Mid Tower,Black,,Tempered Glass,39.5,2
Lian Li Lancool II Mesh C RGB,549.08,ATX Mid Tower,Black,,Tempered Glass,54.1,3
Silverstone GD11,732.23,HTPC,Black,,,30.9,3
Silverstone SUGO 14,945.29,Mini ITX Desktop,Black / Yellow,,,19.5,0
Thermaltake The Tower 100 Snow,433.26,Mini ITX Tower,White,,Tempered Glass,32.7,2
Fractal Design Meshify 2 Nano,389.93,Mini ITX Tower,White,,Tempered Glass,29.3,1
MSI MPG VELOX 100R,602.29,ATX Mid Tower,White,,Tempered Glass,53.7,2
Cooler Master MasterBox 520 Mesh,692.24,ATX Mid Tower,Black / White,,Tempered Glass,52.5,2
Corsair 5000D CORE AIRFLOW,590.11,ATX Mid Tower,White,,Tempered Glass,66.2,2
MSI MPG GUNGNIR 111R,1023.45,ATX Mid Tower,Black,,Tempered Glass,44.4,2
Cougar Duoface Pro RGB,433.26,ATX Mid Tower,Black,,Tempered Glass,55.4,2
SaharaGaming M808W,832.41,MicroATX Mid Tower,White,,Tempered Glass,41.9,2
Corsair iCUE 5000T RGB,1728.87,ATX Mid Tower,White / Gray,,Tempered Glass,74.5,2
Corsair Crystal 280X RGB,801.56,MicroATX Mid Tower,White,,Tempered Glass,,2
Jonsbo D300,589.29,MicroATX Mid Tower,Black,,Tempered Glass,45.8,2
Fractal Design Meshify 2 Mini,776.26,MicroATX Mid Tower,White / Black,,Tempered Glass,33.0,2
Azza Spectra,242.6,ATX Mid Tower,Black,,Tempered Glass,33.4,2
Fractal Design Torrent Nano,960.11,Mini ITX Tower,Black,,Tinted Tempered Glass,34.6,1
Thermaltake View 71 TG RGB,831.89,ATX Full Tower,Black,,Acrylic,,7
NZXT H7 Elite (2022),866.56,ATX Mid Tower,,,Tempered Glass,55.8,2
Thermaltake Ceres 300 TG ARGB,827.56,ATX Mid Tower,Green,,Tempered Glass,53.9,1
Cooler Master N300,646.22,ATX Mid Tower,Black,,Acrylic,39.5,7
Fractal Design Meshify 2,791.64,ATX Mid Tower,White / Black,,Tempered Glass,61.7,6
Fractal Design Define Mini C TG,590.85,MicroATX Mid Tower,Black,,Tempered Glass,36.9,2
be quiet! Pure Base 600,389.54,ATX Mid Tower,Black / Orange,,Tempered Glass,50.9,3
Deepcool CH510 MESH DIGITAL,476.59,ATX Mid Tower,Black,,Tempered Glass,49.2,2
Deepcool MATREXX 55 V3 ADD-RGB 3F,507.44,ATX Mid Tower,Black,,Tempered Glass,,2
be quiet! Shadow Base 800 FX,779.51,ATX Mid Tower,White,,Tempered Glass,70.9,2
Aerocool Bolt,463.63,ATX Mid Tower,Black,,Acrylic,35.3,2
Cooler Master QUBE 500 Flatpack Macaron Edition,363.93,ATX Mid Tower,Multicolor,,Tempered Glass,38.9,4
BGears b-Voguish,242.6,ATX Mid Tower,Black,,Tempered Glass,,2
be quiet! Shadow Base 800 DX,606.19,ATX Mid Tower,Black,,Tempered Glass,70.9,2
Antec DF600 FLUX,368.26,ATX Mid Tower,Black,,Tempered Glass,,3
Antec VSK4000E U3,311.98,ATX Mid Tower,Black,,,,5
Fractal Design Torrent Compact,773.31,ATX Mid Tower,Black,,Tinted Tempered Glass,46.7,1
Silverstone Sugo 16,372.59,Mini ITX Tower,Black,,,13.0,1
Cooler Master HAF 500,368.26,ATX Mid Tower,White,,Tempered Glass,,2
Thermaltake Level 20,3271.24,ATX Full Tower,Black / Silver,,Tempered Glass,141.0,8
In Win CJ712,410.51,MicroATX Desktop,Black,265.0,,8.0,1
Thermaltake The Tower 500,554.58,ATX Mid Tower,White,,Tempered Glass,93.9,8
Fractal Design Define 7 XL Light,1876.02,ATX Full Tower,Black,,Tempered Glass,82.0,6
GameMax Typhoon COC,238.23,ATX Mid Tower,Black,,Tempered Glass,40.7,2
Corsair 5000D CORE AIRFLOW,606.58,ATX Mid Tower,Black,,Tinted Tempered Glass,66.2,2
BitFenix FLOW,302.88,ATX Mid Tower,Black,,Tempered Glass,42.3,2
Fractal Design Meshify 2 Compact TG Dark Tint,643.45,ATX Mid Tower,Black,,Tinted Tempered Glass,42.3,2
Cooler Master MasterBox MB320L ARGB,364.54,MicroATX Mini Tower,Black,,Tempered Glass,38.8,2
Antec AX90,324.93,ATX Mid Tower,Black,,Tempered Glass,48.3,2
Gigabyte AORUS C500 GLASS,1018.21,ATX Mid Tower,Black,,Tempered Glass,116.6,2
DIYPC ARGB-Q01,277.23,MicroATX Mini Tower,Black,,Tempered Glass,40.0,2
Phanteks Eclipse P400A Digital,660.52,ATX Mid Tower,White,,Tempered Glass,45.9,2
Cougar Archon 2 Mesh RGB,294.56,ATX Mid Tower,White,,Tempered Glass,37.5,2
be quiet! Dark Base 700,1516.55,ATX Mid Tower,Black,,Tempered Glass,,7
GameMax Spark,246.81,MicroATX Mid Tower,White,,Tempered Glass,26.5,1
Apevia Prism Elite,472.25,ATX Mid Tower,Black,,Tempered Glass,47.9,2
Cooler Master Cosmos C700P Black Edition,2289.08,ATX Full Tower,Black,,Tempered Glass,127.3,2
Thermaltake The Tower 200,541.58,Mini ITX Tower,White,,Tempered Glass,45.1,2
Thermaltake The Tower 300,649.91,MicroATX Mini Tower,Green / Black,,Tempered Glass,53.0,3
Asus TUF Gaming GT302 ARGB,1347.04,ATX Mid Tower,Black,,Tempered Glass,59.3,2
Jonsbo C6,259.98,MicroATX Mini Tower,White,,Mesh,15.9,1
Jonsbo TK-2 2.0,662.95,ATX Mid Tower,Black,,Tempered Glass,53.2,1
Deepcool CH360,368.26,MicroATX Mid Tower,White,,Tempered Glass,39.7,2
NZXT H7,563.25,ATX Mid Tower,Black,,Tempered Glass,55.8,2
MagniumGear NEO QUBE 2,433.26,ATX Mid Tower,Black,,Tempered Glass,101.1,2
Thermaltake View 51 ARGB Edition,779.9,ATX Full Tower,Black,,Tempered Glass,91.0,2
Silverstone CS382,1083.21,ATX Mid Tower,Black,,,39.6,1
Thermaltake Core P3 TG Pro Snow,606.58,ATX Mid Tower,,,Tempered Glass,71.7,4
Lian Li O11D XL-A,866.56,ATX Full Tower,Silver / Black,,Tempered Glass,68.9,4
Thermaltake Divider 170 TG ARGB,346.55,MicroATX Mid Tower,Black,,Tempered Glass,36.5,2
GAMDIAS ARGUS E4 ELITE,249.67,ATX Mid Tower,Black,,Tempered Glass,,2
Azza Sanctum,1516.51,ATX Desktop,Silver / Black,,Tempered Glass,76.9,2
Lian Li Lancool II Mesh,992.26,ATX Mid Tower,White,,Tempered Glass,54.1,3
Phanteks EVOLV SHIFT XT,623.43,Mini ITX Desktop,Black,,Tempered Glass,17.5,0
SAMA IM01 Pro,346.55,MicroATX Mini Tower,Black,,Tempered Glass,26.1,4
Aerocool Aero One Eclipse,270.77,ATX Mid Tower,White / Black,,Tempered Glass,,2
be quiet! Dark Base Pro 901,1299.42,ATX Full Tower,White,,Tempered Glass,94.5,2
NZXT H510i,740.73,ATX Mid Tower,Black,,Tempered Glass,41.3,2
GameMax Vista A,372.59,ATX Mid Tower,Black,,Tempered Glass,44.1,2
Fractal Design Focus 2,407.95,ATX Mid Tower,White / Black,,Tempered Glass,45.8,2
RAIJINTEK PAEAN MINI,302.88,Mini ITX Tower,Black,,Tempered Glass,26.0,1
Antec Dark League DF800 FLUX,411.59,ATX Mid Tower,Black,,Tempered Glass,,3
Thermaltake CTE T500 Air,502.58,ATX Full Tower,White,,Tempered Glass,87.3,4
Silverstone SUGO 15,756.63,Mini ITX Desktop,Black,,,19.1,0
Thermaltake Ceres 500,649.91,ATX Mid Tower,Black,,Tempered Glass,65.3,2
Thermaltake Divider 170 TG Snow ARGB,346.55,MicroATX Mid Tower,White / Black,,Tempered Glass,36.5,2
GAMDIAS TALOS E3 WH,259.94,ATX Mid Tower,White / Black,,Tempered Glass,,2
Silverstone SUGO 14,266.39,Mini ITX Desktop,White,,,19.5,0
Thermaltake Core X71,649.91,ATX Full Tower,Black,,Acrylic,,3
Antec NX416L,389.93,ATX Mid Tower,Black,,Tempered Glass,49.9,2
GAMDIAS NESO P1,649.91,ATX Full Tower,White,,Tempered Glass,75.2,5
MSI MPG GUNGNIR 300R AIRFLOW,649.91,ATX Mid Tower,White,,Tempered Glass,60.5,2
Anidees AI CRYSTAL XL PRO LITE,1299.42,ATX Full Tower,Black,,Tempered Glass,,0
be quiet! Pure Base 600,389.54,ATX Mid Tower,Black,,Tempered Glass,50.9,3
Antec VSK 3000 Elite,226.49,MicroATX Mini Tower,Black,,,27.5,4
Cougar MX410 MESH-G RGB,307.56,ATX Mid Tower,Black,,Tempered Glass,36.3,2
BitFenix Nova Mesh SE,294.21,ATX Mid Tower,White,,Tempered Glass,36.1,2
RAIJINTEK Silenos,227.57,ATX Mid Tower,Black,,Tempered Glass,39.8,2
Thermaltake CTE T500 Air,673.17,ATX Full Tower,Black,,Tempered Glass,87.3,4
Thermaltake H550 TG ARGB,960.41,ATX Mid Tower,Black,,Tempered Glass,,2
Thermaltake CTE C750 Air ARGB,775.91,ATX Full Tower,Black,,Tempered Glass,110.7,7
Deepcool MATREXX 55 V3 ADD-RGB WH 3F,359.03,ATX Mid Tower,White / Black,,Tempered Glass,,2
Thermaltake Ceres 300 TG ARGB,389.93,ATX Mid Tower,White,,Tempered Glass,53.9,1
GameMax Destroyer,290.27,MicroATX Mini Tower,White,,Tempered Glass,43.6,2
Apevia Prism Elite,472.25,ATX Mid Tower,White,,Tempered Glass,47.9,2
Cooler Master MasterCase H500,602.24,ATX Mid Tower,Black,,Tinted Tempered Glass,,2
Thermaltake Core P8 TG,1018.17,ATX Full Tower,Black,,Tempered Glass,107.4,3
Antec NX360,483.87,ATX Mid Tower,Black,,Tempered Glass,37.5,1
DIYPC ARGB-Q01,290.27,MicroATX Mini Tower,White,,Tempered Glass,40.0,2
Thermaltake The Tower 300 Matcha,649.91,MicroATX Mini Tower,Green,,Tempered Glass,53.0,3
Cooler Master MasterCase H500P Mesh ARGB,688.95,ATX Mid Tower,White,,Tempered Glass,71.4,2
Phanteks Eclipse P500A D-RGB,611.73,ATX Mid Tower,Black,,Tempered Glass,,2
Silverstone RM42-502,1468.19,ATX Mid Tower,Black,,,35.4,0
Phanteks Enthoo 719,736.57,ATX Full Tower,Black,,Tempered Glass,81.4,4
Fractal Design Torrent,1094.78,ATX Mid Tower,Gray,,Tinted Tempered Glass,69.8,2
Jonsbo D300,589.29,MicroATX Mid Tower,White,,Tempered Glass,45.8,2
Fractal Design Define 7 Dark,823.23,ATX Mid Tower,Black,,Tinted Tempered Glass,62.4,6
Fractal Design Torrent Compact,939.78,ATX Mid Tower,White,,Tempered Glass,46.7,1
Thermaltake Core P3,594.14,ATX Mid Tower,Black,,Tempered Glass,80.1,2
Gigabyte C301 GLASS,433.26,ATX Mid Tower,White,,Tempered Glass,50.6,2
Fractal Design Define C,537.6,ATX Mid Tower,Black,,,39.3,2
Fractal Design Meshify 2 RGB,758.23,ATX Mid Tower,White / Black,,Tempered Glass,61.7,6
KOLINK Horizon,1019.94,ATX Mid Tower,Black,,Tempered Glass,42.9,2
Apevia Enzo,259.94,ATX Mid Tower,White,,Tempered Glass,35.7,3
Thermaltake The Tower 300 Hydrangea,649.91,MicroATX Mini Tower,Blue,,Tempered Glass,53.0,3
MagniumGear Neo Air 2,303.27,ATX Mid Tower,White / Brown,,Tempered Glass,41.9,2
Fractal Design Meshify 2 Compact Lite RGB,687.82,ATX Mid Tower,Black,,Tinted Tempered Glass,42.3,2
Azza Pyramid L,1733.16,ATX Mid Tower,Gray / Black,,Tempered Glass,,1
Silverstone CS351,831.89,MicroATX Desktop,Black,,,22.8,2
SHARKOON TG6 RGB,349.07,ATX Mid Tower,Black,,Tempered Glass,,3
Corsair iCUE 4000D RGB Airflow QL Edition,1083.21,ATX Mid Tower,White,,Tempered Glass,48.6,2
Zalman Z1 Iceberg,259.94,MicroATX Mid Tower,White,,Tempered Glass,38.5,2
Silverstone SG13 V2,295.42,Mini ITX Tower,Pink,,,11.5,1
APNX Creator C1,675.51,ATX Mid Tower,White,,Tempered Glass,53.6,3
Cooler Master Silencio S400,563.25,MicroATX Mini Tower,Black,,,,4
Silverstone ML03B,433.95,HTPC,Black,,,15.5,2
Corsair iCUE 465X RGB,987.92,ATX Mid Tower,White / Black,,Tempered Glass,,2
Fractal Design Define 7 Mini,1393.67,MicroATX Mini Tower,Black,,Tinted Tempered Glass,33.2,2
Corsair Crystal Series 680X RGB,1191.53,ATX Mid Tower,White / Black,,Tempered Glass,73.5,3
RAIJINTEK PAEAN C7,303.27,ATX Mid Tower,White,,Tempered Glass,45.5,2
be quiet! Silent Base 601,562.86,ATX Mid Tower,Black,,,,3
G.Skill LT1,303.22,MicroATX Mini Tower,Black,,Tempered Glass,35.0,1
Antec Performance 1 FT,584.91,ATX Full Tower,White,,Tempered Glass,62.7,2
Apevia Guardian-M,333.55,ATX Mid Tower,Pink,,Tempered Glass,39.5,2
In Win EM048,452.63,MicroATX Mini Tower,Black,,,,1
Cooler Master MasterBox NR400 (w/ODD),368.26,MicroATX Mid Tower,Black,,Tempered Glass,35.5,4
Cooler Master MasterFrame 700,758.23,ATX Full Tower,Black,,Tempered Glass,,4
APNX Creator C1 ChromaFlair,736.18,ATX Mid Tower,Purple / Blue,,Tempered Glass,53.6,3
MagniumGear NEO QUBE 2 Infinity Mirror,519.92,ATX Mid Tower,Black,,Tempered Glass,101.1,2
Silverstone PS15,296.12,MicroATX Mid Tower,Black,,Tempered Glass,25.7,1
Antec P20C ARGB,504.92,ATX Mid Tower,Black,,Tempered Glass,50.6,2
Thermaltake The Tower 300 Bumblebee,649.91,MicroATX Mini Tower,Yellow / Black,,Tempered Glass,53.0,3
Cougar MX330-G Pro,321.99,ATX Mid Tower,Black,,Tempered Glass,49.1,2
be quiet! Pure Base 500,346.21,ATX Mid Tower,White,,Tempered Glass,46.0,2
Azza Aero,476.59,ATX Mid Tower,Black,,Mesh,47.3,2
Fractal Design Torrent Nano RGB,1538.56,Mini ITX Tower,White,,Tempered Glass,34.6,1
Deepcool MORPHEUS,736.52,ATX Full Tower,White,,Tempered Glass,72.7,2
Silverstone ML06B,366.7,HTPC,Black,,,7.1,0
Silverstone FARA H1M PRO,395.13,MicroATX Mini Tower,Black,,Tempered Glass,30.1,2
Thermaltake AH T600 Snow,1299.86,ATX Full Tower,White / Black,,Tempered Glass,161.6,2
Lian Li ODYSSEY X,597.87,ATX Full Tower,Black,,Tempered Glass,,3
Thermaltake Core P6,693.24,ATX Mid Tower,Black,,Tempered Glass,76.4,4
GameMax HYPE,519.87,ATX Mid Tower,Black,,Tempered Glass,113.8,2
Thermaltake Core P6,819.98,ATX Mid Tower,White / Black,,Tempered Glass,76.4,4
GAMDIAS NESO P1,601.77,ATX Full Tower,Black / White,,Tempered Glass,75.2,5
KOLINK KLM-003,225.79,MicroATX Mini Tower,Black,,,23.2,0
Inter-Tech IM-1 POCKET,831.07,MicroATX Mini Tower,Black,,Mesh,21.9,4
Antec DF700 FLUX,433.26,ATX Mid Tower,White,,Tempered Glass,49.9,3
Deepcool CK560,578.07,ATX Mid Tower,White / Black,,Tempered Glass,,2
Thermaltake View 270,303.27,ATX Mid Tower,Green / Black,,Tempered Glass,47.6,2
Thermaltake Core P6,866.56,ATX Mid Tower,Green / Black,,Tempered Glass,76.4,4
Fractal Design Define R6,845.58,ATX Mid Tower,Black / White,,,56.7,6
Thermaltake View 71 TG Snow,953.22,ATX Full Tower,White,,Acrylic,,7
Deepcool CH360 DIGITAL,389.93,MicroATX Mid Tower,White,,Tempered Glass,39.7,2
YEYIAN Lancer,303.22,ATX Mid Tower,Black,,Tempered Glass,35.1,2
SHARKOON VS8,232.25,ATX Mid Tower,Black,,,42.1,2
Cooler Master MasterCase H100 ARGB,350.89,Mini ITX Desktop,Black,,,,1
Silverstone SG13,303.22,Mini ITX Tower,White / Black,,,11.5,1
NZXT H5 Flow,563.25,ATX Mid Tower,White / Blue,,Tempered Glass,47.0,1
Montech KING 95,541.62,ATX Mid Tower,Blue / Black,,Tempered Glass,63.0,5
Silverstone Milo 12,732.23,HTPC,Black,,Mesh,15.6,0
Silverstone SG05-LITE,301.06,Mini ITX Desktop,White,,,10.7,1
be quiet! Pure Base 500,367.87,ATX Mid Tower,Gray,,Tempered Glass,46.0,2
Apex MI-008,293.69,Mini ITX Tower,Black,250.0,,8.5,1
GameMax Infinity Mini,216.39,MicroATX Mini Tower,White,,Tempered Glass,36.7,1
Fractal Design Torrent Compact RGB,1018.47,ATX Mid Tower,White,,Tempered Glass,46.7,1
Silverstone PS16B,331.39,MicroATX Mini Tower,Black,,,,3
KOLINK Citadel,368.22,MicroATX Mini Tower,Black,,Tempered Glass,32.7,2
Thermaltake Core P3 TG Snow Edition,563.25,ATX Mid Tower,White,,Tempered Glass,80.1,2
Antec TORQUE,1646.5,ATX Mid Tower,Black / Red,,Tempered Glass,114.0,1
Jonsbo D41 Mesh,459.3,ATX Mid Tower,White,,Tempered Glass,35.4,2
Thermaltake AH T600,994.42,ATX Full Tower,Black,,Tempered Glass,161.6,2
Silverstone GD09 Type-C,874.92,HTPC,Black,,Mesh,26.5,2
Thermaltake View 51 Snow ARGB Edition,779.9,ATX Full Tower,White,,Tempered Glass,91.0,2
Fractal Design Meshify 2 Lite,675.3,ATX Mid Tower,Black,,Tempered Glass,61.7,2
Azza Spectra,259.94,ATX Mid Tower,White,,Tempered Glass,33.4,2
Cooler Master CMP 510,516.19,ATX Mid Tower,Black,,Tempered Glass,42.0,2
Cooler Master MasterBox MB530P,519.92,ATX Mid Tower,Black,,Tempered Glass,,2
GAMDIAS ATLAS M1,402.93,ATX Mid Tower,Black,,Tempered Glass,41.0,1
FSP Group CUT593A,454.92,ATX Full Tower,Black,,Tempered Glass,62.6,3
Phanteks Enthoo Series Primo Aluminum,996.55,ATX Full Tower,Black,,Acrylic,96.8,6
BGears b-Optillusion,246.94,ATX Mid Tower,Black,,Tempered Glass,38.7,1
Antec P20C,324.93,ATX Mid Tower,White,,Tempered Glass,50.6,2
Thermaltake Divider 370 TG Snow ARGB,433.26,ATX Mid Tower,White / Black,,Tempered Glass,50.7,2
Vetroo AL700,368.26,ATX Mid Tower,White,,Tempered Glass,48.1,1
Apex TX-606-U3,358.56,MicroATX Mid Tower,Black,300.0,,27.9,5
Fractal Design Meshify 2 Compact White TG Clear Tint,793.2,ATX Mid Tower,White / Black,,Tempered Glass,42.3,2
Cooler Master Silencio S600,596.57,ATX Mid Tower,Black,,,47.0,4
Phanteks Eclipse P600S,519.92,ATX Mid Tower,Black,,,,4
Fractal Design Meshify 2,870.5,ATX Mid Tower,Gray,,Tinted Tempered Glass,61.7,6
Phanteks Eclipse P400,920.72,ATX Mid Tower,Black,,Tinted Tempered Glass,45.9,2
be quiet! Silent Base 802,714.51,ATX Mid Tower,White,,Tempered Glass,83.8,3
Silverstone GD08B,910.15,HTPC,Black,,,33.4,8
GameMax Contac Turbo COC,285.93,ATX Mid Tower,White / Black,,Tempered Glass,43.0,2
BitFenix Tracery,346.21,ATX Mid Tower,Black,,Tempered Glass,52.8,4
Corsair Obsidian Series 500D Premium,1699.71,ATX Mid Tower,Black,,Tinted Tempered Glass,59.4,2
MagniumGear NEO QUBE 2 Infinity Mirror,433.26,ATX Mid Tower,White,,Tempered Glass,101.1,2
HYTE Y60 Hakos Baelz,1213.24,ATX Mid Tower,Red / Black,,Tempered Glass,,2
Corsair iCUE 220T RGB,476.41,ATX Mid Tower,Black,,Tempered Glass,37.3,2
Segotep Phoenix T1,519.92,ATX Mid Tower,Black,,Tempered Glass,65.5,2
MSI MPG SEKIRA 500X,907.98,ATX Mid Tower,Black,,Tempered Glass,67.1,4
Raidmax X616,303.22,ATX Mid Tower,Black,,Tempered Glass,42.9,2
BitFenix Nova Mesh SE,294.21,ATX Mid Tower,White / Purple,,Tempered Glass,36.1,2
Fractal Design Pop Silent,501.54,ATX Mid Tower,Black,,Tempered Glass,46.2,2
Fractal Design Define 7 Light,952.48,ATX Mid Tower,Black,,Tempered Glass,62.4,6
be quiet! Silent Base 802,649.52,ATX Mid Tower,White,,,83.8,3
Silverstone ML05B,320.34,HTPC,Black,,,,0
Thermaltake Ceres 330 ARGB,493.23,ATX Mid Tower,Blue,,Tempered Glass,53.9,1
Corsair 5000D,714.9,ATX Mid Tower,Black,,Tempered Glass,66.2,2
Fractal Design Meshify 2 Compact Lite,920.76,ATX Mid Tower,Black,,Tinted Tempered Glass,42.3,2
Jonsbo N2,641.28,Mini ITX Desktop,White,,,11.1,5
ADATA XPG STARKER AIR,303.27,ATX Mid Tower,Black,,Tempered Glass,40.0,2
Cougar PANZER MAX-G,753.9,ATX Full Tower,Black,,Tempered Glass,90.5,2
Phanteks Eclipse P600S,606.58,ATX Mid Tower,White,,Tempered Glass,,4
Fractal Design Define R6,948.54,ATX Mid Tower,Black / White,,Tempered Glass,56.7,6
Cooler Master MasterBox Lite 3.1,396.43,MicroATX Mid Tower,Black / Red,,Tempered Glass,36.1,2
Silverstone FARA H1M,305.74,MicroATX Mini Tower,Black,,,30.1,2
Apevia Prodigy,324.89,MicroATX Mini Tower,Pink,,Tempered Glass,32.5,2
Thermaltake S300 Tempered Glass Edition,454.88,ATX Mid Tower,Black,,Tempered Glass,,2
be quiet! Pure Base 600,478.28,ATX Mid Tower,Black / Silver,,,50.9,3
ADATA XPG INVADER,303.22,ATX Mid Tower,Black,,Tempered Glass,,2
Lian Li LANCOOL 205 Mesh,844.94,ATX Mid Tower,Black,,Tempered Glass,41.3,2
Fractal Design Core 1000,292.82,MicroATX Mini Tower,Black,,,26.1,2
be quiet! Dark Base 701,1039.49,ATX Mid Tower,White,,Tempered Glass,73.6,2
Rosewill CULLINAN,1074.54,ATX Mid Tower,Black,,Tempered Glass,,3
In Win B1 Pure,554.62,Mini ITX Desktop,White / Brown,200.0,,7.8,0
Fractal Design Torrent,1360.74,ATX Mid Tower,Black,,Tinted Tempered Glass,69.8,2
Thermaltake The Tower 100,454.88,Mini ITX Tower,Green / Black,,Tempered Glass,32.7,2
GAMDIAS NESO P1,595.01,ATX Full Tower,Black / Red,,Tempered Glass,75.2,5
RAIJINTEK OPHION ELITE WHITE,346.21,Mini ITX Tower,White,,Mesh,24.9,3
Fractal Design Define 7,1310.69,ATX Mid Tower,White,,Tempered Glass,62.4,6
GameMax Infinity Mini,216.61,MicroATX Mini Tower,Black,,Tempered Glass,36.7,1
Thermaltake The Tower 200 Bumblebee,563.25,Mini ITX Tower,Yellow / Black,,Tempered Glass,45.1,2
Silverstone Sugo SG11,494.48,MicroATX Mini Tower,Black,,,,3
Antec P20CE,433.26,ATX Mid Tower,Black,,,50.6,2
Thermaltake CTE C750 Air ARGB,761.48,ATX Full Tower,White,,Tempered Glass,110.7,7
Antec NX416L,389.93,ATX Mid Tower,White,,Tempered Glass,49.9,2
Cougar PANZER EVO RGB,827.56,ATX Full Tower,Black,,Tempered Glass,,2
In Win BK623.BH300TB3,419.09,MicroATX Mini Tower,Black / Silver,300.0,,12.3,1
Thermaltake Core V71 TG,1102.01,ATX Full Tower,Black,,Tempered Glass,,8
Linkworld 920-01C2121U,242.6,HTPC,Black,150.0,,5.3,0
Fractal Design Define 7,941.3,ATX Mid Tower,Gray,,,62.4,6
GAMDIAS ATHENA P1,389.93,ATX Mid Tower,Black,,Tempered Glass,49.6,2
Fractal Design Pop Silent,463.41,ATX Mid Tower,White,,Tempered Glass,46.2,2
Apevia Genesis-BK,346.55,ATX Mid Tower,Black,,Tempered Glass,,3
Lian Li ODYSSEY X,1711.54,ATX Full Tower,Silver / Black,,Tempered Glass,,3
Jonsbo D300 4PCS,563.25,MicroATX Mid Tower,Black,,Tempered Glass,45.8,2
Silverstone FARA H1M,319.69,MicroATX Mini Tower,White,,Tempered Glass,30.1,2
Montech SKY ONE LITE,505.18,ATX Mid Tower,Black,,Tempered Glass,44.8,2
Silverstone RVZ01B,590.72,Mini ITX Desktop,Black,,,,1
Fractal Design Define 7 Compact,511.21,ATX Mid Tower,Black,,Tempered Glass,42.5,2
Silverstone SETA D1,680.5,ATX Mid Tower,Black,,,56.5,8
Silverstone FARA R1 PRO V2,525.81,ATX Mid Tower,Black,,Tempered Glass,40.1,2
SHARKOON QB ONE,912.36,Mini ITX Desktop,Black,,Mesh,14.9,2
Fractal Design Meshify 2 Lite,1153.01,ATX Mid Tower,White / Black,,Tempered Glass,61.7,2
Zalman Z7 NEO,346.55,ATX Mid Tower,Black,,Tempered Glass,41.2,2
Cooler Master MasterBox 520 Mesh,697.74,ATX Mid Tower,White,,Tempered Glass,52.5,2
Apevia Genesis Pro,372.59,ATX Mid Tower,White,,Tempered Glass,35.7,3
GameMax Contac Turbo COC,298.93,ATX Mid Tower,Pink / White,,Tempered Glass,43.0,2
Vetroo K1,606.58,ATX Mid Tower,Silver,,Tempered Glass,37.4,2
Thermaltake View 71 ARGB,1018.17,ATX Full Tower,Black,,Tempered Glass,,7
Antec NX260,502.19,ATX Mid Tower,Black,,Tempered Glass,,2
BitFenix Saber Mesh,660.31,ATX Mid Tower,White,,Tempered Glass,42.3,2
Fractal Design Define R6 USB-C,917.95,ATX Mid Tower,Black / White,,Tempered Glass,56.7,6
Jonsbo TK-2 2.0,762.61,ATX Mid Tower,White,,Tempered Glass,53.2,1
Fractal Design Define 7,1923.77,ATX Mid Tower,Black / White,,Tempered Glass,62.4,6
SHARKOON Rebel C20 ITX,1427.25,Mini ITX Desktop,Black,,Mesh,29.5,1
Antec P120 Crystal,519.92,ATX Mid Tower,Black,,Tempered Glass,,2
Thermaltake The Tower 200,563.25,Mini ITX Tower,Green,,Tempered Glass,45.1,2
In Win A3,411.64,MicroATX Mini Tower,Black,,Tempered Glass,29.9,2
Silverstone DS380B,912.92,Mini ITX Tower,Black,,,,0
Apevia CRUSADER-F-PK,333.55,ATX Mid Tower,Pink,,Tempered Glass,,2
Corsair 5000D,714.9,ATX Mid Tower,White / Gray,,Tempered Glass,66.2,2
Cougar MG120,229.56,MicroATX Mini Tower,Black,,,,2
Asus TUF Gaming GT501 Demon Slayer Edition,1165.58,ATX Mid Tower,Yellow / Black,,Tempered Glass,75.5,4
HYTE REVOLT 3,1083.21,Mini ITX Tower,White,700.0,Mesh,,1
Gigabyte AORUS C300,658.57,ATX Mid Tower,Black,,Tinted Tempered Glass,,2
SAMA IM01 Pro,346.55,MicroATX Mini Tower,White,,Tempered Glass,26.1,4
KOLINK KLA-002,407.65,ATX Mid Tower,Black,,,25.1,3
Corsair iCUE 5000X RGB Neon Night,1083.21,ATX Mid Tower,Black / Purple,,Tempered Glass,66.2,2
Cougar Cratus,1889.14,ATX Mid Tower,Black,,Tempered Glass,114.3,2
Apevia Matrix,259.94,ATX Mid Tower,Black,,Tempered Glass,37.8,3
Montech SKY TWO GX,411.64,ATX Mid Tower,White,,Tempered Glass,49.5,2
Phanteks Enthoo 719,736.57,ATX Full Tower,Gray,,Tempered Glass,81.4,4
Thermaltake Ceres 500,649.91,ATX Mid Tower,White,,Tempered Glass,65.3,2
Silverstone ML04B,512.2,HTPC,Black,,,16.0,2
Cougar Duoface RGB,346.6,ATX Mid Tower,White,,Tempered Glass,43.6,2
Silverstone ALTA G1M,684.61,MicroATX Mid Tower,,,,,4
Silverstone RVZ03,632.05,Mini ITX Desktop,Black,,,,0
In Win ModFree Deluxe,1078.92,ATX Full Tower,Black,,Tempered Glass,84.5,1
be quiet! Pure Base 500,367.87,ATX Mid Tower,Gray,,,46.0,2
Thermaltake V150 Tempered Glass ARGB Breeze,419.74,MicroATX Mid Tower,Black,,Tempered Glass,,2
Cooler Master MasterBox MB600L V2,371.21,ATX Mid Tower,Black,,,37.7,2
Deepcool Quadstellar Infinity,1518.28,ATX Mid Tower,Black,,Tempered Glass,129.9,3
Thermaltake The Tower 300 Bubble Pink,649.91,MicroATX Mini Tower,Pink / White,,Tempered Glass,53.0,3
Silverstone ML07B,449.38,HTPC,Black,,,13.9,1
Thermaltake CTE C750 ARGB,779.9,ATX Full Tower,Black,,Tempered Glass,110.7,7
KOLINK Observatory Z Mesh,1038.36,ATX Mid Tower,Black,,Tempered Glass,56.4,2
Montech KING 95,515.63,ATX Mid Tower,Red / Black,,Tempered Glass,63.0,5
Fractal Design Meshify 2 Compact Lite,558.26,ATX Mid Tower,White,,Tempered Glass,42.3,2
Fractal Design Meshify 2 Compact RGB,1102.36,ATX Mid Tower,White,,Tempered Glass,42.3,2
RAIJINTEK ASTERION CLASSIC,432.87,ATX Full Tower,Silver,,Tempered Glass,56.0,3
ADATA XPG Battlecruiser,476.59,ATX Mid Tower,White / Black,,Tempered Glass,55.2,2
SHARKOON VS9 RGB,310.81,ATX Mid Tower,White,,Tempered Glass,42.1,2
RAIJINTEK Metis Plus,348.94,Mini ITX Tower,Black,,Acrylic,13.4,2
Silverstone FARA 513 Type-C,376.06,ATX Mid Tower,Black,,,44.6,2
Cooler Master CMP 510,433.26,ATX Mid Tower,Black,,Tempered Glass,42.0,2
Cooler Master MasterBox MB500,818.89,ATX Mid Tower,Black,,Tempered Glass,49.5,2
Rosewill Legacy V3 Plus-B,389.97,Mini ITX Tower,Black,,,10.0,1
GameMax Mini Abyss H608,298.93,MicroATX Mid Tower,Black,,Tempered Glass,32.3,2
BGears â€Žb-BlackWidow-RGB,371.9,ATX Mid Tower,Black,,Tinted Tempered Glass,41.2,2
be quiet! Dark Base 900,1624.88,ATX Full Tower,Black / Silver,,,82.0,7
Deepcool MACUBE 310,499.64,ATX Mid Tower,White,,Tempered Glass,45.2,2
RAIJINTEK PAN Slim,822.84,Mini ITX Desktop,Black,,,38.7,2
Montech SKY ONE LITE,346.21,ATX Mid Tower,White,,Tempered Glass,44.8,2
Thermaltake CTE C700 Air,673.17,ATX Mid Tower,Black,,Tempered Glass,93.8,7
Cougar MX600 RGB,777.64,ATX Full Tower,White,,Tempered Glass,57.8,1
Enermax StarryKnight SK30 V2,441.92,ATX Mid Tower,Black,,Tempered Glass,49.7,2
RAIJINTEK Silenos Pro,259.94,ATX Mid Tower,Black,,Tempered Glass,39.8,2
Fractal Design Define 7,1979.44,ATX Mid Tower,White,,,62.4,6
Phanteks Evolv X,779.9,ATX Mid Tower,White,,Tempered Glass,64.9,4
Cooler Master MasterCase H500P Mesh,688.95,ATX Mid Tower,White,,Acrylic,71.4,2
Thermaltake S300 Tempered Glass Snow Edition,433.26,ATX Mid Tower,White,,Tempered Glass,,2
Apevia Destiny Pro,389.93,ATX Mid Tower,Pink / Black,,Tempered Glass,42.0,2
be quiet! Shadow Base 800 DX,649.52,ATX Mid Tower,White,,Tempered Glass,70.9,2
Silverstone ML08,591.32,HTPC,Black,,Acrylic,,0
RAIJINTEK METIS EVO TGS,324.93,Mini ITX Desktop,White,,Tempered Glass,22.3,2
In Win 301,303.22,MicroATX Mini Tower,White / Blue,,Tempered Glass,28.1,1
Silverstone FARA H1M PRO,400.2,MicroATX Mini Tower,White / Black,,Tempered Glass,30.1,2
Jonsbo MOD5,1334.56,ATX Mid Tower,Gray,,Tempered Glass,97.2,1
Silverstone RVZ02B,467.92,HTPC,Black,,,,1
Thermaltake AH T200,584.87,MicroATX Mid Tower,Black,,Tempered Glass,69.1,2
SHARKOON REV 100,258.72,ATX Mid Tower,Black,,Tempered Glass,43.1,3
Jonsbo BO 100,996.55,Mini ITX Desktop,Silver,,Tempered Glass,15.7,1
BGears b-Voguish RGB,368.26,ATX Mid Tower,Black,,Tempered Glass,40.8,2
Antec P10 FLUX,368.26,ATX Mid Tower,Black,,,,3
GameMax Aero,301.1,ATX Mid Tower,Black / White,,Tempered Glass,40.7,2
Fractal Design Meshify 2 Lite,1141.62,ATX Mid Tower,Black,,Tempered Glass,61.7,2
NZXT H510i Rivals,645.18,ATX Mid Tower,Yellow / Black,,Tempered Glass,41.3,2
Thermaltake CTE C700 TG ARGB,475.03,ATX Mid Tower,Black,,Tempered Glass,93.8,7
Thermaltake Ceres 330 ARGB,476.59,ATX Mid Tower,Black,,Tempered Glass,53.9,1
Fractal Design Define 7 Compact,793.98,ATX Mid Tower,Black,,Tinted Tempered Glass,42.5,2
ADATA XPG DEFENDER,346.6,ATX Mid Tower,Black,,Tempered Glass,47.7,2
be quiet! Dark Base 900,1603.21,ATX Full Tower,Black / Orange,,,82.0,7
Antec P10C,766.38,ATX Mid Tower,Black,,,51.0,3
Zalman Z3 Iceberg,259.94,ATX Mid Tower,Black,,Tempered Glass,41.3,2
Cougar Duoface Pro RGB,532.31,ATX Mid Tower,White,,Tempered Glass,55.4,2
Apevia Genesis Pro,372.59,ATX Mid Tower,Pink,,Tempered Glass,35.7,3
Thermaltake The Tower 100,462.29,Mini ITX Tower,Turquoise / Black,,Tempered Glass,32.7,2
ADATA XPG CRUISER,389.93,ATX Mid Tower,Black,,Tempered Glass,53.8,4
Thermaltake Divider 370 TG ARGB,407.26,ATX Mid Tower,Black,,Tempered Glass,50.7,2
Thermaltake Core P90,801.52,ATX Mid Tower,Black,,Tinted Tempered Glass,135.9,3
Apevia Genesis Pro,363.93,ATX Mid Tower,Black,,Tempered Glass,35.7,3
ADATA XPG INVADER,303.22,ATX Mid Tower,White,,Tempered Glass,,2
Cougar MX330-F,324.54,ATX Mid Tower,Black,,Acrylic,39.4,2
Silverstone SG13,297.63,Mini ITX Tower,Black,,,11.5,1
Thermaltake View 31 TG,346.55,ATX Mid Tower,Black,,Acrylic,63.5,3
Jonsbo TK-3,571.96,ATX Mid Tower,Black,,Tempered Glass,52.3,2
Silverstone FARA 312Z,367.01,MicroATX Mini Tower,Black,,Tempered Glass,37.2,2
Thermaltake Core P6,1018.17,ATX Mid Tower,Blue / Black,,Tempered Glass,76.4,4
Lian Li LANCOOL 205 Mesh,844.94,ATX Mid Tower,White / Black,,Tempered Glass,41.3,2
BitFenix Prodigy M 2022,346.21,MicroATX Mini Tower,Black / White,,Tempered Glass,,2
Silverstone PS15,303.22,MicroATX Mid Tower,White,,Tempered Glass,25.7,1
Thermaltake CTE E600,761.48,ATX Mid Tower,Black,,Tempered Glass,77.4,2
Thermaltake The Tower 200,563.25,Mini ITX Tower,Beige,,Tempered Glass,45.1,2
Thermaltake Versa H15,1040.27,MicroATX Mid Tower,Black,,Acrylic,,3
Thermaltake CTE C750 ARGB,779.9,ATX Full Tower,White,,Tempered Glass,110.7,7
Silverstone ML09,423.98,HTPC,Black,,,,0
Thermaltake CTE T500,731.28,ATX Full Tower,Black,,Tempered Glass,87.3,4
SHARKOON Rebel C70M RGB,553.54,ATX Mid Tower,Brown / Black,,Mesh,54.5,3
Chieftec BX-10B-M-OP,400.07,MicroATX Mid Tower,Black,,Mesh,28.8,1
In Win A5,454.96,ATX Mid Tower,Black,,Tempered Glass,34.9,2
Jonsbo BO 100,996.55,Mini ITX Desktop,Black,,Tempered Glass,15.7,1
Antec P7 NEO,324.89,ATX Mid Tower,Black,,,46.3,2
GameMax Abyss TR,389.88,ATX Mid Tower,Black,,Tempered Glass,57.1,3
Fractal Design Define 7 Compact,693.8,ATX Mid Tower,White,,Tempered Glass,42.5,2
Fractal Design Meshify 2 Compact TG Light Tint,691.07,ATX Mid Tower,Gray / Black,,Tempered Glass,42.3,2
ADATA XPG STARKER AIR,303.22,ATX Mid Tower,White / Black,,Tempered Glass,40.0,2
Silverstone SUGO 15,641.24,Mini ITX Desktop,Silver,,,19.1,0
Silverstone Sugo 16,381.26,Mini ITX Tower,White,,,13.0,1
Thermaltake Ceres 330 ARGB,476.59,ATX Mid Tower,White,,Tempered Glass,53.9,1
Silverstone CS330B,779.9,MicroATX Mini Tower,Black,,,30.2,4
Cougar MX430 Air RGB,514.33,ATX Mid Tower,Black,,Tempered Glass,37.6,2
Silverstone FARA R1,343.0,ATX Mid Tower,White / Black,,Tempered Glass,,1
Jonsbo Jonsplus i400,2157.1,ATX Mid Tower,Silver,,Tempered Glass,55.7,6
Thermaltake The Tower 200,584.87,Mini ITX Tower,Turquoise,,Tempered Glass,45.1,2
Thermaltake H570 TG ARGB,519.92,ATX Mid Tower,White,,Tempered Glass,48.8,2
RAIJINTEK OPHION EVO,673.52,Mini ITX Desktop,Black,,Acrylic,,1
Jonsbo TK-3,571.96,ATX Mid Tower,White,,Tempered Glass,52.3,2
Zalman Z3 Iceberg,259.94,ATX Mid Tower,White,,Tempered Glass,41.3,2
Geometric Future M4 Caliburn,389.54,ATX Mid Tower,Black / Silver,,Tempered Glass,37.9,2
CiT Mirage F6,609.83,ATX Mid Tower,Black,,Tempered Glass,29.9,2
Azza Celesta 340F,264.27,ATX Mid Tower,Black,,Tempered Glass,40.2,2
Silverstone FARA R1 PRO,363.89,ATX Mid Tower,Black,,Tempered Glass,36.0,1
SHARKOON Rebel C20 ITX RGB,1840.27,Mini ITX Desktop,Black,,Mesh,29.5,1
KOLINK UNITY CODE X,1067.65,ATX Mid Tower,Black,,Tempered Glass,,2
Azza Legionaire 470,407.26,ATX Mid Tower,Black,,Mesh,46.8,2
Thermaltake AH T200 Snow,584.87,MicroATX Mid Tower,White,,Tempered Glass,69.1,2
ADATA XPG INVADER X,732.28,ATX Mid Tower,White,,Tempered Glass,52.1,3
be quiet! Silent Base 601,562.86,ATX Mid Tower,Black,,Tempered Glass,,3
GAMDIAS ATLAS M1,389.93,ATX Mid Tower,White,,Tempered Glass,41.0,1
RAIJINTEK PAN Slim,822.84,Mini ITX Desktop,White,,,38.7,2
Silverstone GD07B,887.05,HTPC,Black,,,33.4,5
GAMDIAS ATHENA M1 ELITE,303.27,ATX Mid Tower,Black,,Tempered Glass,,2
Apevia Predator,320.56,ATX Mid Tower,Black,,Tempered Glass,35.7,3
G.Skill Z5i,606.58,Mini ITX Tower,Black,,Tempered Glass,24.4,1
Asus TUF Gaming GT301,866.56,ATX Mid Tower,Pink / Black,,Tempered Glass,43.9,2
Thermaltake CTE E600,749.22,ATX Mid Tower,Blue,,Tempered Glass,77.4,2
Cougar MX330-G Pro,442.53,ATX Mid Tower,White,,Tempered Glass,49.1,2
Thermaltake CTE C700 TG ARGB,632.49,ATX Mid Tower,White,,Tempered Glass,93.8,7
NZXT H510i All Might,645.18,ATX Mid Tower,Blue / Red,,Tempered Glass,41.3,2
Antec P7 Silent,412.41,ATX Mid Tower,Black / Silver,,,,2
Aerocool Playa Slim,553.24,MicroATX Mini Tower,Black,,,,1
ADATA XPG Battlecruiser,476.59,ATX Mid Tower,Black,,Tempered Glass,55.2,2
GameMax Titan Silent,511.25,ATX Mid Tower,Black,,,53.8,8
Thermaltake LANBOX Lite,346.47,MicroATX Mini Tower,Black,,,29.6,2
Corsair iCUE 5000X RGB Glitch,1083.21,ATX Mid Tower,Black / Blue,,Tempered Glass,66.2,2
Enermax LIBLLUSSION LL30,281.64,ATX Mid Tower,Black,,Tempered Glass,,2
Silverstone CS380,1432.1,ATX Mid Tower,Black,,,45.0,8
Supermicro SuperChassis 721TQ-350B2,1178.58,Mini ITX Tower,Black,350.0,,14.1,0
Silverstone PS15 PRO,1126.67,MicroATX Mid Tower,Black,,Tempered Glass,25.7,1
Apevia Prodigy,324.89,MicroATX Mini Tower,White,,Tempered Glass,32.5,2
Streacom DA2 V2,1299.86,Mini ITX Desktop,Silver,,,17.5,0
DIYPC Rainbow-Flash-F4,527.8,ATX Mid Tower,Black,,Tempered Glass,33.2,2
Apevia Enzo,259.94,ATX Mid Tower,Black,,Tempered Glass,35.7,3
Silverstone ALTA G1M,683.62,MicroATX Mid Tower,White,,,,4
In Win IW-MS04,693.02,Mini ITX Desktop,Black,,,,4
ADATA XPG DEFENDER PRO,389.93,ATX Mid Tower,Black,,Tempered Glass,47.7,2
Antec DARK CUBE,1593.68,MicroATX Mini Tower,Black,,Tempered Glass,,1
Thermaltake Divider 300 TG,476.59,ATX Mid Tower,Black,,Tempered Glass,48.2,2
RAIJINTEK PAEAN M,389.93,MicroATX Mini Tower,Black,,Tempered Glass,40.9,1
Thermaltake View 300 MX Snow TG ARGB,628.2,ATX Mid Tower,White,,Tempered Glass,58.8,2
Antec DP505,381.3,ATX Mid Tower,White,,Tempered Glass,51.9,2
Geometric Future Model 6,432.87,ATX Mid Tower,Black / Yellow,,Tinted Tempered Glass,43.5,4
FSP Group CUT593P,584.91,ATX Full Tower,Black,,Tempered Glass,62.6,3
Thermaltake CTE C700 Air,519.92,ATX Mid Tower,White,,Tempered Glass,93.8,7
Azza Hive 450,298.93,ATX Mid Tower,Black,,Tempered Glass,41.9,2
Thermaltake CTE E600,779.9,ATX Mid Tower,White,,Tempered Glass,77.4,2
SHARKOON TG7M RGB,1407.4,ATX Mid Tower,Black,,Tempered Glass,52.1,2
Azza Elise,303.22,MicroATX Mid Tower,Black / Pink,,Tempered Glass,34.4,2
Thermaltake Level 20 RS ARGB,519.79,ATX Mid Tower,Black,,Tempered Glass,,3
Silverstone RVZ03B-ARGB,687.34,Mini ITX Desktop,Black,,,,0
Silverstone SETA A1,634.26,ATX Mid Tower,Pink / Silver,,Tempered Glass,45.7,2
ADATA XPG Battlecruiser II,779.9,ATX Mid Tower,Black,,Tempered Glass,62.6,5
Azza Regis,1733.16,ATX Mid Tower,Black,,Tempered Glass,,1
Aerocool Menace Saturn RGB,340.75,ATX Mid Tower,Black,,Tempered Glass,36.7,2
be quiet! Silent Base 601,717.28,ATX Mid Tower,Black / Orange,,Tempered Glass,,3
Chieftec BS-10B-300,1035.37,MicroATX Mini Tower,Black,300.0,,14.4,1
Silverstone ML04 Type-C,837.48,HTPC,Black,,Mesh,16.0,2
Apevia Destiny Flow,355.26,ATX Mid Tower,Black,,Tempered Glass,,2
BitFenix Tracery,346.21,ATX Mid Tower,White,,Tempered Glass,52.8,4
Azza Cube 802 RGB,1460.18,ATX Mid Tower,Black,,Tempered Glass,,1
Segotep Phoenix T1,519.92,ATX Mid Tower,White,,Tempered Glass,65.5,2
Azza Pyramid Mini 806,1213.2,Mini ITX Tower,Silver / Black,,Tempered Glass,,0
KOLINK Observatory Z,403.79,ATX Mid Tower,Black,,Tempered Glass,56.4,2
Silverstone Precision PS15 RGB,339.92,MicroATX Mid Tower,Black,,Tempered Glass,25.7,1
In Win ModFree Base,693.28,ATX Full Tower,Black,,Tempered Glass,57.2,1
Cooler Master Elite 500 ODD,439.67,ATX Mid Tower,Black,,Tempered Glass,43.1,2
Silverstone FTZ01-E,641.85,Mini ITX Desktop,Black,,,,0
Thermaltake CTE T500,476.59,ATX Full Tower,White,,Tempered Glass,87.3,4
Geometric Future M4 King Arthur,346.21,ATX Mid Tower,White,,Tempered Glass,37.9,2
Streacom DA2,1498.91,Mini ITX Desktop,Silver,,,,3
Thermaltake Divider 200 TG Air Snow,649.78,MicroATX Mini Tower,White,,Tempered Glass,51.6,3
Azza Pyramid Mesh,1733.16,ATX Mid Tower,Silver / Black,,Mesh,140.5,1
Silverstone TJ08B-E,695.19,MicroATX Mini Tower,Black,,,30.2,4
Thermaltake View 300 MX,628.2,ATX Mid Tower,Black,,Tempered Glass,58.8,2
darkFlash DLH21,560.86,Mini ITX Tower,White,,,17.2,1
Thermaltake Divider 200 TG Air,1315.5,MicroATX Mini Tower,White,,Tempered Glass,51.6,3
BitFenix Prodigy M 2022,346.21,MicroATX Mini Tower,White / Black,,Tempered Glass,,2
Cougar Dust 2,722.83,Mini ITX Tower,Black / Gold,,Mesh,23.6,0
GameMax Silent Max,528.58,ATX Mid Tower,Black,,,98.5,8
Thermaltake Versa H24,602.29,ATX Mid Tower,Black,,,42.6,3
NOX Hummer TGM,948.19,ATX Mid Tower,,,Tempered Glass,36.6,2
Silverstone GD06B,831.68,HTPC,Black,,,22.4,4
Silverstone FTZ01,862.83,Mini ITX Desktop,Black,,,,1
Thermaltake AH T200,584.87,MicroATX Mid Tower,Green / Black,,Tempered Glass,69.1,2
CiT Blade ARGB,317.74,ATX Mid Tower,Black,,Tempered Glass,38.9,2
Chieftec CI-01B-OP,919.85,MicroATX Desktop,Black,,,33.6,2
Cooler Master Silencio S400,2397.97,MicroATX Mini Tower,Black,,Tempered Glass,,4
Apevia Destiny Pro,385.59,ATX Mid Tower,White / Black,,Tempered Glass,42.0,2
SHARKOON REV 200,408.17,ATX Mid Tower,Black,,Tempered Glass,50.5,2
ADATA XPG STARKER,303.27,ATX Mid Tower,Black,,Tempered Glass,40.0,2
RAIJINTEK Thetis,523.6,ATX Mid Tower,Silver,,Acrylic,27.7,2
Geometric Future Model 2 The ARK,519.53,MicroATX Mini Tower,White,,Mesh,40.7,1
Geometric Future Model 6,432.87,ATX Mid Tower,Black / Yellow,,Tinted Tempered Glass,43.5,4
RAIJINTEK METIS EVO ALS,324.54,Mini ITX Desktop,Blue,,,22.3,2
Cooler Master MasterCase H100,375.28,Mini ITX Desktop,Black,,,,1
Cougar Archon 2 RGB,519.96,ATX Mid Tower,Black,,Tempered Glass,37.5,2
Silverstone TJ04B-E,1090.66,ATX Mid Tower,Black,,,51.0,9
SHARKOON MS-Y1000,344.6,MicroATX Mid Tower,White,,Tempered Glass,26.2,1
Azza Eclipse 440,277.27,ATX Mid Tower,Black,,Tempered Glass,45.5,2
Apevia Predator,324.89,ATX Mid Tower,White,,Tempered Glass,35.7,3
Apevia Genesis-WH,346.55,ATX Mid Tower,White / Black,,Tempered Glass,,3
Cougar DarkBlader X7,697.18,ATX Mid Tower,Black / Green,,Tempered Glass,50.0,2
Silverstone FARA 511Z,398.46,ATX Mid Tower,Black,,Tempered Glass,42.9,2
Thermaltake Urban S31 Window,415.92,ATX Mid Tower,White,,Acrylic,53.6,6
RAIJINTEK OPHION M EVO TGS,302.88,MicroATX Mid Tower,Black,,Tempered Glass,,3
Silverstone PS07B,472.38,MicroATX Mini Tower,Black,,,31.4,5
Silverstone GD10B,677.29,HTPC,Black,,,27.4,2
Geometric Future Model 2 The ARK,649.52,MicroATX Mini Tower,Gray / Black,,Tempered Glass,40.7,1
RAIJINTEK METIS EVO TGS,324.93,Mini ITX Desktop,Silver,,Tempered Glass,22.3,2
be quiet! Silent Base 601,649.52,ATX Mid Tower,Black / Silver,,Tempered Glass,,3
Silverstone PM02-G,584.91,ATX Mid Tower,Black / Red,,Tempered Glass,49.3,3
GameMax Dragon Knight,558.91,ATX Mid Tower,Black,,Acrylic,59.1,8
Cougar Gemini M,455.96,MicroATX Mini Tower,Black,,Tempered Glass,35.7,2
Cougar DarkBlader X5 RGB,831.24,ATX Mid Tower,Black,,Tempered Glass,50.0,2
Silverstone RL08BR-RGB,648.35,MicroATX Mini Tower,Black / Red,,Tempered Glass,,3
Silverstone FARA 512Z,445.43,ATX Mid Tower,Black,,Tempered Glass,43.3,2
RAIJINTEK METIS EVO ALS,324.54,Mini ITX Desktop,Red,,,22.3,2
Silverstone RVZ03W-ARGB,649.91,Mini ITX Desktop,White,,,,0
be quiet! Silent Base 601,1083.25,ATX Mid Tower,Black / Orange,,,,3
Inter-Tech SC-4100,676.12,Mini ITX Desktop,Black,,,10.6,0
ADATA XPG Battlecruiser II,779.9,ATX Mid Tower,White,,Tempered Glass,62.6,5
Azza Octane A,368.26,ATX Mid Tower,Black,,Tempered Glass,44.8,2
Apevia Matrix,329.22,ATX Mid Tower,Pink,,Tempered Glass,37.8,3
RAIJINTEK Metis Plus,348.94,Mini ITX Tower,White,,Acrylic,13.4,2
Geometric Future Model 8,649.52,ATX Mid Tower,Black / White,,Tinted Tempered Glass,57.5,6
BitFenix Prodigy M 2022 ARGB,389.54,MicroATX Mini Tower,Black / White,,Tempered Glass,,2
RAIJINTEK PAN Slim,822.84,Mini ITX Desktop,Silver,,,38.7,2
Thermaltake Divider 500 TG ARGB,590.72,ATX Mid Tower,Black,,Tempered Glass,56.8,2
Zalman M4,303.27,MicroATX Mini Tower,Black,,Tempered Glass,34.0,2
HEC 6T10LITE,323.98,MicroATX Mini Tower,Black,,,24.0,2
RAIJINTEK OPHION M EVO ALS,302.88,MicroATX Mid Tower,Black,,,,3
Chieftec UE-02B,771.27,MicroATX Mini Tower,,,,12.9,1
RAIJINTEK Metis Plus,348.94,Mini ITX Tower,Silver,,Acrylic,13.4,2
Geometric Future Model 2 The ARK,519.53,MicroATX Mini Tower,Black / Gold,,Mesh,40.7,1
Corsair iCUE 5000X RGB Planetary,1083.21,ATX Mid Tower,Black / Orange,,Tempered Glass,66.2,2
Silverstone FARA R1 PRO,432.69,ATX Mid Tower,White,,Tempered Glass,36.0,1
SHARKOON MS-Y1000,326.45,MicroATX Mid Tower,Black,,Tempered Glass,26.2,1
GameMax Kreator,298.93,ATX Mid Tower,Black,,Tempered Glass,40.7,2
ADATA XPG STARKER,303.27,ATX Mid Tower,White,,Tempered Glass,40.0,2
Silverstone RVZ02B,556.01,HTPC,Black / Clear,,Acrylic,,1
Silverstone Lucid LD03,498.3,Mini ITX Tower,,,Tinted Tempered Glass,25.2,1
Streacom BC1 Mini,595.4,Mini ITX Test Bench,Red,,,,0
ADATA XPG DEFENDER,346.6,ATX Mid Tower,White / Black,,Tempered Glass,47.7,2
Geometric Future Model 8,692.85,ATX Mid Tower,Black / Blue,,Tinted Tempered Glass,57.5,6
BitFenix Dawn TG,476.2,ATX Mid Tower,Black,,Tempered Glass,,2
Corsair iCUE 5000X RGB Triptych,1083.21,ATX Mid Tower,Black / Green,,Tempered Glass,66.2,2
DIYPC Shadow-H3-ARGB,259.72,ATX Mid Tower,Black,,Tempered Glass,,3
Cougar DarkBlader X5,522.78,ATX Mid Tower,White,,Tempered Glass,50.0,2
FSP Group CUT593P,628.24,ATX Full Tower,White,,Tempered Glass,62.6,3
Thermaltake AH T200,584.87,MicroATX Mid Tower,Turquoise / Black,,Tempered Glass,69.1,2
Antec Draco 10,346.64,MicroATX Mini Tower,Black,,Tempered Glass,40.0,2
Chieftec BT-02B-U3-250VS (230V),792.94,Mini ITX Tower,,250.0,,9.6,1
RAIJINTEK Metis Plus,348.94,Mini ITX Tower,Blue,,Acrylic,13.4,2
ADATA XPG CRUISER,389.93,ATX Mid Tower,Black,,Tempered Glass,53.8,4
KOLINK Unity Nexus ARGB,593.66,ATX Mid Tower,Black,,Tempered Glass,51.3,2
RAIJINTEK STYX,371.94,MicroATX Mini Tower,Blue,,Acrylic,,3
Silverstone Lucid LD03-AF,576.25,Mini ITX Tower,Black,,Tempered Glass,25.2,1
Silverstone CS01,641.24,Mini ITX Tower,Silver,,,,2
Azza CUBE MINI 805,1299.86,Mini ITX Tower,Silver / Black,,Tempered Glass,17.6,0
Silverstone SETA A1,604.76,ATX Mid Tower,Silver / Black,,Tempered Glass,45.7,2
BitFenix Prodigy M 2022 ARGB,389.54,MicroATX Mini Tower,White / Black,,Tempered Glass,,2
Geometric Future Model 8,736.18,ATX Mid Tower,Black / Silver,,Tinted Tempered Glass,57.5,6
Silverstone PS14-E,393.48,ATX Mid Tower,Black,,Tempered Glass,43.1,2
Thermaltake Versa N27,866.6,ATX Mid Tower,Black,,Acrylic,,4
Fractal Design Define 7 Light,972.76,ATX Mid Tower,Gray,,Tempered Glass,62.4,6
In Win Z583T.CQ350TB3L,441.92,MicroATX Mini Tower,Black / Silver,350.0,,24.2,1
Silverstone ALTA F1,1161.2,ATX Mid Tower,Black,,Tempered Glass,56.8,2
Corsair iCUE 5000X RGB Shift,1083.21,ATX Mid Tower,Black / Blue,,Tempered Glass,66.2,2
ADATA XPG DEFENDER PRO,457.65,ATX Mid Tower,White / Black,,Tempered Glass,47.7,2
Thermaltake A500,1076.27,ATX Mid Tower,Silver / Black,,Tempered Glass,67.4,6
Deco Gear DGPCS01,368.26,ATX Mid Tower,Black,,Tempered Glass,,2
Cougar DarkBlader X5,506.83,ATX Mid Tower,Black,,Tempered Glass,50.0,2
Thermaltake Divider 300 ARGB Triangular,595.27,ATX Mid Tower,Black,,Tempered Glass,48.2,2
Antec P5,686.87,MicroATX Mini Tower,Black,,,,2
Thermaltake H700 TG,411.55,ATX Mid Tower,White,,Tempered Glass,53.5,2
RAIJINTEK Metis Plus,348.94,Mini ITX Tower,Red,,Acrylic,13.4,2
Thermaltake Divider 500 TG ARGB Snow,537.25,ATX Mid Tower,White,,Tempered Glass,56.8,2
SHARKOON MS-Z1000,344.6,MicroATX Mid Tower,White,,Tempered Glass,26.2,1
Azza Chroma 410,519.96,ATX Mid Tower,Black,,Acrylic,,2
Thermaltake Versa N26,818.94,ATX Mid Tower,Black,,Acrylic,44.7,3
Cougar Turret RGB,803.99,ATX Mid Tower,Black,,Tempered Glass,39.9,2
Apevia Destiny Flow,363.93,ATX Mid Tower,Pink,,Tempered Glass,,2
RAIJINTEK Thetis,566.93,ATX Mid Tower,Silver,,,27.7,2
Silverstone PS14-E,334.64,ATX Mid Tower,Black,,,43.1,2
In Win EFS712,497.3,MicroATX Mini Tower,Black,,,25.5,3
Azza Opus 809,1516.51,ATX Mid Tower,Silver / Black,,Tinted Tempered Glass,,1
Thermaltake Versa T27 TG ARGB,553.84,ATX Mid Tower,Black,,Tempered Glass,50.7,2
Silverstone FARA V1M PRO,326.84,MicroATX Mid Tower,Black,,Tempered Glass,36.0,2
RAIJINTEK STYX,371.94,MicroATX Mini Tower,Silver,,Acrylic,,3
Apevia Destiny Flow,363.93,ATX Mid Tower,White,,Tempered Glass,,2
Thermaltake Commander C34 TG ARGB,324.89,ATX Mid Tower,Black,,Tempered Glass,,3
RAIJINTEK Metis Plus,348.94,Mini ITX Tower,Gold,,Acrylic,13.4,2
SHARKOON MS-Z1000,326.45,MicroATX Mid Tower,Black,,Tempered Glass,26.2,1
Aerocool Menace Saturn FRGB,667.28,ATX Mid Tower,Black,,Tempered Glass,36.7,2
Chieftec BT-04B-U3-250VS (230V),1074.58,Mini ITX Tower,Black,250.0,,10.5,1
Thermaltake Versa H24,710.61,ATX Mid Tower,Black,,Acrylic,42.6,3
Silverstone RV05B,459.56,ATX Mid Tower,Black,,,63.8,2
Silverstone ALTA F1,1223.99,ATX Mid Tower,Silver / Black,,Tempered Glass,56.8,2
Thermaltake Divider 500 TG ARGB Air,693.24,ATX Mid Tower,Black,,Tempered Glass,56.8,2
Silverstone SETA A1,597.43,ATX Mid Tower,Black,,Tempered Glass,45.7,2
be quiet! Silent Base 601,673.95,ATX Mid Tower,Black / Silver,,,,3
Azza Zircon 7000B,736.57,ATX Full Tower,Black,,Tempered Glass,61.8,5
Cougar MG120-G RGB,358.69,ATX Mid Tower,Black,,Tempered Glass,34.9,2
SAMA M2,216.26,ATX Mid Tower,,,Tempered Glass,39.2,2
Silverstone SG12B-V2,702.64,MicroATX Mini Tower,Black / Blue,,,,3
BitFenix Colossus Micro,996.59,MicroATX Mid Tower,Black,,,30.6,4
Silverstone FTZ01,736.57,Mini ITX Desktop,Silver,,,,1
MagniumGear NEO Silent (2023),359.55,ATX Mid Tower,Black,,Tempered Glass,41.4,2
Thermaltake Divider 300 TG Air,519.92,ATX Mid Tower,Black,,Tempered Glass,48.2,2
In Win 904,995.38,ATX Mid Tower,Black,,Tempered Glass,,3
RAIJINTEK STYX,371.94,MicroATX Mini Tower,Silver,,,,3
Silverstone RV05B-W,582.4,ATX Mid Tower,Black,,Acrylic,63.8,2
Silverstone SG04B-F,519.92,MicroATX Mini Tower,Black,,,24.7,2
RAIJINTEK STYX,371.94,MicroATX Mini Tower,Red,,Acrylic,,3
Thermaltake Commander C34 TG Snow ARGB,324.8,ATX Mid Tower,White / Black,,Tempered Glass,,3
Silverstone PM02-G,593.58,ATX Mid Tower,,,Tempered Glass,49.3,3
Thermaltake Divider 500 TG ARGB Air Snow,714.86,ATX Mid Tower,White,,Tempered Glass,56.8,2
RAIJINTEK PAEAN PREMIUM,952.83,ATX Mid Tower,Silver,,Tempered Glass,90.6,2
Silverstone CS01-HS,862.22,Mini ITX Tower,Silver,,,,0
Thermaltake Divider 300 TG Air Snow,519.92,ATX Mid Tower,White,,Tempered Glass,48.2,2
Cougar MX660-T RGB,740.77,ATX Mid Tower,Black,,Tempered Glass,50.0,2
