name,price,size,color,rpm,airflow,noise_level,pwm
Lian Li Uni Fan SL-Infinity 3-Pack,363.97,120,Black,,"0,61.3","0,29",True
Corsair iCUE SP120 RGB ELITE 3-Pack,259.94,120,Black / White,"400,1500",,,True
Lian Li Uni Fan SL-Infinity 3-Pack,363.54,120,White,,"0,61.3","0,29",True
Noctua NF-A12x25 PWM chromax.black.swap,151.44,120,Black,"450,2000",60.09,22.6,True
Lian Li Uni Fan SL-Infinity,129.95,120,Black,,"0,61.3","0,29",True
Lian Li UNI FAN SL V2 3-Pack,359.6,120,White / Silver,"250,2000",64.5,29.2,True
ARCTIC P12 PST 5-Pack,151.61,120,Black,"200,1800",56.3,22.5,True
Lian Li UNI FAN SL-INF Reverse Blade,154.77,120,White / Black,"200,2100",63.6,32,True
Lian Li Uni Fan SL-Infinity,116.95,120,White,,"0,61.3","0,29",True
Corsair iCUE LINK QX120 RGB Starter Kit 3-Pack,541.58,120,Black,"480,2400","16.44,63.1",,True
Lian Li UNI FAN SL-INF Reverse Blade,129.95,120,White,"200,2100",63.6,32,True
Lian Li UNI FAN SL V2 3-Pack,337.93,120,Black / Silver,"250,2000",64.5,29.2,True
Thermalright TL-C12C X3 3-Pack,51.56,120,Black,1550,66.17,25.6,True
NZXT F120 RGB 3-Pack,335.07,120,White,"500,1800","13.94,50.18","17.2,27.5",True
Noctua A14 PWM chromax.black.swap,116.77,140,Multicolor,"300,1500",82.52,24.6,True
ARCTIC P12,38.95,120,Black,"200,1800",56.3,,True
Thermalright TL-C12C-S X3 3-Pack,58.89,120,Black,1550,66.17,25.6,True
Noctua A12x25 PWM,142.77,120,Brown,"450,2000","49.73,60.1","18.8,22.6",True
Corsair iCUE LINK QX120 RGB Starter Kit 3-Pack,693.24,120,White,"480,2400","16.44,63.1",,True
Deepcool FC120-3 IN 1 3-Pack,151.61,120,Black,"500,1800",61.91,28,True
Corsair ML120 PRO 3-Pack,719.71,120,Black / White,"400,1600",47.3,25,True
NZXT F120 RGB 3-Pack,335.07,120,Black,"500,1800","13.94,50.18","17.2,27.5",True
be quiet! Silent Wings Pro 4,120.89,120,Black,3000,83.9,36.9,True
ARCTIC P12 Max,43.29,120,Black,"200,3300",81.04,,True
Lian Li Uni Fan SL-Infinity,129.95,140,Black,"200,1600",72.7,28,True
Thermalright TL-C12CW-S X3 3-Pack,57.15,120,White,1550,66.17,25.6,True
Noctua P12 redux-1700 PWM,69.11,120,Gray,"450,1700",70.75,25.1,True
Noctua A14 PWM,103.78,140,Brown,"300,1500","68,82.5","19.2,24.6",True
Lian Li Uni Fan SL-Infinity,129.95,140,White,"200,1600",72.7,28,True
ARCTIC P12 Max 5-Pack,155.94,120,Black,"200,3300",81.04,,True
Corsair iCUE AR120 Digital RGB 3-Pack,194.94,120,Black,"400,1850","10.7,59","10,27.3",True
Corsair iCUE SP120 RGB ELITE,86.57,120,Black / White,"400,1500",,,True
be quiet! Pure Wings 2,42.9,120,Black,"500,1500","51.4,87",20.2,True
Corsair iCUE AF120 RGB ELITE 3-Pack,330.61,120,Black,"550,2100","13.8,65.57","5,34.1",True
Thermalright TL-C12B-S V3 X3 3-Pack,73.18,120,Black,1500,66.17,25.6,True
Deepcool FK120 3-Pack,129.95,120,,"500,1850",68.99,28,True
ARCTIC P14 PST,56.29,140,Black,"200,1700",72.8,22.5,True
be quiet! Silent Wings Pro 4,120.89,140,Black,2400,97.41,36.8,True
Lian Li UNI FAN SL V2,116.95,120,Black / Silver,"250,2000",64.5,29.2,True
Lian Li UNI FAN SL-INF Reverse Blade,129.34,140,Black / White,"200,1600",71.6,28.6,True
Lian Li UNI FAN SL V2,116.95,120,White / Silver,"250,2000",64.5,29.2,True
ARCTIC P12 PST A-RGB 0dB 3-Pack,186.28,120,Black,,48.8,,True
Lian Li UNI FAN TL LCD 120 3-Pack,649.91,120,White,,90.1,33,True
Corsair LL120 3-Pack,303.27,120,Black,"600,1500",43.25,24.8,True
Noctua F12 industrialPPC-3000 PWM,121.11,120,Brown / Black,"750,3000",109.89,43.5,True
ARCTIC P12 Slim PWM PST 3-Pack,96.89,120,Black,"300,2100",42.1,22.5,True
Montech AX120,42.9,120,Black,"800,1600",59,27,True
Thermalright TL-S12 X3 3-Pack,73.18,120,Black,1500,47.6,23.2,True
Noctua A14 industrialPPC-3000 PWM,129.77,140,Brown / Black,"800,3000",158.5,41.3,True
Lian Li UNI FAN SL V2 120 Reverse,108.32,120,Black,"250,2000",65.4,32,True
Thermalright TL-S12W X3 3-Pack,77.52,120,White,1500,47.6,23.2,True
Lian Li UNI FAN TL LCD 120 3-Pack,628.28,120,Black,,90.1,33,True
Lian Li UNI FAN TL LCD 120 Reverse Blade 3-Pack,615.24,120,Black,,83.4,34,True
Deepcool FC120 WHITE-3 IN 1 3-Pack,151.61,120,White,"500,1800",61.91,28,True
NZXT F RGB Core 2-Pack,303.22,140,Black,"500,1800","24.85,89.48","20,32.5",True
NZXT F120Q,108.24,120,Black,"500,1200","27.77,64","16.7,22.5",True
Corsair iCUE LINK QX140 RGB Starter Kit 2-Pack,519.92,140,Black,"400,2000","12.1,82.5",,True
Noctua A12x15 PWM chromax.black.swap,116.77,120,Black / Multicolor,"450,1850",55.44,23.9,True
Phanteks D30-120 Reversed 3-Pack,389.93,120,Black,"250,2000",61.5,31.8,True
Lian Li UNI FAN TL LCD 120 Reverse Blade 3-Pack,584.91,120,White,,83.4,34,True
Lian Li UNI FAN SL V2 120 Reverse,112.66,120,White,"250,2000",65.4,32,True
NZXT F140 RGB 2-Pack,303.27,140,White,"500,1800","24.85,89.48","20,32.5",True
NZXT F120 RGB Core 3-Pack,303.27,120,White,"500,1800",78.86,33.88,True
Lian Li UNI FAN SL-INF Reverse Blade,126.44,140,White,"200,1600",71.6,28.6,True
Deepcool FC120,69.28,120,Black,"500,1800",,,True
Corsair iCUE AR120 Digital RGB 3-Pack,194.94,120,White,"400,1850","10.7,59","10,27.3",True
Phanteks PH-F120T30,151.57,120,Black / Gray,,"0,101","0,39.7",True
be quiet! Light Wings PWM high-speed 3-Pack,237.88,120,Black,2500,52.3,31,True
Noctua F12 PWM,94.37,120,Brown,"300,1500","43.73,54.97","18.6,22.4",True
Corsair iCUE SP RGB ELITE 3-Pack,303.22,120,White,"400,1500",47.73,28,True
ARCTIC P12 PST,44.8,120,White,"200,1800",56.3,,True
Lian Li UNI FAN SL V2,151.57,140,Black / Silver,"250,1600",77.6,29,True
ARCTIC P12 Slim PWM PST,38.95,120,Black,"300,2100",41.1,22.5,True
Phanteks D30-120 Reversed 3-Pack,389.93,120,White,"250,2000",61.5,31.8,True
NZXT F120 RGB,108.28,120,White,"500,1800","13.94,50.18","17.2,27.5",True
Asus TUF Gaming TF120 ARGB 3-Pack,216.61,120,Black / White,"250,1900",76,29,True
Corsair LL120 3-Pack,303.22,120,White,2200,63,36,True
Corsair AF120 ELITE,84.71,120,Black,"400,1850","10.9,59.1",31.5,True
be quiet! Pure Wings 2,42.9,140,Black,"400,1000",61.2,19.8,True
Corsair iCUE AR120 Digital RGB,86.57,120,Black,"400,1850","10.7,59","10,27.3",True
Lian Li UNI FAN P28 3-Pack,246.55,120,Black,"200,2600","44.94,92","20.4,32.1",True
Thermalright TL-C12RW-S V2,30.29,120,Black / White,1500,58,25.6,True
NZXT F140 RGB 2-Pack,303.27,140,Black,"500,1800","24.85,89.48","20,32.5",True
NZXT F120 RGB DUO 3-Pack,407.26,120,Black,"500,1800",48.58,29,True
Lian Li UNI FAN AL120 V2 3-Pack,323.07,120,Black,"250,2000",77.3,28.7,True
Montech RX120,55.9,120,Black,"800,1600",59,27,True
Corsair iCUE AF120 RGB ELITE 3-Pack,389.93,120,White,"550,2100","13.8,65.57","5,34.1",True
NZXT F120 RGB DUO,186.23,120,Black,"500,1800",48.58,29,True
ARCTIC P14 Max,56.29,140,Black,"400,2800",95,,True
Corsair iCUE QL120 3-Pack,389.93,120,Black,1500,41.8,26,True
Phanteks D30-120,147.24,120,Black,"250,2000",64.3,30.2,True
Corsair SP120 ELITE,64.95,120,Black,"300,1300","6.37,45.4","5,20.6",True
Phanteks PH-F120T30 3-Pack,368.26,120,Black / Gray,,"0,101","0,39.7",True
NZXT F120P,108.24,120,Black,"500,1800","21.67,78.02","17.9,30.6",True
ARCTIC P12 PST A-RGB 0dB,73.57,120,Black,,48.8,,True
Phanteks D30-120 3-Pack,389.93,120,Black,"250,2000",64.3,30.2,True
Lian Li UNI FAN AL120 V2 3-Pack,277.31,120,White,"250,2000",77.3,28.7,True
Lian Li UNI FAN SL V2,129.95,140,White / Silver,"250,1600",77.6,29,True
Corsair LL120,121.28,120,Black,"600,1500",43.25,24.8,True
ARCTIC P14 PST,56.29,140,White,"200,1700",72.8,22.5,True
Cooler Master MasterFan MF Halo 3-Pack,242.78,120,Black,"650,1800",47.2,"6,30",True
Montech RX120,55.9,120,White,"800,1600",59,27,True
Noctua F12 PWM chromax.black.swap,107.24,120,Multicolor,"300,1500",54.97,22.4,True
Corsair iCUE LINK RX120 3-Pack,411.59,120,Black / White,2100,"10.5,74.2","10,36",False
Phanteks D30-120,147.24,120,White,"250,2000",64.3,30.2,True
Thermaltake SWAFAN EX12 ARGB 3-Pack,329.22,120,Black,"500,2000","56.26,57.11","30.6,32.5",True
ARCTIC P12 5-Pack,103.95,120,Black,1800,56.3,,False
Noctua A9x14 HS-PWM chromax.Black.swap,95.11,92,Black / Multicolor,"600,2500",33.84,23.6,True
Noctua P14s redux-1500 PWM,73.44,140,Black / Gray,"450,1500",78.69,25.8,True
Thermalright TL-S12W,30.29,120,White,1500,47.6,23.2,True
NZXT F120 RGB DUO 3-Pack,498.25,120,White,"500,1800",48.58,29,True
Corsair iCUE AF120 RGB SLIM,121.28,120,Black,"600,2000","13.4,56.3",27.5,True
ARCTIC P14 PST 5-Pack,272.55,140,Black,"200,1700",72.8,22.5,True
Cooler Master SickleFlow 3-Pack,246.68,120,Black,"650,1800",62,"8,27",True
Noctua S12A PWM chromax.black.swap,99.23,120,Multicolor,"300,1200",63.27,17.8,True
Thermalright TL-C12CW,28.55,120,White,1550,66.17,25.6,True
Thermalright TL-S12,29.42,120,Black,1500,47.6,23.2,True
NZXT F140 RGB,116.95,140,White,"500,1800","24.85,89.48","20,32.5",True
NZXT F120 RGB Core 3-Pack,303.27,120,Black,"500,1800",78.86,33.88,True
Cooler Master SickleFlow,43.29,120,Black,"650,1800",62,"8,27",True
Lian Li UNI FAN P28 3-Pack,207.98,120,White,"200,2600","44.94,92","20.4,32.1",True
Corsair iCUE AR120 Digital RGB,82.24,120,White,"400,1850","10.7,59","10,27.3",True
Thermalright TL-C-C-S,81.85,140,White,1500,75.8,26.4,True
be quiet! Pure Wings 3,42.9,120,Black,2100,59.6,30.9,True
Noctua A12x15 PWM,95.11,120,Brown,"450,1850","41.67,55.44","16.8,23.9",True
be quiet! Silent Wings 4,77.52,120,Black,2500,76.7,"32.1,31.2",True
Corsair iCUE LINK QX140 RGB Starter Kit 2-Pack,606.58,140,White,"400,2400","12.1,82.5",,True
Phanteks D30-120 Reversed,147.24,120,Black,"250,2000",61.5,31.8,True
Thermaltake CT120 ARGB Sync 2-Pack,108.28,120,Black,"500,2000",57.05,25.8,True
NZXT F120 RGB,108.28,120,Black,"500,1800","13.94,50.18","17.2,27.5",True
Noctua A8 PWM,73.44,80,Brown,"450,2200","25.84,32.66","13.8,17.7",True
Thermaltake SWAFAN EX12 ARGB 3-Pack,324.89,120,White,"500,2000","56.26,57.11","30.6,32.5",True
be quiet! Light Wings PWM high-speed 3-Pack,237.88,140,Black,2200,71.7,31,True
Corsair iCUE LINK RX120 3-Pack,359.6,120,Black,2100,"10.5,74.2","10,36",False
Phanteks D30-120 3-Pack,389.93,120,White,"250,2000",64.3,30.2,True
ARCTIC P12 Max,62.79,120,White,"200,3300",81.04,,True
Montech AX120,55.9,120,White,"800,1600",59,27,True
Corsair iCUE LINK RX120 3-Pack,389.93,120,White,2100,"10.5,74.2","10,36",False
Lian Li UNI FAN SL V2 120 5-Pack,563.25,120,White,"250,2000",64.5,29.2,True
Corsair iCUE AF140 RGB ELITE 2-Pack,324.89,140,Black,"500,1700","19.5,89","5,33.8",True
Lian Li UNI FAN TL 120 3-Pack,472.3,120,Black,"200,2600",90.1,33,False
NZXT F120Q,108.24,120,White,"500,1200","27.77,64","16.7,22.5",True
Thermalright TL-M12W-S,45.89,120,White,1500,47.6,23.2,True
Asus TUF Gaming TF120 ARGB,82.24,120,Black / White,"250,1900",76,29,True
Lian Li UNI FAN AL120 V2,77.95,120,White,"250,2000",77.3,28.7,True
Fractal Design Aspect 14 PWM,146.67,140,Black,"500,1700","20,78","10,35.5",True
Phanteks D30-120 Reversed,142.9,120,White,"250,2000",61.5,31.8,True
Lian Li UNI FAN SL V2 120 5-Pack,563.25,120,Black,"250,2000",64.5,29.2,True
ID-COOLING AF-125 3-Pack,108.28,120,Black,"500,2000",78.25,29.85,True
Lian Li UNI FAN TL 120 Reverse Blade 3-Pack,476.59,120,White,"200,2300",83.4,34,False
Noctua S12B redux-1200 PWM,64.78,120,Black / Gray,"400,1200",59.1,18.1,True
ARCTIC P12,36.79,120,Black,1800,56.3,,False
ID-COOLING XF-12025-ARGB-TRIO 3-Pack,108.28,120,Black / White,"700,1500",62,"18,26.4",True
Lian Li UNI SL120 3-Pack,428.88,120,Black,"800,1900",58.54,"17,31",True
Noctua P14s redux-1200 PWM,73.44,140,Black / Gray,"350,1200",64.92,19.6,True
Noctua A20 PWM chromax.black.swap,160.1,200,Black / Multicolor,"350,800",86.46,18.1,True
Cooler Master SickleFlow 120 ARGB 3 In 1 3-Pack,160.28,120,White,"650,1800",62,"8,27",True
BGears b-Blaster,164.57,140,Black,5200,308,70,False
Lian Li UNI FAN TL 120 Reverse Blade 3-Pack,476.59,120,Black,"200,2300",83.4,34,False
be quiet! Light Wings PWM 3-Pack,237.88,120,Black,1700,41.51,20.6,True
Xigmatek eXTREME SILENT,19.46,80,Black,2200,36,24,False
ARCTIC P12,41.03,120,Black / Transparent,"200,1800",56.3,22.5,True
NZXT F120 RGB DUO,142.95,120,White,"500,1800",48.58,29,True
Thermalright TL-P12-S,28.55,120,Black / White,1500,52.86,22.1,True
Lian Li UNI FAN AL120 V2,121.28,120,Black,"250,2000",77.3,28.7,True
Phanteks M25-120 PWM D-RGB 3-Pack,129.95,120,Black,"500,2000",84.26,35.7,True
Corsair iCUE QL120 3-Pack,428.92,120,White / Black,"525,1500",41.8,26,True
Corsair iCUE SP140 RGB ELITE 2-Pack,303.22,140,Black / White,"405,1200",,,True
Phanteks PH-F140D30R 3-Pack,389.93,140,Black,"250,1800",71.76,32.1,True
Cooler Master MOBIUS 120P ARGB,90.91,120,Black,,75.2,30,True
be quiet! Silent Wings 4,103.56,140,Black,1100,51.3,13.6,True
Phanteks M25-140 PWM,47.62,140,Black,"500,1800",104.62,36.57,True
NZXT F140 RGB,116.95,140,Black,"500,1800","24.85,89.48","20,32.5",True
Corsair iCUE ML RGB ELITE Premium 3-Pack,256.73,120,Black,"450,2000","14.86,58.1","10,30.4",True
Thermalright TL-M12-S,34.19,120,Black,1500,47.6,23.2,True
be quiet! Pure Wings 3,51.56,140,Black,1800,72.2,30.5,True
Noctua R8 redux-1800 PWM,56.11,80,Black / Gray,"325,1800",31.37,17.1,True
Corsair LL120,151.61,120,White,2200,63,36,True
Lian Li UNI FAN AL140 V2,134.28,140,Black,"250,1600",81.3,26.8,True
Lian Li UNI FAN TL 120 3-Pack,441.92,120,White,"200,2600",90.1,33,False
Thermalright TL-C12B-S V3,31.15,120,Black,1500,66.17,25.6,True
NZXT AER RGB 2,194.94,140,Black,"500,1500","30.39,91.19","22,33",True
Asus ROG STRIX XF,108.24,120,Black,1800,62.5,22.5,True
NZXT F140Q,116.9,140,Black,"500,1200","42.92,101","18,23",True
upHere T7SYC7 6-Pack,190.61,120,Black,"600,1700",,"16.1,27.7",True
Asus TUF GAMING TF120 ARGB White 3in1 3-Pack,216.61,120,White,"250,1900",76,29,True
be quiet! Light Wings PWM high-speed,103.69,120,Black,2500,52.3,31,True
Thermalright TL-C12 D6,26.82,120,Gray,1500,66.17,25.6,True
Thermaltake CT120 2-Pack,95.28,120,Black,"500,2000",57.05,25.8,True
ARCTIC P14,47.62,140,Black,1700,72.8,22.5,False
Phanteks M25-140 PWM D-RGB,77.91,140,Black,"500,1800",104.62,36.57,True
Lian Li UNI FAN P28,86.18,120,Black,"200,2600","44.94,92","20.4,32.1",True
Thermaltake CT140 ARGB Sync 2-Pack,194.9,140,Black,"500,1500",77.37,30.5,True
Corsair iCUE SP RGB ELITE,108.28,120,White,"400,1500",47.73,28,True
ARCTIC P12 PST,64.95,120,Black / Translucent Black,"200,1800",56.3,,True
be quiet! Light Wings 3-Pack,237.88,120,White,2500,52.3,31,True
NZXT Aer F,38.74,140,Black,,"34.48,103.43","21,35",True
ARCTIC F12 PST,43.29,120,Black,"230,1350",53,22.5,True
Phanteks M25-120 PWM D-RGB 3-Pack,129.95,120,White,"500,2000",84.26,35.7,True
Corsair iCUE AF140 RGB ELITE 2-Pack,303.22,140,White,"500,1700","19.5,89","5,33.8",True
Cooler Master MasterFan MF Halo,95.28,120,Black,"650,1800",47.2,"6,30",True
Corsair iCUE QL120,129.95,120,Black,"525,1500",41.8,26,True
ARCTIC P PST,73.57,140,White,"200,1900",68.9,22.5,True
ARCTIC F12 PST 5-Pack,127.0,120,Black,"230,1350",53,22.5,True
be quiet! Pure Wings 3,38.56,120,Black,1600,49.9,25.5,True
Noctua A14 industrialPPC-2000 IP67 PWM,138.44,140,Brown / Black,"500,2000",107.41,31.5,True
Lian Li UNI FAN AL140 V2,103.95,140,White,"250,1600",81.3,26.8,True
Noctua F12 industrialPPC-2000 PWM,121.11,120,Brown / Black,"450,2000",71.69,29.7,True
Thermaltake TOUGHFAN 2-Pack,175.83,140,Black,"500,2000",119.1,"25.2,33.2",True
Thermaltake CT140 2-Pack,129.95,140,Black,"500,1500",77.37,,True
Thermalright TL-C12C,28.55,120,Black,1550,66.17,25.6,True
Corsair iCUE AF120 RGB SLIM,129.95,120,White,"600,2000","13.4,56.3",27.5,True
NZXT F140Q,116.9,140,White,"500,1200","42.92,101","18,23",True
Cooler Master MasterFan MF Halo 3-Pack,312.84,120,White,"650,1800",47.2,"6,30",True
Lian Li Uni Fan SL 2-Pack,361.07,140,White,"500,1500",70.5,30,True
Fractal Design Aspect 12 RGB PWM 3-Pack,212.27,120,Black,"500,2000","13,56","10,33.2",True
NZXT F140 RGB DUO 2-Pack,316.31,140,Black,"500,1800",84.75,36,True
Noctua A8 PWM chromax.black.swap,175.23,80,Black / Multicolor,"450,2200",32.67,17.7,True
Noctua A9 PWM chromax.black.swap,119.94,92,Black / Multicolor,"400,2000",46.44,22.8,True
Thermalright TL-M12,34.62,120,Black,1500,47.6,23.2,True
ID-COOLING ZF,73.57,120,Pink / White,"900,2000",,"16.3,33.5",True
Thermaltake TOUGHFAN 2-Pack,129.95,120,Black,"500,2000",58.35,22.3,True
MSI MPG F120 ARGB-2B 2-Pack,155.99,120,Black,"600,1200",50.79,25.7,True
Lian Li Uni Fan SL 2-Pack,489.63,140,Black,"500,1500",70.5,30,True
Deepcool CF120 Plus 3-Pack,151.61,120,Black / White,"500,1800",52.5,28.8,True
Corsair iCUE SP140 RGB ELITE,129.95,140,Black / White,"450,1200",,,True
ARCTIC P14 PST CO,60.23,140,Black,"200,1700",72.8,22.5,True
Corsair iCUE LINK RX140 2-Pack,346.55,140,Black / White,1700,"18.1,95.7","10,36",False
be quiet! Silent Wings 4,77.52,120,Black,1600,48.7,18.9,True
be quiet! Light Wings PWM high-speed,107.89,140,Black,2200,71.7,31,True
Noctua A14 industrialPPC-2000 PWM,129.77,140,Brown / Black,"500,2000",107.41,31.5,True
be quiet! Pure Wings 2,34.23,120,Black,2000,65.51,36.9,True
ARCTIC P12 PST CO,49.7,120,Black,"200,1800",56.3,,True
Noctua S12A PWM,95.11,120,Brown,"300,1200",,"10.7,17.8",True
Thermaltake CT140 ARGB Sync 2-Pack,194.9,140,White,"500,1500",77.37,30.5,True
Montech AX,64.56,140,Black,"600,1600",90.5,27.9,True
Thermaltake CT120 ARGB Sync 2-Pack,129.95,120,White,"500,2000",57.05,25.8,True
APNX FP1,47.23,120,Black,"500,1600",74.6,"15.3,33.2",True
Noctua A15 PWM,103.73,140,Brown,"900,1200",,"13.8,19.2",True
Thermalright TL-B12 EXTREM,47.32,120,Black / Red,3150,112,40.5,True
Cooler Master SickleFlow,60.58,120,Black,"650,1800",62,"8,27",True
Lian Li ST120 3-Pack,194.08,120,Black,"800,1900",69.17,32,True
ARCTIC P14 Slim PWM PST,56.29,140,Black,"150,1800",52,,True
Thermalright TL-P12W-S,32.02,120,White,1500,52.86,22.1,True
Cooler Master SickleFlow 120 ARGB,125.79,120,White,"650,1800",62,"8,27",True
Corsair AF120 SLIM,108.28,120,Black,"600,2000","13.4,56.3","5,25.6",True
Phanteks PH-F140D30R 3-Pack,370.43,140,White,"250,1800",71.76,32.1,True
be quiet! Light Wings PWM 3-Pack,237.88,140,Black,1500,56,23.3,True
Noctua A9 PWM,82.11,92,Brown,"400,2000","36.84,46.44","16.3,22.8",True
Corsair AF140 ELITE,112.57,140,Black,"400,1600","15.3,84.5",31,True
Corsair LL140 2-Pack,402.15,140,Black,"600,1300",51.5,25,True
Phanteks M25-140 PWM D-RGB 3-Pack,151.61,140,Black,"500,1800",104.62,36.57,True
be quiet! Silent Wings Pro 4,142.56,120,White,3000,83.9,36.9,True
Phanteks PH-F140D30,129.95,140,Black,"250,1800",71.93,29.5,True
Noctua A15 HS-PWM chromax.black.swap,125.44,140,Multicolor,"300,1500",82.52,24.6,True
ID-COOLING AF-125 3-Pack,108.28,120,White,"500,2000",78.25,29.85,True
Thermaltake SWAFAN EX14 ARGB 3-Pack,389.93,140,White,"500,2000","79.3,81.6","34.5,38.8",True
Corsair iCUE LINK RX140 2-Pack,316.27,140,Black,1700,"18.1,95.7","10,36",False
Cooler Master MasterFan MF Halo,142.9,140,Black / White,"650,1500",55,"6,30",True
be quiet! Pure Wings 3,51.56,140,Black,1200,57.4,21.9,True
Fractal Design Dynamic X2 GP-14,101.39,140,Black,1000,68.4,18.9,False
Thermaltake SWAFAN EX14 ARGB 3-Pack,372.59,140,Black,"500,2000","79.3,81.6","34.5,38.8",True
Corsair iCUE AF120 RGB SLIM 2-Pack,282.94,120,Black,"600,2000","13.4,56.3",27.5,True
Noctua A20 PWM,142.77,200,Brown,"350,800","59.33,86.46","10.7,18.1",True
Noctua F12 industrialPPC-2000 IP67 PWM,121.11,120,Brown / Black,"450,2000",71.69,29.7,True
NZXT F120P,90.91,120,White,"500,1800","21.67,78.02","17.9,30.6",True
be quiet! Shadow Wings 2,64.56,120,Black,1100,38.5,15.9,True
Lian Li UNI SL120,157.81,120,White,"800,1900",58.54,"17,31",True
ARCTIC F12 5-Pack,99.44,120,Black,1350,53,22.5,False
be quiet! Light Wings PWM,107.89,140,Black,1500,56,23.3,True
EK Loop Fan FPT 120 D-RGB,123.71,120,Black,"550,2300",77,36,True
Phanteks M25-120 PWM 3-Pack,129.9,120,Black,"500,2000",84.26,35.7,True
Noctua NF-A6x25-PWM,64.78,60,Brown,"550,3000","13.3,17.19","13.7,19.3",True
Thermalright TL-C14C,38.95,140,Black,1500,75.8,26.4,True
be quiet! Pure Wings 3 PWM High-Speed,47.23,120,White,2100,59.6,30.9,True
Xigmatek XAF,25.95,120,Black,1500,75.3,24,False
Silverstone Air Slimmer 120,148.19,120,Black,,"0,63.67","0,31.7",True
Montech RX,64.56,140,Black,"600,1600",90.5,27.9,True
Lian Li UNI FAN P28,81.85,120,White,"200,2600","44.94,92","20.4,32.1",True
ID-COOLING AF-ARGB-K 3-Pack,173.28,120,Black,"500,2000",78,29.9,True
Gigabyte AORUS 120 ARGB,86.57,120,Black,"800,1700","18.52,40.85","7.3,28.6",True
ARCTIC P12 Silent,35.1,120,Black,1050,24.1,,False
Phanteks PH-F140D30 3-Pack,389.93,140,Black,"250,1800",71.93,29.5,True
Thermaltake Pure Plus RGB TT Premium Edition 3-Pack,216.61,140,Black,"500,1400",70.32,30.4,True
Asus TUF GAMING TF120 ARGB White,69.28,120,White,"250,1900",76,29,True
Antec Prizm 5+C 5-Pack,216.61,120,Black,2000,45.03,32.6,True
be quiet! Silent Wings 4,99.23,140,Black,1900,78.4,29.3,True
PC Cooler Moonlight 5-Pack,199.27,120,Black,"1000,1800",54,,True
Phanteks M25-140 PWM D-RGB 3-Pack,151.61,140,White,"500,1800",104.62,36.57,True
be quiet! Pure Wings 2,42.9,80,Black,"450,1900",26.3,19.2,True
Noctua A4x20 PWM,64.78,40,Brown,"1200,5000","4.89,5.53","12.2,14.9",True
In Win Sirius Loop ASL 3-Pack,129.99,120,Black,"500,1800",50,27,True
Noctua P12 redux-1300 PWM,64.78,120,Gray,"300,1300",54.32,19.8,True
Corsair AF120 ELITE,72.88,120,White / Gray,"400,1850","10.9,59.1",31.5,True
Corsair iCUE AF120 RGB SLIM 2-Pack,176.74,120,White,"600,2000","13.4,56.3",27.5,True
Phanteks PH-F140D30R,145.07,140,Black,"250,1800",71.76,32.1,True
be quiet! Pure Wings 2,42.9,140,Black,1000,61.2,18.8,False
Cooler Master MasterFan MF120 Halo²,101.09,120,Black,,51.88,27,True
Corsair iCUE LINK RX140 2-Pack,389.93,140,White,1700,"18.1,95.7","10,36",False
ARCTIC P14 5-Pack,147.28,140,Black,1700,72.8,22.5,False
be quiet! Pure Wings 3 PWM High-Speed,55.9,140,White,1800,72.2,30.5,True
NZXT F140P,116.9,140,Black,"500,1500","33.22,99.68","19.4,32.1",True
Fractal Design Dynamic X2 GP-12,104.77,120,Black,1200,52.3,19.4,False
upHere NT1207 5-Pack,164.61,120,White,"600,1800","29.37,86.34",,True
HYTE flow FA12 3-Pack,93.16,120,Black / White,1500,72,28,True
Noctua S12B redux-700,60.45,120,Black / Gray,700,33.49,6.8,False
Antec Storm T3 3-Pack,155.94,120,Black,"600,2200","18.17,80.47",36.99,True
Lian Li ST120 3-Pack,170.29,120,White,"800,1900",69.17,32,True
be quiet! Pure Wings 2,42.9,120,Black,1500,51.4,19.2,False
Thermalright TL-K12,55.9,120,Black,2150,69,27,True
Lian Li UNI SL120,154.56,120,Black,"800,1900",58.54,"17,31",True
GAMDIAS AEOLUS P2 3-Pack,368.26,120,Black,"1000,2400",74.97,,True
Phanteks PH-F140D30R,151.57,140,White,"250,1800",71.76,32.1,True
Phanteks M25-120 PWM D-RGB,69.24,120,Black,"500,2000",84.26,35.7,True
Lian Li UNI FAN AL360 3-Pack,346.55,120,White,"800,1900",64.5,"17,28.3",True
Fractal Design Aspect 14 RGB PWM 3-Pack,259.94,140,Black,"500,1700","20,78","10,35.5",True
Cooler Master SickleFlow ARGB Reverse Edition,90.95,120,Black / White,"650,1800",62,"8,27",True
Fractal Design Dynamic X2 GP,174.58,180,Black,"300,1200","44.9,153.7","16,35.4",True
be quiet! Light Wings PWM,107.89,120,Black,1700,41.51,20.6,True
Fractal Design Aspect 14 RGB PWM,152.87,140,Black,"500,1700","20,78","10,35.5",True
Lian Li UNI FAN AL120 3-Pack,423.25,120,Black,"800,1900",64.5,"17,28.3",True
Noctua A9x14,82.11,92,Brown,"300,2200","22.42,29.72","13.5,19.89",True
Phanteks FSK 3-Pack,112.61,140,Black / White,"500,1500",,,True
NZXT F140 RGB DUO,146.11,140,Black,"500,1800",84.75,36,True
be quiet! Pure Wings 3 PWM,47.23,120,White,1600,,25.5,True
Corsair iCUE QL140 2-Pack,428.92,140,Black,1250,50.2,26,True
be quiet! Silent Wings Pro 4,146.89,140,White,2400,97.41,36.8,True
Corsair iCUE QL120,132.55,120,White / Black,"525,1500",41.8,26,True
NZXT F140 RGB DUO,145.2,140,White,"500,1800",84.75,36,True
Thermaltake Pure ARGB TT Premium Edition 3-Pack,173.28,120,Black,"500,1500",56.45,25.8,True
ARCTIC P8 Max,38.95,80,Black,"500,5000",40,,True
GAMDIAS AEOLUS M2 5-Pack,173.28,120,Black,"700,1500",56,,True
ID-COOLING AF-ARGB-K 3-Pack,173.28,120,White,"500,2000",78,29.9,True
ARCTIC F12,30.63,120,Black,1350,53,22.5,False
Razer Kunai Chroma 3-Pack,629.93,140,Black,"500,1600","34.48,81","15,30",True
Thermalright TL-M,37.65,120,White,1500,47.6,23.2,True
ARCTIC P14,64.48,140,Black,"200,1700",72.8,22.5,True
Cooler Master SickleFlow,95.28,140,Black,"650,1400",67,"10,27",True
Corsair ML120 Pro,59.84,120,Black / Red,"400,2400","12,75","16,37",True
Corsair iCUE QL140,216.78,140,Black,"550,1250",50.2,26,True
Noctua P14s redux-1200,73.44,140,Black / Gray,1200,64.92,19.6,False
Corsair iCUE ML120 RGB ELITE Premium 3-Pack,463.93,120,White / Gray,"450,2000","14.86,58.1","10,30.4",True
Cooler Master MasterFan MF140 Halo²,95.24,140,Black,,59.51,27,True
Noctua A4x10,60.45,40,Brown,"3700,4500","3.88,4.83","12.9,17.89",False
EK Loop Fan FPT 120,122.19,120,Black,"550,2300",77,36,True
ID-COOLING AF-125,43.29,120,Black,"500,2000",78.25,29.85,True
be quiet! Pure Wings 3 PWM,55.9,140,White,1200,57.4,21.9,True
Deepcool RF 120 3-Pack,346.55,120,Black / Clear,"500,1500",56.5,"17.8,27",True
be quiet! Shadow Wings 2,63.74,140,Black,900,49.8,14.9,True
Thermalright TL-P9,34.62,92,Black,2200,32.77,23.85,True
Corsair iCUE SP140 RGB Elite,129.95,140,White,1200,"23.07,68.11","18,26.8",True
Noctua B9 redux-1600 PWM,56.29,92,Black / Gray,"350,1600",37.85,17.6,True
Iceberg Thermal IceGALE Xtra 2-Pack,86.57,140,Black,"500,2500",169,"0,47",True
Thermaltake Pure,82.24,200,Black,,129.63,28.2,False
APNX FP1,55.9,140,Black,"500,1300",86.9,"15.9,32.9",True
Corsair iCUE ML RGB ELITE Premium,280.17,140,Black,"400,1600","15,82.9","10,31.8",True
Phanteks PH-F120SK,86.57,120,Black / White,"500,1500",50,27,True
be quiet! Light Wings 3-Pack,281.21,140,White,2200,71.7,31,True
Gelid Solutions Stella,43.24,120,Black,"500,1600",70,35,True
Thermaltake Pure 20 ARGB Sync Case Fan TT Premium Edition,129.95,200,Black,"500,1000",129.54,31.2,True
Phanteks PH-F140D30,153.73,140,White,"250,1800",71.93,29.5,True
Cooler Master MasterFan MF140 Halo²,99.57,140,White,,59.51,27,True
EK Loop Fan FPT 140 D-RGB,140.61,140,Black,"600,2200",118.01,44.56,True
Cooler Master MasterFan MF Halo,98.75,120,White,"650,1800",47.2,"6,30",True
APNX FP2,86.18,120,Black,"500,1800",83.87,"15.3,34.8",True
Thermaltake CT120 2-Pack,108.28,120,White,"500,2000",57.05,25.8,True
Thermalright TL-P9,33.75,92,White,2200,32.77,23.85,True
upHere T7SYC7 3-Pack,121.28,120,Black,"600,1700",,"16.1,27.7",True
Thermaltake Riing Plus TT 5-Pack,519.92,120,Black,"500,1500",48.34,24.7,True
Phanteks M25-120 PWM D-RGB,73.57,120,White,"500,2000",84.26,35.7,True
Fractal Design Aspect 12,86.57,120,Black,1200,32,18.3,False
Fractal Design Aspect 12 RGB,225.27,120,White,1200,32,18.3,False
Thermaltake CT140 2-Pack,137.36,140,White,"500,1500",77.37,,True
Noctua A14 FLX,103.69,140,Brown,"900,1200","52.2,68","13.8,19.2",False
Scythe Kaze Flex 120,56.11,120,Black,"300,1500","16.6,66.47","4,29.75",True
Thermalright TL-C14CW,47.23,140,White,1500,75.8,26.4,True
GAMDIAS AEOLUS M3-1204R 4-Pack,234.98,120,Black,"800,2000",69.01,,True
Corsair ML Elite,86.57,120,Black,"450,2000","14.86,58.1","10,30.4",True
Antec Storm T3 3-Pack,173.1,140,Black,"600,1500","44.82,112.72",33.69,True
Iceberg Thermal IceGALE Xtra 3-Pack,129.95,120,Black,"500,3000",127,"0,44",True
Noctua A12x25 FLX,142.77,120,Brown,"1350,2000","37.96,60.09","14.2,22.6",False
be quiet! Pure Wings 2,42.9,92,Black,"500,1900",33.15,19.6,True
Phanteks M25-120 PWM,43.29,120,Black,"500,2000",84.26,35.7,True
ARCTIC BioniX F120,57.2,120,Black / White,"200,1800",69,24.4,True
Noctua F12 industrialPPC-2000,120.93,120,Brown / Black,2000,71.69,29.7,False
Montech RX,68.89,140,White,"600,1600",90.5,27.9,True
NZXT Aer P,99.62,140,Black,"500,1800","27.27,98.17","21,38",True
Cooler Master MasterFan MF120 Halo²,69.28,120,White,,51.88,27,True
Cooler Master MOBIUS 140P ARGB,90.95,140,Black,,76.5,30,True
Thermalright TL-B14,50.22,140,White,1500,82.5,27.6,True
ARCTIC P12 PST,64.95,120,White / Transparent,"200,1800",56.3,,True
Silverstone FHS 120X,122.62,120,Black,"1000,4000",143.98,51.8,True
APNX FP1,47.23,120,White,"500,1600",74.6,"15.3,33.2",True
Antec Fusion 120 ARGB White 5-Pack,501.5,120,White,"600,2000",57.93,"17.02,31.24",True
Thermalright TL-C12W-S V3,31.59,120,White,1500,66.17,25.6,True
Corsair LL140,173.28,140,Black,"600,1300",51.5,25,True
Corsair AF120 SLIM,108.28,120,White,"600,2000","13.4,56.3","5,25.6",True
Corsair iCUE SP140 RGB Elite 2-Pack,292.39,140,White,1200,"23.07,68.11","18,26.8",True
Thermalright TL-8015,34.62,80,Gray,2200,28.4,23.3,True
NZXT AER RGB 2,186.23,140,White,"500,1500","17.48,52.44","22,33",True
Thermaltake SWAFAN EX12 RGB 3-Pack,476.59,120,White,"500,2000","56.26,57.11","30.5,32.5",False
ARCTIC F12 PST,47.62,120,White,"230,1350",53,22.5,True
be quiet! Silent Wings 3,200.01,140,Black,1000,59.5,15.5,True
Noctua P14r redux-1500 PWM,69.11,140,Black / Gray,"450,1500",78.69,25.8,True
MSI Torx,427.88,120,Black / Red,"500,1800","19.79,71.27","17.2,33.6",True
Fractal Design Dynamic X2 GP,84.62,120,Black,"500,2000",87.6,32.2,True
Thermalright TL-9015,30.29,92,Gray,2700,42.58,22.4,True
Thermaltake TOUGHFAN 14 Pro 2-Pack,216.61,140,Black,"500,2000","87.6,119.6","24.5,31.6",True
Noctua A14 industrialPPC-2000,129.77,140,Brown / Black,2000,107.42,31.5,False
SeaSonic MAGFLOW 3-Pack,489.59,120,Black,"600,2000",63.33,"9.9,33.78",True
Phanteks PH-F140D30 3-Pack,389.93,140,White,"250,1800",71.93,29.5,True
MSI MPG F120 ARGB-2W 2-Pack,112.66,120,White,"600,1200",50.79,25.7,True
ARCTIC BioniX P120,59.45,120,White / Black,"200,2100",67.56,,True
Thermaltake SWAFAN EX12 RGB 3-Pack,389.93,120,Black,"500,2000","56.26,57.11","30.5,32.5",False
Corsair AF140L,64.91,140,Black / Gray,1000,67.43,,False
Noctua R8 redux-1200,56.11,80,Black / Gray,1200,21.07,9.1,False
EK Loop Fan FPT 120 D-RGB,123.71,120,White,"550,2300",77,36,True
Corsair ML Elite,117.21,120,White,"450,2000","14.86,58.1","10,30.4",True
Apevia 12S 10-Pack,125.61,120,Black,1350,57.67,24.7,False
Noctua A12x15 FLX,95.11,120,Brown,"950,1850","27.37,55.44","10.2,23.9",False
ARCTIC P12,53.99,120,White,"200,1800",56.3,22.5,True
Scythe Kaze Flex140 Square,75.61,140,Gray / Black,"300,1800","16.8,100.8","4.19,26.45",True
Fractal Design Prisma AL 2-Pack,303.27,180,Black,"300,1200","43.1,146.8","14.9,37.4",True
ID-COOLING AF-127-ARGB-K,64.95,120,Black,"500,2000",78,29.9,True
Lian Li Uni Fan AL,433.26,120,Black,"800,1900",64.5,"17,28.3",True
Noctua A14 ULN,131.07,140,Brown,"650,800",,"9.1,11.9",False
Phanteks M25-140 PWM D-RGB,95.02,140,White,"500,1800",104.62,36.57,True
Fractal Design Prisma AL,136.58,140,White,"500,1700","31.67,103.85","15.1,34.1",True
Fractal Design Dynamic X2 GP,138.61,140,Black,"500,1700","47.9,105.9",33.7,True
Thermalright TL-B8,30.29,80,White,2200,34,24,True
ARCTIC P8 PST 5-Pack,125.61,80,Black,"200,3000",23.4,,True
Apevia Electro 6-Pack,186.28,120,White / Black,1350,57.67,24.7,False
APNX FP2,86.18,120,White / Black,"500,1800",83.87,"15.3,34.8",True
Noctua A12x25 ULN,142.77,120,Brown,"900,1200","23.19,32.78","7.6,12.1",False
Phanteks PH-F120SK,68.81,120,Black,"500,1500",50,27,True
Thermaltake SWAFAN EX14 RGB 3-Pack,519.92,140,White,"500,2000","79.3,81.6","34.5,38.8",False
Deepcool MF GT 3-Pack,216.61,120,Black,"500,1800",60.6,35,True
Thermaltake TOUGHFAN 12 Pro 2-Pack,194.94,120,Black,"500,2000","49.13,70.8","18.3,22.6",True
Kingwin CF-012LB,29.03,120,Black,950,40,19,False
Enermax HF120 3-Pack,112.61,120,Black,"500,1600","22.5,72.1","14,27",True
Silverstone Air Slimmer 120 ARGB,102.0,120,Black,,"0,63.67","0,31.7",True
Noctua P14s redux-900,73.44,140,Black / Gray,900,49.26,13.2,False
Noctua P12 redux-1300,64.78,120,Gray,1300,54.32,19.8,False
Enermax T.B. RGB 6-Pack,355.57,120,Black,"500,1500",47.53,22,True
Cooler Master MOBIUS 120,38.91,120,Black,,63.1,22.6,True
be quiet! Pure Wings 2,42.9,80,Black,"750,1900",26.3,18.2,False
EK Quantum Impulse D-RGB,174.19,120,White,"400,1800",57.5,24.3,True
EK Loop Fan FPT 140 D-RGB,140.61,140,White,"600,2200",118.01,44.56,True
Corsair iCUE QL140 2-Pack,434.99,140,White / Black,"550,1250",50.2,26,True
Thermaltake Riing,41.12,120,Black / Blue,"1000,1500",40.6,"18.7,24.6",False
Corsair ML140 PRO,290.83,140,Black / White,"400,1200",55.4,20.4,True
Enermax SquA RGB 3-Pack,121.24,120,White,"300,1500","24.53,68.27","12,23",True
Montech AX,77.52,140,White,"600,1600",90.5,27.9,True
Corsair ML Elite,69.24,120,Black,"450,2000","14.86,58.1","10,30.4",True
Corsair ML Elite,108.24,120,White,"450,2000","14.86,58.1","10,30.4",True
Corsair iCUE ML RGB ELITE Premium,188.88,140,White,"400,1600","15,82.9","10,31.8",True
Thermaltake Riing Quad 12 RGB Radiator TT Premium Edition 3-Pack,333.64,120,Black,"500,1500",40.9,25,True
Antec Fusion 120 ARGB,66.51,120,Black,"600,2000",57.93,"17.02,31.24",True
ID-COOLING NO-12015-XT ARGB SNOW,64.95,120,White,"500,2000",54.6,"13.8,31.2",True
Thermalright TL-P9,47.23,92,Black,2200,32.77,23.85,True
Apevia APEVIA CO312L-WH Cosmos 120mm White LED Ultra Silent Case Fan w/ 16 LEDs & Anti-Vibration Rubber Pads (3 Pack) 3-Pack,73.57,120,,1350,"57.67,56.67",24.7,False
Noctua R8 PWM,64.95,80,Brown,"300,1800","23.19,31.37","10.19,17.1",False
NoiseBlocker NB-ELOOP X ARGB,627.46,140,White,,"0,109.47","0,29.6",True
Noctua A4x10 PWM,64.78,40,Brown,"1000,5000","3.88,5.24","12.9,19.6",True
Fractal Design Aspect 14 RGB,106.25,140,White,1000,41,19.5,False
ARCTIC P8 PST,86.57,80,,"200,3000",23.4,,True
Super Flower MEGACOOL 3-Pack,242.6,120,Black / Purple,"2000,3300","90.04,151.87","35.73,48.39",True
Thermalright TL-B14,50.22,140,Gray,1500,82.5,27.6,True
Corsair RS120 MAX 3-Pack,411.59,120,Black,2000,"16.5,72",29.5,True
ARCTIC BioniX P140,95.28,140,Black / Gray,"200,1950",77.6,,True
Iceberg Thermal IceGALE ARGB 3-Pack,151.61,120,Black / Teal,"500,2200",94,"0,38",True
Iceberg Thermal IceGALE Xtra 2-Pack,86.57,140,Gray,"500,2500",169,"0,47",True
Corsair iCUE ML120 RGB ELITE Premium,126.48,120,White / Gray,"450,2000","14.86,58.1","10,30.4",True
be quiet! Shadow Wings 2,64.56,120,Black,1100,38.5,15.7,False
Cooler Master MasterFan MF200R ARGB,173.28,200,Black / Gray,800,90.3,28,False
be quiet! Silent Wings 3,103.56,140,Black,1600,77.57,28.1,False
Corsair AF140 ELITE,86.57,140,White / Gray,"400,1600","15.3,84.5",31,True
EK Loop Fan FPT 140,126.91,140,Black,"600,2200",118.01,44.56,True
GAMDIAS AEOLUS P2,108.28,120,Black,"1000,2400",74.97,,True
be quiet! Pure Wings 2,80.68,140,Black,"500,1600",,37.3,True
Cooler Master MOBIUS 120P ARGB,128.17,120,White,,75.2,30,True
be quiet! Silent Wings 4,77.52,140,Black,1100,51.3,13.6,False
Scythe Wonder Tornado,56.29,120,Black,"350,2000","7.68,60.29","3,26.88",True
Cooler Master MasterFan MF Prismatic 3-Pack,342.87,120,Black / White,"650,2000",55,"8,27",True
Thermaltake Pure,44.02,120,Black,,40.99,19.5,False
ARCTIC F9,38.69,92,White / Black,1800,43,,False
ARCTIC F12 PST 3-Pack,125.83,120,Black,"230,1350",53,22.5,True
ID-COOLING AF-127-ARGB-W,64.95,120,White,"500,2000",78,29.9,True
Fractal Design Prisma AL,123.01,120,White,"500,2000","20.68,85.71",,True
Corsair iCUE ML RGB ELITE Premium 2-Pack,259.89,140,White,"400,1600","15,82.9","10,31.8",True
Lian Li Uni Fan AL,129.95,120,White,"800,1900",64.5,"17,28.3",True
ADATA XPG VENTO PRO,77.95,120,Gray / Black,"450,2150",75,"10,28",True
Apevia C 5-Pack,116.77,120,Black / White,1500,57.67,24.7,False
Cooler Master Mobius OC,144.72,120,Blue / Black,,"40.2,88.1","17.4,39.3",True
Thermaltake SWAFAN EX14 ARGB 3-Pack,372.59,140,Blue / White,"500,2000","79.3,81.6","34.5,38.8",True
Apevia APEVIA CO512L-PK Cosmos 120mm Pink LED Ultra Silent Case Fan w/ 16 LEDs & Anti-Vibration Rubber Pads (5 Pack) 5-Pack,86.57,120,,1350,"57.67,56.67",24.7,False
ARCTIC F14 Silent,38.91,140,White / Black,"220,800",46,27.2,False
Thermalright TL-P9,29.9,92,White,2200,32.77,23.85,True
Iceberg Thermal IceGALE ARGB 2-Pack,129.95,140,Black / Teal,"500,1600",96,"0,36",True
Apevia Lunar Pro 4-Pack,129.95,120,White / Black,1350,57.67,24.7,False
ARCTIC BioniX P120,63.0,120,Red / Black,"200,2100",67.56,,True
Nidec Servo Gentle Typhoon,103.78,120,Black / Gray,"900,2150","20,68","15,34",True
Noctua A8 FLX,73.44,80,Brown,"1200,2000","17,29.67","7.9,16.1",False
Apevia APEVIA CO312L-RD Cosmos 120mm Red LED Ultra Silent Case Fan w/ 16 LEDs & Anti-Vibration Rubber Pads (3 Pack) 3-Pack,73.57,120,,1350,"57.67,56.67",24.7,False
GAMDIAS AEOLUS M2 4-Pack,259.94,120,Black,"700,1500",56,,True
Noctua S12A FLX,95.11,120,Brown,"700,1200",,"7.4,17.8",False
ARCTIC BioniX P140,72.4,140,Black / Red,"200,1950",77.6,,True
BGears b-ARGB Vortex,82.28,120,White / Black,"600,1800",101,28,True
ARCTIC P12 PST RGB 0dB,64.95,120,Black,,48.8,,True
Iceberg Thermal IceGALE 2-Pack,77.91,140,Black,"500,1600",96,"0,36",True
ARCTIC BioniX P140,66.81,140,Black / White,"200,1950",77.6,,True
Deepcool RF 120,129.95,120,Black / White,"500,1500",56.5,"17.8,27",True
Cooler Master MasterFan MF120R 3-Pack,303.22,120,Black,"650,2000",59,31,True
be quiet! Pure Wings 3,51.56,140,Black,1200,57.4,21.9,False
Noctua S12B redux-1200,64.78,120,Black / Gray,1200,59.1,18.1,False
Fractal Design Aspect 12 RGB 3-Pack,290.83,120,Black,1200,32,18.3,False
Corsair iCUE QL140,173.28,140,White / Black,"550,1250",50.2,26,True
Corsair SP120 High Performance,346.64,120,Black,2350,62.74,35,False
Deepcool CF 3-Pack,389.93,120,,"500,1500",56.5,"17.8,27",True
be quiet! Light Wings 3-Pack,237.88,120,White,1700,41.51,20.6,True
Noctua P12 PWM,121.11,120,Brown,"900,1300",,"12.6,19.8",True
Corsair ML140 Pro,266.0,140,Black,"400,2000","20,97","16,37",True
Corsair ML140 Pro,138.22,140,Black / Red,"400,2000","20,97","16,37",True
Iceberg Thermal IceGALE Silent 3-Pack,73.66,120,Black / Blue,1100,30,12.3,False
Noctua A20 FLX,142.77,200,Brown,"550,800","59.33,86.46","10.7,18.1",False
Noctua S12A ULN,95.11,120,Brown,"600,800",,"6.7,8.6",False
Noctua P12 redux-900,64.78,120,Gray,900,37.31,12.6,False
Thermaltake Riing Trio 20 RGB TT Premium Edition,368.22,200,Black,"500,1000",123.53,28,True
ARCTIC BioniX P120 A-RGB,109.1,120,Black,"400,2300",48,30,True
ARCTIC F PST,73.57,140,Black,"200,1350",74,,True
Scythe Kaze Flex II,69.11,120,Black,"300,2000","16.9,90.28","4,36.2",True
Thermaltake Riing Trio 14 RGB TT Premium Edition 3-Pack,575.25,140,Black,"500,1400",60.68,26.5,True
Thermaltake SWAFAN EX14 RGB 3-Pack,519.92,140,Black,"500,2000","79.3,81.6","34.5,38.8",False
Fractal Design Prisma AL,129.9,120,White / Black,"500,2000","20.68,85.71","14.8,32.7",True
be quiet! Light Wings 3-Pack,281.21,140,White,1500,56,23.3,True
In Win Neptune AN120 3-Pack,114.74,120,Black / White,"900,2200","23.87,60.1",20.5,True
be quiet! Silent Wings 4,107.89,120,White,2500,76.7,31.2,True
Razer Kunai Chroma,249.71,140,Black,"500,1600","34.48,81","15,30",True
Fractal Design Silent R3,56.24,120,Black / White,1200,46.5,20.5,False
Cooler Master MasterFan SF120M ARGB,103.08,120,Black,"650,2000","35,62","5.5,22",True
Noctua NF-A6x25 FLX,60.62,60,Brown,"1600,3000","9.82,17.18","8.19,19.3",False
Apevia C 3-Pack,73.44,120,Black / White,1500,57.67,24.7,False
RAIJINTEK IRIS 12 RBW ADD-2 2-Pack,73.62,120,White / Black,"400,1800",35.8,28,True
Vantec Tornado,173.28,80,Black,5700,84.1,55.2,False
ID-COOLING TF-9215 ARGB,56.29,92,Black / White,"800,2500",44.3,"14,33.4",True
be quiet! Pure Wings 2,42.9,92,Black,"900,1900",33.15,18.6,False
NoiseBlocker NB-ELOOP X ARGB,116.77,120,Black,,"0,58.09","0,21.2",True
Cooler Master SickleFlow,77.91,120,Black,"650,1800",62,"8,27",True
ADATA Vento,43.29,120,Black / White,1200,45.3,23,False
Scythe Kaze Flex II Slim,73.44,120,Black,"300,1800","8.16,48","2.58,27.8",True
Thermalright TL-B14W EXTREM,188.79,140,White,2000,110.4,31.4,True
ID-COOLING NO-12015-XT ARGB,56.29,120,Gray / Black,"500,2000",54.6,"13.8,31.2",True
Enermax SquA RGB 3-Pack,125.57,120,Black,"300,1500","24.53,68.27","12,23",True
ARCTIC F PST CO,73.18,140,Black,"200,1350",74,,True
Scythe Wonder Snail 120,73.44,120,Black,"300,2400","7.68,77.23","3,29.3",True
be quiet! Silent Wings 4,107.89,120,White,1600,48.7,18.9,True
be quiet! Shadow Wings 2,73.18,120,White / Black,900,38.5,15.9,True
Thermaltake SWAFAN 14 3-Pack,584.87,140,Black,"500,2000","71.3,77.6","34.5,10.5",False
Thermaltake SWAFAN EX12 ARGB 3-Pack,324.89,120,Blue / White,"500,2000","56.26,57.11","30.6,32.5",True
Thermaltake Riing Plus TT Premium Edition,251.14,200,Black,"500,1000",117.96,29.2,True
Thermalright TL-K12,73.18,120,White,2150,69,27,True
be quiet! Silent Wings 4,112.22,140,White,1100,51.3,13.6,True
NZXT Air Flow,56.29,120,Clear,1200,59.1,26.8,False
Thermaltake TOUGHFAN Turbo,86.57,120,Black,"500,2500",72.69,28.1,True
Thermaltake CT120 EX ARGB Sync 3-Pack,281.56,120,Black,"500,2000",68,28.5,True
Corsair RS140 MAX 2-Pack,368.22,140,Black,1600,"27.5,104",31,True
Razer Kunai Chroma,398.81,120,Black,"500,2200","17.48,65.5","15,35",True
Kingwin CF-08LB,25.87,80,Black,1700,30,25,False
Fractal Design Prisma AL,186.67,180,White,"300,1200","43.1,146.8","14.9,37.4",True
be quiet! Pure Wings 3,42.9,120,Black,1600,49.9,25.5,False
Iceberg Thermal IceGALE Xtra 3-Pack,129.95,120,Gray,"500,3000",127,"0,44",True
NoiseBlocker NB-ELOOP X ARGB,148.75,120,White,,"0,58.09","0,21.2",True
Apevia APEVIA CO312L-PK Cosmos 120mm Pink LED Ultra Silent Case Fan w/ 16 LEDs & Anti-Vibration Rubber Pads (3 Pack) 3-Pack,64.95,120,,1350,"57.67,56.67",24.7,False
Thermaltake Riing,71.67,120,Black / White,"1000,1500",40.6,"18.7,24.6",False
Thermaltake TOUGHFAN,110.14,140,Black,"500,2000",119.1,"25.2,33.2",True
Apevia Twilight 6-Pack,190.61,120,White / Black,1350,57.67,24.7,False
Scythe Kaze Flex Slim,84.41,120,Black / White,"300,1800","8.28,50.79","2.7,30",True
Scythe Wonder Snail,73.44,120,White,"300,2400","7.68,77.23","3,29.3",True
Aerocool Shark,38.91,120,White,"800,1500","32.5,82.6","12.6,26.5",False
Gelid Solutions Silent 14 PWM,39.0,140,Black,"750,1500",78.5,20,True
Corsair RS120 MAX,151.61,120,Black,2000,"16.5,72",29.5,True
ADATA XPG HURRICANE,82.28,120,Black / White,"600,2000",61.5,18.17,True
In Win Neptune AN140 3-Pack,128.34,140,Black / White,"900,1800","41.67,88.89",24.5,True
Super Flower MEGACOOL 3-Pack,303.27,140,Black / Purple,"1800,2700","110.33,175.03","39.24,50.59",True
Scythe Grand Tornado,86.57,120,Black,"400,3000","12.23,97.82","9.3,36.63",True
be quiet! Silent Wings 3,111.66,120,Black,2200,73.33,28.6,False
Iceberg Thermal IceGALE Lightning ARGB 3-Pack,129.95,120,Black,"200,2200",76.74,28.9,True
Thermaltake TOUGHFAN,86.57,140,White,"500,2000",119.1,"25.2,33.2",True
Cougar Vortex,86.57,120,Orange,1200,60.4,17.7,False
Thermaltake TOUGHFAN,86.57,120,White,"500,2000",58.35,22.3,True
In Win Luna AL120 3-Pack,119.89,120,Black / White,"600,1800",82.96,25,True
Thermalright TL-B9,116.43,92,Gray,2500,54,23,True
Thermaltake Pure,64.95,200,Clear,800,129.63,28.2,False
Corsair ML140 LED ELITE Blue Premium,60.58,140,White,"400,1600","15,82.9","10,31.8",True
Thermaltake TOUGHFAN,86.57,120,Black,"500,2000",58.35,22.3,True
Thermaltake Riing Trio 12 RGB TT Premium Edition 3-Pack,259.94,120,Black,"500,1500",41.13,25.2,True
Alphacool Apex Stealth Metal,129.95,120,White / Black,"400,3000",70.98,40.1,True
Apevia S 3-Pack,77.78,120,Black / Red,1500,57.67,24.7,False
Apevia CF12SL-UGN,34.62,120,Green,1700,63.85,29.67,False
Scythe Kaze Flex,80.68,120,Black,1800,79.76,35.8,False
Corsair ML Elite,108.24,120,White,"450,2000","14.86,58.1","10,30.4",True
Corsair ML140 Pro,266.48,140,Black / White,"400,2000","20,97","16,37",True
Fractal Design Aspect 14 RGB 3-Pack,187.75,140,Black,1000,41,19.5,False
Corsair ML120 Pro,163.61,120,Black / Blue,"400,2400","12,75","16,37",True
GAMDIAS AEOLUS M2-1203 LITE 3-Pack,121.28,120,Black,1200,46.7,,False
Cooler Master R4-SPS-20AK-GP,43.29,80,Black,2000,24.2,20,False
Antec Prizm 3+2+C 3-Pack,420.26,120,Black,2000,45.03,32.6,True
Iceberg Thermal IceGALE ARGB 3-Pack,151.61,120,Teal / White,"500,2200",94,"0,38",True
Silverstone Air Slimmer,79.64,92,Black,"500,2500","5.38,45.73","11.3,32",True
Scythe Kaze Flex RGB,69.28,120,Black / White,"300,1200","16.6,51.17","4,24.9",True
be quiet! Shadow Wings 2,76.22,140,White / Black,900,"49.8,85",14.9,True
Thermaltake Riing Quad 14 RGB Radiator TT Premium Edition 3-Pack,563.25,140,Black,"500,1400",60.17,26.1,True
Iceberg Thermal IceGALE ARGB,58.5,120,Teal / White,"500,2200",94,"0,38",True
NoiseBlocker NB-ELOOP X ARGB,129.77,120,Black,,"0,109.47","0,28.4",True
NZXT FX,51.78,140,Black / White,"800,2000","54,98.3","21,37",True
Noctua R8 redux-1800,56.11,80,Black / Gray,1800,31.37,17.1,False
Cooler Master MasterFan MF Prismatic,134.41,120,Black / White,"650,2000",55,"8,27",True
Thermaltake Riing Quad 14 RGB Radiator TT Premium Edition 3-Pack,375.67,140,White,"500,1400",60.17,26.1,True
ARCTIC F14,47.4,140,White / Black,1300,77.3,,False
Iceberg Thermal IceGALE 2-Pack,77.91,140,Gray,"500,1600",96,"0,36",True
be quiet! Silent Wings 4,112.22,140,White,1900,78.4,29.3,True
Scythe Grand Tornado,86.57,120,Black,"400,2000","12.23,63.25","9.3,23.37",True
ARCTIC P8 PST CO,35.4,80,Black,"200,3000",23.4,,True
Iceberg Thermal IceGALE 3-Pack,90.99,120,Black,"500,1850",76,"0,35",True
ADATA Vento,38.95,120,Black,1200,45.3,23,False
Cooler Master MasterFan Pro Air Pressure,86.57,140,Black,"650,1550",46.2,"6,20",True
Thermaltake Pure Duo 2-Pack,177.57,140,Black,"500,1500",,33.5,True
Iceberg Thermal IceGALE Xtra,43.33,140,Gray / White,"500,2500",169,"0,47",True
Alphacool Apex Stealth Metal,129.95,120,Gold / Black,"400,3000",70.98,40.1,True
Thermaltake Riing,56.29,120,Black / Green,"1000,1500",40.6,"18.7,24.6",False
Cooler Master SickleFlow,56.24,80,Black,,,,True
Thermaltake Pure Duo 2-Pack,129.95,120,Black,"500,1500",,28,True
Corsair ML140 Pro,174.88,140,Black / Blue,"400,2000","20,97","16,37",True
Scythe Kaze Flex Slim,60.45,92,Black,"300,2500","4.96,41.3","1.8,23.2",True
Corsair ML140 LED ELITE Blue Premium,121.24,140,Black,"400,1600","15,82.9","10,31.8",True
ARCTIC P14 PST,56.29,140,White / Translucent White,"200,1700",72.8,22.5,True
Thermaltake Pure A12,97.62,120,Black,"500,1500",,,True
Fractal Design Prisma AL,121.32,140,White / Black,1000,63.33,19.4,False
Iceberg Thermal IceGALE,29.68,80,Teal / White,"800,2000",29,"0,26",True
Aerocool X-Blaster,39.26,80,Translucent Black,4000,52.8,45.6,False
Cooler Master SickleFlow,86.57,120,Clear,2000,69,19,False
Iceberg Thermal IceGALE Xtra,58.5,120,Black / White,"500,3000",127,"0,44",True
Apevia Cosmos 3-Pack,73.57,120,,1350,"57.67,56.67",24.7,False
Iceberg Thermal IceGALE ARGB,58.5,120,Black / Teal,"500,2200",94,"0,38",True
Thermaltake Riing Plus TT 3-Pack,277.27,120,Black,"500,1500",48.34,24.7,True
Fractal Design Dynamic X2 GP,108.76,120,Black / White,"500,2000",87.6,32.2,True
Cooler Master Silencio FP,64.95,120,Black,2400,38,11,True
Thermaltake TOUGHFAN 14 3-Pack,441.92,140,Black,"500,2000",,30.7,False
be quiet! Shadow Wings 2,81.85,140,White / Black,1100,"49.8,85",14.7,False
Thermalright TL-9015,33.32,92,White,2700,42.58,22.4,True
Fractal Design Prisma AL 3-Pack,392.01,120,White / Black,"500,2000","20.68,85.71",,True
Alphacool Apex Stealth Metal,170.68,120,Black,"400,3000",70.98,40.1,True
Cooler Master JetFlo,129.95,120,Black,"1200,2000",95,36,True
Super Flower MEGACOOL,103.95,120,Black / Purple,"2000,3300","90.04,151.87","35.73,48.39",True
ARCTIC P12,47.62,120,Black / Transparent,"200,1800",56.3,22.5,True
Iceberg Thermal IceGALE Xtra,43.33,140,Black / White,"500,2500",169,"0,47",True
Thermaltake TOUGHFAN 12 Pro,108.28,120,Black,"500,2000","49.13,70.8","18.3,22.6",True
Phanteks F200SP,129.95,200,Black,850,110.1,25,False
Corsair RS140 MAX,173.28,140,Black,1600,"27.5,104",31,True
Thermaltake Pure A14,64.95,140,Black,"500,1500",,32,True
ARCTIC P14,71.67,140,White / Translucent White,"200,1700",72.8,22.5,True
Prolimatech Ultra Sleek Vortex,84.54,120,Black,"400,1300",55.7,"7,17",True
In Win Mercury AM120S,73.05,120,Black / White,"400,2000",60.71,"17,29",True
Alphacool Apex Stealth Metal,129.95,120,Silver / Black,"400,3000",70.98,40.1,True
Bitspower Notos 3-Pack,303.22,120,Black / White,"800,1800",,"25,28",True
Thermaltake SWAFAN 12 3-Pack,307.9,120,Black,"500,2000","53.02,54.85","30.5,36.5",False
Corsair ML140 LED ELITE Red Premium,77.91,140,Black,"400,1600","15,82.9","10,31.8",True
Thermaltake SWAFAN GT12,129.95,120,Black,"500,2000","54.71,58.17","26.5,29.8",True
Alphacool Apex Stealth Metal,129.95,120,Black,"400,2000",47,24.6,True
be quiet! Silent Wings 4,99.23,120,Black,1600,48.7,18.9,False
In Win Mercury AM120S 3-Pack,158.5,120,Black / White,"400,2000",60.71,"17,29",True
Antec True Quiet,82.24,120,Blue,"600,1000","21.5,35.79","8.9,19.89",False
Silverstone Shark Force,134.24,140,Black,,"0,120","0,38.3",True
Silverstone Air Penetrator,251.27,180,White,"500,2000","60,170","17,34",False
Silverstone Air Penetrator,200.05,180,Black,"700,1200","80,130","18,34",False
ARCTIC F12 PST,45.24,120,Black / White,1350,53,,True
Thermaltake Riing,64.95,140,Black / Red,"1000,1400",51.15,"22.1,28.1",False
Thermaltake TOUGHFAN 12 3-Pack,390.79,120,Black,"500,2000",53.75,21.2,False
Geometric Future Squama 2501 3-Pack,172.89,120,White,2000,80.81,34.2,True
Thermaltake Pure A12,82.24,120,Black,"500,1500",,,True
ID-COOLING NO-12015-XT,94.68,120,Black,"500,2000",54.6,"13.8,31.2",True
ARCTIC F8,111.66,80,White / Black,"850,2000",31,,True
Thermaltake Pure Duo 2-Pack,177.57,140,White,"500,1500",,33.5,True
Iceberg Thermal IceGALE 3-Pack,90.99,120,Gray,"500,1850",76,"0,35",True
Corsair AF140 (2018),79.6,140,Black / White,1150,62,26,False
Iceberg Thermal IceGALE Xtra,58.5,120,Gray / White,"500,3000",127,"0,44",True
Iceberg Thermal IceGALE ARGB,65.0,140,Black / Teal,"500,1600",96,"0,36",True
Noctua B9 redux-1600,60.45,92,Black / Gray,"350,1600",37.85,17.6,False
Thermaltake Pure Plus RGB TT Premium Edition 3-Pack,324.11,120,Black,"500,1500",56.45,25.8,True
Thermaltake Riing Plus TT 3-Pack,403.14,140,Black,"500,1400",63.19,27.2,True
Apevia C 5-Pack,121.11,120,Black / Red,1500,57.67,24.7,False
Scythe Kaze Flex II Slim,73.44,120,Black,"300,1500","8.16,39.44","2.58,23.8",True
Enermax SquA RGB,43.33,120,Black,"300,1500","24.53,68.27","12,23",True
Fractal Design Silent R3,71.8,50,Black / White,3500,6.8,19,False
Aerocool DS,43.29,120,Black / Red,"1100,1500","62.5,81.5","14.8,23.1",False
Thermaltake TOUGHFAN,86.57,120,Green,"500,2000",58.35,22.3,True
Thermaltake TOUGHFAN 14 Pro,151.57,140,Black,"500,2000","87.6,119.6","24.5,31.6",True
ADATA XPG HURRICANE,86.62,140,Black,"700,1800",91,28.1,True
Geometric Future Squama 2505 3-Pack,259.55,120,Black,2000,91.3,35.06,True
NoiseBlocker NB-ELOOP X ARGB,160.88,120,White,,"0,77.93","0,28.4",True
Gelid Solutions Silent 6,47.62,60,Black / White,3200,16,24,False
Geometric Future Squama 2505 3-Pack,259.55,120,White,2000,91.3,35.06,True
Geometric Future Squama 2501 3-Pack,172.89,120,Black,2000,80.81,34.2,True
Noctua A9 FLX,82.11,92,Brown,"1050,1600","25.25,38.02","8.4,17.1",False
Apevia C 5-Pack,121.11,120,Black / Green,1500,57.67,24.7,False
EK Quantum Impulse D-RGB,140.17,120,Black / White,"400,1800",57.5,24.3,True
Iceberg Thermal IceGALE Xtra 2-Pack,86.57,140,Teal,"500,2500",169,"0,47",True
GAMDIAS AEOLUS P2 3-Pack,433.26,120,Black,"1000,2400",74.97,,True
Silverstone FN,34.62,120,Black,1200,58.47,25.15,False
Super Flower MEGACOOL,125.61,140,Black / Purple,"1800,2700","110.33,175.03","39.24,50.59",True
be quiet! Shadow Wings 2,73.18,140,Black,900,49.8,14.7,False
Iceberg Thermal IceGALE 2-Pack,77.91,140,Teal,"500,1600",96,"0,36",True
Corsair SP120,149.36,120,Black,2350,62.74,35,True
Fractal Design Aspect 14,168.99,140,White,1000,41,19.5,False
Apevia Lunar Pro 4-Pack,155.94,120,White / Black,1350,57.67,24.7,False
Thermaltake Pure A14,64.95,140,Black,"500,1500",,32,True
In Win Sirius Extreme ASE120P 3-Pack,138.57,120,Black,"400,1500",54,"21,25",True
StarTech FAN9X25TX3L,28.64,92,Black,1600,31.84,25,False
RAIJINTEK IRIS 12 RBW ADD-3 3-Pack,194.94,120,White / Black,"400,1800",35.8,28,True
Vantec Stealth,26.65,80,Black,2050,27,21,False
Thermaltake Pure,43.29,120,Clear,1000,40.99,19.5,False
Phanteks F140SP,99.62,140,Black / White,1200,82.1,19,False
Corsair AF120 Quiet,204.91,120,Black,1100,39.88,21,False
Apevia C 3-Pack,77.78,120,Black / Green,1500,57.67,24.7,False
Iceberg Thermal IceGALE ARGB 2-Pack,129.95,140,Teal / White,"500,1600",96,"0,36",True
Aerocool Shark,69.24,120,Red,"800,1500","32.5,82.6","12.6,26.5",False
Silverstone AP,194.94,180,Black,"400,1500","24.49,140.13","18,37",True
Apevia CF4S-BK,32.45,80,Black,2000,25.64,22.05,False
Cooler Master Silencio FP,86.57,120,Black,1400,"16.39,44","6.5,14",True
Thermaltake Pure Duo 2-Pack,151.57,120,White,"500,1500",,28,True
In Win Saturn ASN120 3-Pack,183.85,120,White / Black,"500,1800",,,True
Thermaltake Pure A14,64.95,140,Black,"500,1500",,32,True
Corsair ML140 LED ELITE Red Premium,60.58,140,White,"400,1600","15,82.9","10,31.8",True
Cooler Master SickleFlow,77.91,92,Black,,,,True
Evercool EC4015SH12BP,51.78,40,Black,"3000,10000",,32,False
In Win Sirius Extreme Pure ASE120P 3-Pack,316.61,120,White,"400,1500",54,"21,25",True
Apevia C,38.95,120,Black / Red,1500,57.67,24.7,False
Iceberg Thermal IceGALE,34.62,80,Black / White,"800,2000",29,"0,26",True
StarTech FAN8025PWM,34.92,80,Black,"800,2500","9.74,25.02","10,28",False
Thermaltake Pure A12,82.24,120,Black,"500,1500",,,True
Gelid Solutions Silent 12 PWM,34.66,120,Black,"750,1600",64.5,25.5,True
Iceberg Thermal IceGALE,34.62,80,Gray / White,"800,2000",29,"0,26",True
Thermaltake Riing Plus TT Premium Edition,51.95,120,Black,"500,1400","5,14",24.7,True
Silverstone Air Penetrator,123.84,180,Black,"700,1200","80,130","18,34",False
NoiseBlocker NB-ELOOP X ARGB,531.4,140,Black,,"0,109.47","0,29.6",True
Scythe Kaze Flex Slim,139.96,120,Gray / Black,"300,1800","8.28,50.79","2.7,30",True
Geometric Future Squama 2505 3-Pack,216.22,120,Yellow / Black,2000,91.3,35.06,True
Thermaltake Riing Quad 12 RGB Radiator TT Premium Edition 3-Pack,519.92,120,White,"500,1500",40.9,25,True
Iceberg Thermal IceGALE,39.0,140,Gray / White,"500,1600",96,"0,36",True
be quiet! Pure Wings 2,47.23,120,Black,2000,65.51,35.9,False
Aerocool Silent Master,77.91,200,Blue,800,76,18,False
Cougar Vortex,69.37,120,Black,1200,60.4,17.7,False
Thermaltake Blue-Eye,52.04,80,Transparent,"1300,2500",32.92,"17,28",False
Akasa Soho AR,128.95,120,Black,"500,2000",52.91,"14.2,31.8",True
Enermax SquA RGB,43.33,120,White,"300,1500","24.53,68.27","12,23",True
Alphacool Apex Stealth Metal,170.68,120,Gold / Black,"400,2000",47,24.6,True
SeaSonic MAGFLOW,141.0,120,Black,"600,2000",63.33,"9.9,33.78",True
Phanteks PH-F120MP V2 RADIATOR,64.95,120,Black / White,"500,2200",60.5,34.2,True
Reeven Coldwing,34.62,140,Yellow / Black,800,43.5,14.3,False
Azza Hurricane III Digital,82.24,120,White,"1000,1800",49.1,26.29,True
Iceberg Thermal IceGALE 3-Pack,90.99,120,Teal,"500,1850",76,"0,35",True
Thermaltake Riing,86.57,140,Black / White,"1000,1400",51.15,"22.1,28.1",False
Thermaltake Riing 3-Pack,315.96,140,Black,"1100,1400",51.15,"19,28.1",True
Iceberg Thermal IceGALE,43.33,120,Gray / White,"500,1850",76,"0,35",True
Iceberg Thermal IceGALE Xtra,38.95,80,Gray / White,"800,3000",37,"0,29",True
Nexus D12SL-12WL,32.02,120,Clear,1000,36.86,18,False
Iceberg Thermal IceGALE Xtra,58.5,120,Teal / White,"500,3000",127,"0,44",True
In Win Neptune DN140,100.87,140,Black,"900,1800","41.67,88.89",24.5,True
Fractal Design Dynamic X2,139.74,140,White / Black,"500,1700","47.9,105.9",33.7,True
be quiet! Shadow Wings 2,77.91,120,White / Black,1100,"38.5,65",15.7,False
SilenX Ixtrema Pro,108.07,120,Black,1400,90,18,False
Apevia CF312SL-UGN 3-Pack,64.78,120,Green,1700,,29.67,False
Aerocool DS,63.65,120,Black / Blue,"1100,1500","62.5,81.5","14.8,23.1",False
Fractal Design Silent R3,69.24,140,Black / White,1000,56.1,21.6,False
Thermaltake Riing,64.95,140,Black / Orange,"1000,1400",51.15,"22.1,28.1",False
Scythe Kaze Flex,60.45,92,Black,"300,2300","6.75,48.88","7.3,28.83",True
NZXT Air Flow,56.29,120,Clear,1200,59.1,26.8,False
Gelid Solutions Silent,43.29,40,Black,4200,4.5,18.89,False
Thermaltake Riing,199.23,120,Black,"1000,1500",40.6,26.4,True
Cougar Dual-X,99.62,140,Green,1000,73.18,18,False
NoiseBlocker ELoop B,129.99,140,Black / White,1400,104.93,28.5,False
Apevia C 3-Pack,77.78,120,Black / Red,1500,57.67,24.7,False
Thermaltake Pure A14,64.95,140,Black,"500,1500",,32,True
Aerocool Shark,60.45,120,Green,"800,1500","32.5,82.6","12.6,26.5",False
ARCTIC F Silent,42.2,120,White / Black,800,37,,False
ARCTIC F14 PST CO,82.24,140,Gray,"600,1350",74,22.5,True
Iceberg Thermal IceGALE ARGB,65.0,140,Teal / White,"500,1600",96,"0,36",True
Scythe Kaze Flex,90.6,120,Black,"300,800","16.6,43.03","4,14.05",True
Fractal Design Venturi HP-14,188.62,140,Black,1500,78.09,30.1,True
ARCTIC F12 CO,53.04,120,Black,"600,1350",74,,True
Scythe Kaze Flex RGB,56.11,92,Black,"300,2300","6.75,48.88","7.3,28.83",True
Apevia CF12SL-SRD,43.29,120,Red,1500,50.28,21.1,False
Phanteks F140SP,125.57,140,Black / White,1200,82.1,19,False
Thermaltake SWAFAN GT14,173.23,140,Black,"500,2000","54.71,58.17","26.5,29.8",True
Silverstone FHP,112.61,140,Black,"500,2000","42.8,171","13.4,43.5",True
Thermaltake Riing,77.91,120,Black / Red,"1000,1500",40.6,"18.7,24.6",False
Apevia C,43.29,120,Black / White,1500,57.67,24.7,False
Scythe Kaze Flex ARGB,100.96,120,Black / White,"300,1200","16.6,51.17","4,24.9",True
Thermalright TL-B9,141.99,92,White,2500,54,23,True
StarTech FANBOX,34.62,80,Black,3000,37.27,27,False
Evercool EC4028HH12BP,53.3,40,Black,"3000,12000",,46,False
Cooler Master Silencio FP,356.26,120,Black,1200,38,11,False
Iceberg Thermal IceGALE,43.33,120,Teal / White,"500,1850",76,"0,35",True
Scythe Kaze Flex,113.61,120,Black,1200,51.17,24.9,False
In Win Neptune DN120,94.16,120,Black,"900,2200","23.87,60.1",20.5,True
Evercool FAN-EC4010M12CA,34.62,40,Black,5000,6.24,21,False
Evercool EC8038HH12BP,58.45,80,Black,"2000,6500",37.1,"22,56.2",False
Evercool EC4010TH12BP,47.45,40,Black,"2000,6500",,26,False
Silverstone Shark Force 120,125.61,120,Black,,"0,100","0,41.2",True
Kingwin CFY-012LB,73.57,120,Transparent,950,40,19,False
Phanteks F120MP,86.57,120,Black,"500,1800",53.3,25,True
Iceberg Thermal IceGALE,39.0,140,Black / White,"500,1600",96,"0,36",True
Enermax T.B. Silence,104.82,120,Translucent Gray,900,42.13,11,False
Logisys CF120GN,38.95,120,Transparent,"1800,2000",69.15,39.29,False
Silverstone FN,58.28,120,Black / White,2000,32.6,23.5,False
Thermaltake Riing,86.57,140,Black / Blue,"1000,1400",51.15,"22.1,28.1",False
ARCTIC BioniX P120,80.2,120,Green / Black,"200,2100",67.56,,True
Gelid Solutions Silent 14,97.45,140,Black,1000,67.4,21,False
Rosewill RFA-80-K,108.32,80,Black,2500,33.21,22.41,False
Scythe GlideStream,277.31,140,Black,800,49.95,21.4,False
Thermaltake Riing,86.53,140,Black / Green,"1000,1400",51.15,"22.1,28.1",False
Iceberg Thermal IceGALE Silent PWM 3-Pack,116.99,120,Black / Blue,"600,1600","50,55","20,25",True
Aerocool Shark,58.63,140,Green,"800,1500","50,96.5","14.5,29.6",False
Iceberg Thermal IceGALE Xtra 3-Pack,129.95,120,Teal,"500,3000",127,"0,44",True
Vantec Thermoflow,30.11,92,Black,"1850,3100","34.79,58.5","29,40",False
Cooler Master MasterFan SF120P,86.57,120,Black,"650,2000",43,"8,30",True
Cougar Dual-X,125.57,140,Red,1000,73.18,18,False
NoiseBlocker ELoop B,128.52,120,Black / White,"400,1500",58.1,21.2,True
Silverstone FW,56.29,120,Blue / White,"1000,1800","42.6,76.5","18.39,28.1",True
Corsair SP120 High Performance,324.89,120,White / Black,1400,52,26,True
Scythe Kaze Flex II,69.11,120,Black,"300,1500","16.9,67.62","4,28.6",True
Noctua P12-1300,120.54,120,Brown,"900,1300","37.33,54.36","12.6,19.8",False
Evercool F-EC12038HH12BP,99.44,120,Black,"800,2200",,"17.2,39",True
Aerocool DS,75.7,120,Black / White,"1100,1500","62.5,81.5","14.8,23.1",False
Silverstone FQ,86.57,92,White / Blue,"1000,2500","19.8,44.2","15.3,24.8",True
Enermax T.B. Silence,95.5,92,Black,1400,27.18,13,False
Scythe Kaze Flex Slim,76.61,120,Gray / Black,"300,1200","8.28,33.86","2.7,23.9",True
ADATA Vento 3-Pack,121.28,120,Black / White,1200,45.3,23,False
Thermaltake TOUGHFAN,69.11,120,Turquoise,"500,2000",58.35,22.3,True
Alphacool Apex Stealth Metal,129.95,120,Silver / Black,"400,2000",47,24.6,True
Alphacool Apex Stealth Metal,129.95,120,White / Black,"400,2000",47,24.6,True
Cooler Master MasterFan MF140R,194.94,140,Black,"650,1500",90,33.5,True
Scythe Kaze Flex,60.45,120,Gray / Black,"300,1200","16.6,51.17","4,24.9",True
Prolimatech Vortex,86.57,140,Clear,1000,87,18.1,False
Cougar Dual-X,125.4,120,Green,,64.37,16.6,False
NoiseBlocker BlackSilentPro P-2,82.63,40,Black,3800,5.3,18,False
Gelid Solutions Silent 7,51.95,70,Black,2200,19.8,21.8,False
Evercool Spider Filter,69.28,120,Red,2000,80,25,False
ARCTIC BioniX F120,70.93,120,Black / Yellow,"200,1800",69,24.4,True
Scythe Kaze Flex ARGB,95.11,120,Black / White,"300,1800","16.6,79.76","4,35.8",True
Prolimatech Vortex,108.2,120,Clear,"1200,1600",72.67,29.1,False
Silverstone FN,43.29,120,Clear,1200,58.47,25.15,False
Akasa Apache Black,125.74,140,Black,"600,1300",89.55,"12.5,22.19",True
Phanteks F140HP II,86.57,140,White,"500,1600",68.1,25,True
Phanteks F120SP,86.57,120,Black,1300,54.4,24.2,False
Scythe Kaze Flex,74.83,120,Black,800,43.03,14.5,False
ARCTIC F,64.95,120,Black,"230,1350",53,,True
In Win Neptune DN120 Pro,69.72,120,Black / Red,"900,2200","24.15,60.56",20.3,True
Corsair SP120 Quiet,248.5,120,Black,1450,37.85,23,False
Vantec Thermoflow,38.74,80,Black,"1950,3400","23.8,41.6","25.5,37.5",False
Aerocool Shark,77.95,140,Black,"800,1500","50,96.5","14.5,29.6",False
NoiseBlocker ELoop B,129.77,120,White,1900,71.33,27,False
NoiseBlocker ELoop B,118.33,120,White,800,33.72,8,False
Xigmatek XLF,142.64,120,Orange,1500,61,20,False
Thermaltake Luna Slim,69.28,140,Black / Red,1200,38.59,24,False
Deepcool UF,91.73,80,White / Blue,"900,2200",25.13,"17.8,24.7",False
ARCTIC BioniX F120,70.02,120,Black / Green,"200,1800",69,24.4,True
ARCTIC F12 TC,64.95,120,White / Black,1350,53,,False
Silverstone FN,98.27,120,Black,1500,25.06,18,False
Iceberg Thermal IceGALE Xtra,43.33,140,Teal / White,"500,2500",169,"0,47",True
Zalman SF120,43.29,120,Silver / Black,"800,1500",54,28,True
Thermaltake DuraMax,69.24,92,Black,2850,48.7,37.6,False
Silverstone AP,135.93,120,Black / White,"500,1800","6.37,25.5","19.25,23.54",True
Thermaltake Pure,69.28,120,Clear,1000,40.99,19.5,False
Scythe Slipstream,108.28,120,Black,"200,1300","9.8,74.25","3,26.5",True
SilenX Ixtrema Pro,69.11,40,Black,3500,5,14,False
NoiseBlocker BlackSilentPro P-P,64.95,120,Black,1500,58.85,24,True
Nexus DF1209SL-3PWM,43.07,92,Clear,2500,43.5,15.8,True
Geometric Future Squama 2503 3-Pack,172.89,120,Black,2000,69.11,29,True
SilenX Effizio,76.22,80,Red,1700,32,15,False
SilenX Effizio,79.86,80,Clear,1700,32,15,False
SilenX Effizio,94.72,120,Red,1400,74,15,False
Corsair SP140,86.57,140,Black / Red,1440,49.49,29.3,False
Thermaltake Luna Slim,69.28,140,Black / Blue,1200,38.59,24,False
Iceberg Thermal IceGALE,43.33,120,Black / White,"500,1850",76,"0,35",True
Scythe Kaze Flex II,69.11,120,Black,"300,1200","16.9,52.94","4,23.8",True
Aerocool Silent Master,98.27,200,Red,800,76,18,False
ARCTIC F8,56.29,80,White / Black,2000,31,,False
Logisys CF120BL,43.29,120,Clear,"1800,2000",69.15,39.29,False
Xigmatek XAF,25.95,140,Orange,"800,1300",90.3,18,False
SilenX Ixtrema Pro,77.91,80,Black,1600,18,11,False
Silverstone FN,51.95,120,Clear,1200,58.47,25.15,False
StarTech FANBOX,44.98,120,Black,2000,72.94,30,False
Nexus D12SL-12,78.77,120,Black / White,1000,36.86,18,False
Nexus D12SL-12PWM,56.46,120,Clear,2000,76,"15.5,26.9",True
StarTech FANBOX,36.57,92,Black,2200,39.35,26,False
Rosewill RFA-80-BL,35.27,80,Blue,2500,33.21,22.41,False
Titan TFD-12015H12ZP,84.49,120,Black / White,"150,1500",52.95,"5,28.6",False
Silverstone FW,129.99,120,Black,"500,1800","10.95,42.41","19.25,23.54",True
Akasa Vegas TLY,173.28,140,Black / White,1200,41.2,21.2,False
Iceberg Thermal IceGALE Xtra,38.95,80,Teal / White,"800,3000",37,"0,29",True
Bitspower Notos,46.32,120,Black / White,"800,1800",,"25,28",True
Gelid Solutions Silent 12,172.89,120,Black,1000,40.3,20.2,False
ARCTIC P12,49.14,120,White / Translucent White,"200,1800",56.3,22.5,True
StarTech FAN9X25TX3H,53.25,92,Black,2600,48.43,33,False
SilenX Effizio,85.88,92,Red,1600,42,15,False
Silverstone FW,67.03,92,Blue / White,"1500,2800","26.8,49.5","14.1,27.7",True
Silverstone FW,142.95,140,Black,"500,1800","18.77,60.54","18.48,23.33",True
Gelid Solutions Zodiac,34.62,120,Black,"700,1600",65.5,35,True
SilenX Effizio,82.24,80,Yellow,1400,25,12,False
SilenX Effizio,77.91,120,Yellow,1100,44,12,False
Phanteks F140SP,125.57,140,Black / White,1200,82.1,19,False
Silverstone FM,69.28,92,White,"1200,3000","21.4,53.6","9.3,29.2",False
SilenX Effizio,85.45,80,Clear,1700,32,15,False
SilenX Effizio,100.35,140,Yellow,900,48,12,False
SilenX Effizio,68.85,120,White,1400,74,15,False
SilenX Effizio,122.75,120,Clear,1400,74,15,False
Vantec Stealth,64.43,92,Black,1750,28,20,False
Evercool EC4020SH12BP,60.58,40,Black,"3000,9000",,32,False
Scythe Gentle Typhoon,138.66,120,Gray,800,28.25,9,False
NoiseBlocker BlackSilentPro P-P,64.95,92,Black,1800,38.25,20,True
Thermaltake Blue-Eye,52.52,92,Transparent,"1300,2500",47,"18.6,28",False
Cougar CFD,137.79,140,Black / White,1000,73.18,18,False
NoiseBlocker ELoop B,145.98,140,Black / White,600,43.33,5.71,False
Aerocool Streamliner,65.0,140,Blue,1000,54.7,19.6,False
NoiseBlocker ELoop B,155.81,140,Black,1200,83.93,24,True
RAIJINTEK Iris,55.07,120,,"800,1800",42.17,26.5,True
In Win Neptune DN140 Pro,86.1,140,Black / Red,"900,1800","43.74,91.66",24,True
Silverstone Air Penetrator,98.06,120,Clear,1500,35.36,22.4,False
Silverstone Air Penetrator,95.28,120,Clear,1500,35.36,22.4,False
SilenX Effizio,82.24,92,Yellow,1300,32,12,False
SilenX Effizio,87.35,80,White,1700,32,15,False
SilenX Effizio,135.58,120,Clear,1400,74,15,False
Silverstone FHP,112.61,140,Black,"1200,2000","42.8,171",43.5,False
Vantec Stealth,58.54,120,Black,1500,53,28,False
Antec 75002,65.0,92,Clear,2600,42.4,33,False
Antec 75001,65.0,80,Clear,2600,34,30,False
Masscool FD08025B1M3/4,77.91,80,Black,2700,32.95,26.5,False
Evercool Spider Filter,79.25,92,Red,2200,41,22,False
StarTech FAN8X25TX3L,47.06,80,Black,2000,26.6,27,False
Apevia CF12S-BK,34.62,120,Black,1500,57.67,24.7,False
Nexus SP802512L-03,43.29,80,White,1500,20.2,17.6,False
Antec True Quiet,43.29,120,Red,"600,1000","21.2,35.3","8.9,19.89",False
Enermax T.B. Silence,84.23,80,Black / White,1600,27.96,15,False
Evercool Spider Filter,125.61,80,Red,2500,32.5,20,False
Titan TFD-12025H12ZP,64.22,120,White / Blue,"800,2200","24.23,66.62","15,35",True
Rosewill RABF-131409,74.74,140,Black,,55.4,22,False
Silverstone FQ,99.62,120,White / Blue,"800,1500","37.79,63.8","15.9,24.9",True
Silverstone FQ,83.11,140,White / Blue,"500,1000","31.4,62","15.1,20.7",True
Phanteks F120SP,90.95,120,Black / White,1300,54.4,24.2,False
Thermaltake Luna Slim,60.62,120,Black / White,1400,27.53,24,False
BitFenix Spectre Xtreme,43.29,120,Black / Red,"950,2000",66,30,False
NoiseBlocker ELoop B,149.23,140,Black / White,900,64.28,16.95,False
Apevia C,43.29,120,Black / Green,1500,57.67,24.7,False
Evercool RSF-14,82.24,140,Black / Red,1200,,22,False
RAIJINTEK Iris,55.07,120,,"800,1800",42.17,26.5,True
RAIJINTEK Iris,55.07,120,,"800,1800",42.17,26.5,True
Iceberg Thermal IceGALE,39.0,140,Teal / White,"500,1600",96,"0,36",True
Iceberg Thermal IceGALE Xtra,38.95,80,Black / White,"800,3000",37,"0,29",True
