name,price,rpm,noise_level,color,size
Thermalright Peerless Assassin 120 SE,146.89,1550,25.6,Black,
NZXT Kraken Elite 360 RGB,1187.2,"500,1800","17.9,30.6",White,360.0
Deepcool GAMMAXX AG400 ARGB,129.95,"500,2000",31.6,Black,
Corsair iCUE H150i ELITE CAPELLIX XT,823.23,"550,2100","5,34.1",Black,360.0
Cooler Master MASTERLIQUID ML240L RGB V2,433.26,"650,1800","6,27",Black,240.0
Noctua NH-D15 chromax.black,519.74,"300,1500","19.2,24.6",Black,
NZXT Kraken 240,524.25,"500,1800","17.9,30.6",Black,240.0
Thermalright Phantom Spirit 120 SE,155.55,1500,25.6,Black / Silver,
Deepcool AK620 ZERO DARK,268.56,"500,1850",28,Black,
ARCTIC Liquid Freezer III,506.92,"200,1800",,Black,360.0
Cooler Master Hyper 212 Black Edition,129.95,"650,2000","6.5,26",Black,
NZXT Kraken Elite 360 RGB,1195.86,"500,1800","17.9,30.6",Black,360.0
Deepcool LS720 SE WH,424.59,"500,2250","28.2,32.9",White,360.0
Thermalright Assassin X 120 Refined SE,77.52,1550,25.6,Black / Silver,
Deepcool LS720 SE,399.42,"500,2250","28.2,32.9",Black,360.0
Thermalright Peerless Assassin 120 SE WHITE ARGB,160.28,1550,25.6,White,
Noctua NH-D15,476.41,"300,1500","19.2,24.6",,
Corsair iCUE H100x RGB ELITE,433.26,1500,"7,28",Black,240.0
Thermalright Phantom Spirit 120 SE ARGB,159.89,1500,25.6,Black / Silver,
Corsair iCUE H100i RGB ELITE,519.92,"400,1850","5,28.9",Black,240.0
Deepcool AK400,145.11,"500,1850",29,Black / Silver,
ID-COOLING SE-214-XT,77.91,"500,1500","13.8,30.5",Black,
ARCTIC Liquid Freezer III,433.26,"200,1800",,Black,240.0
Corsair iCUE H150i ELITE LCD XT,1083.21,"550,2100","5,34.1",Black,360.0
Noctua NH-U12S chromax.black,389.75,"300,1500","18.6,22.4",Black,
NZXT Kraken 240 RGB,749.57,"500,1800","17.9,30.6",White,240.0
be quiet! Pure Rock 2 Black,164.22,1500,"19.1,26.8",Black,
Deepcool LT720,460.34,"500,2250",32.9,Black / Gray,360.0
NZXT Kraken Elite 360,1156.87,"500,1800","17.9,30.6",Black,360.0
AMD Wraith Prism,242.65,2800,42,,
ARCTIC Liquid Freezer III A-RGB,606.58,"200,2000",,Black,360.0
Corsair H105,3765.51,"800,2700",37.7,,240.0
Thermalright Frozen Notte ARGB,233.55,2000,27.7,Black,240.0
Thermalright Frozen Notte ARGB,289.88,2000,27.7,White,360.0
NZXT Kraken 360 RGB,1111.59,"500,1800","17.9,30.6",White,360.0
Deepcool AK620 DIGITAL,320.56,"500,1850",28,Black,
be quiet! Dark Rock Pro 5,346.21,"1300,2000","8.9,23.3",Black,
Lian Li Galahad II Trinity SL-INF,736.39,2100,29,Black,360.0
Cooler Master MasterLiquid 360L Core ARGB,371.21,"350,1750",27.2,Black,360.0
Noctua NH-U12A chromax.black,563.03,"450,2000","18.8,22.6",Black,
Lian Li Galahad II Trinity SL-INF,714.9,2100,29,White,360.0
Thermalright Frozen Notte ARGB,281.21,2000,27.7,Black,360.0
Thermalright Assassin X Refined SE ARGB,81.85,1550,25.6,Black / Silver,
Thermalright Peerless Assassin 120 SE ARGB,146.89,1550,25.6,Black,
Intel E97379-001,38.95,"1200,2800",22,Silver / Black,
Deepcool AK400 DIGITAL,202.65,"500,1850",28,Black,
Noctua NH-L9A-AM5 CHROMAX.BLACK,238.1,"600,2500","14.8,23.6",Black,
Asus ROG Ryujin III ARGB,1473.18,"600,2200",36.45,Black,360.0
Deepcool AK400,146.02,"500,1850",29,White,
NZXT Kraken 360 RGB,953.22,"500,1800","17.9,30.6",Black,360.0
Thermalright Assassin King SE ARGB,87.05,1550,25.6,White,
NZXT Kraken 240 RGB,697.57,"500,1800","17.9,30.6",Black,240.0
Deepcool LS520 SE,324.93,"500,2250","28.2,32.9",Black,240.0
Corsair iCUE H150i ELITE CAPELLIX XT,866.56,"550,2100",,White,360.0
ARCTIC Liquid Freezer III A-RGB,619.58,"200,2000",,White,360.0
Noctua NH-L9i-17xx chromax.black,238.1,"600,2500","14.8,23.6",Black,
Lian Li Galahad II LCD SL-INF,1215.93,,29,Black,360.0
Deepcool AK620,238.27,"500,1850",28,White,
Noctua NH-L9a-AM4,194.77,"600,2500","14.8,23.6",Brown,
Lian Li Galahad II LCD SL-INF,1169.87,,29,White,360.0
Deepcool AK620,238.27,"500,1850",28,Black / Silver,
Thermalright Frozen Notte ARGB,220.55,2000,27.7,White,240.0
Deepcool AK400 ZERO DARK,173.23,"500,1850",29,Black,
Deepcool AK500 ZERO DARK,199.23,"500,1850","25.9,31.5",Black,
Deepcool LT720 WH,433.26,"500,2250",32.9,White,360.0
ARCTIC Freezer 36,160.28,"200,1800",,Black,
Cooler Master Hyper 212 RGB Black Edition,246.94,"650,2000","8,30",,
Noctua NH-L12S,281.21,"450,1850","16.8,23.9",,
Deepcool LT520,366.96,"500,2250",32.9,Black / Gray,240.0
Cooler Master Hyper 212 Spectrum V3,90.91,"650,1750",27.2,Black / Silver,
Asus ROG RYUJIN II,2162.17,"450,2000",29.7,Black,360.0
be quiet! Dark Rock 4,475.2,1400,,Black,
Corsair iCUE H100i ELITE CAPELLIX XT,628.24,"550,2100","5,34.1",Black,240.0
ARCTIC Liquid Freezer III,485.25,"200,1700",,Black,280.0
Deepcool ASSASSIN IV,368.26,"500,1700","22.6,29.3",Black,
Corsair iCUE LINK H150i LCD,974.88,"480,2400",,Black,360.0
Lian Li Galahad II Trinity,515.63,2450,35.4,White,360.0
Corsair iCUE H150i ELITE LCD XT,1126.54,"550,2100","5,31.1",White / Gray,360.0
ARCTIC Liquid Freezer III,554.58,"200,1700",,Black,420.0
Thermalright AXP90-X47,99.23,2700,22.4,Black,
ARCTIC Liquid Freezer II 280,411.59,"200,1700",,Black,280.0
NZXT T120 RGB,216.61,"500,1800","17.2,27.5",Black,
be quiet! Pure Rock Slim 2,107.89,,"13.1,25.4",Black / Silver,
Asus ROG STRIX LC II ARGB,563.25,"800,2500",37.6,Black,360.0
Noctua NH-D9L,238.1,"400,2000","16.3,22.8",,
Cooler Master MasterLiquid ML240L ARGB V2,259.94,"650,1800","8,27",Black,240.0
Thermalright Assassin Spirit 120 EVO,99.23,2000,28.2,Black,
Thermalright Phantom Spirit,164.22,1500,25.6,Black / Silver,
Deepcool LS720,602.29,"500,2250",32.9,Black,360.0
NZXT Kraken Elite 240,693.24,"500,1800","17.9,30.6",Black,240.0
Noctua NH-U9S chromax.black,303.09,"400,2000","16.3,22.8",Black,
Noctua NH-L9A-AM5,194.77,"600,2500","14.8,23.6",Brown / Silver,
Corsair iCUE H150i RGB ELITE,779.9,"400,1850","19,35.8",Black,360.0
Corsair iCUE LINK H150i LCD,1234.86,"480,2400",,White,360.0
Thermalright Assassin X SE,73.18,2200,23.85,Black / Silver,
Noctua NH-D15S chromax.black,476.41,"300,1500","19.2,24.6",Black,
NZXT Kraken Z73,1642.21,"500,1800","21,36",Black,360.0
NZXT Kraken Elite 280 RGB,823.23,"500,1500",34.48,White,280.0
NZXT Kraken Elite 240 RGB,1025.88,"500,1800","17.9,30.6",White,240.0
Cooler Master Hyper 212 (2023),129.95,"690,2500",32.8,Black,
Noctua NH-L9x65 chromax.black,302.88,"600,2500","14.8,23.6",Black,
ID-COOLING SE-214-XT,77.91,"500,1500","13.8,30.5",White,
MSI MAG CORELIQUID 360R V2,450.63,"500,2000","14.3,34.3",Black,360.0
Cooler Master Hyper 212 Black Edition,402.93,"800,2000","6.5,26",,
Cooler Master MASTERLIQUID ML120L RGB V2,259.94,"650,1800","6,27",Black,120.0
Corsair iCUE H150i ELITE LCD,1728.87,"450,2000","10,30.4",Black,360.0
Thermalright Assassin X Refined SE ARGB,83.58,1550,25.6,White / Silver,
Corsair iCUE LINK H150i RGB,888.22,"480,2400",,Black,360.0
Noctua NH-L9i chromax.black,238.1,"600,2500","14.8,23.6",Black,
Deepcool MYSTIQUE,779.9,"500,2150",36.49,Black,360.0
NZXT T120 RGB,173.28,"500,1800","17.2,27.5",White,
ARCTIC Liquid Freezer II 420,476.59,"200,1700",,Black,420.0
Deepcool AK400 ZERO DARK PLUS,194.94,"500,1650",28,Black,
Iceberg Thermal IceFLOE T95,43.29,"1000,2200",32.3,Teal / Silver,
ID-COOLING IS-55 Black,173.28,"500,2000",31.2,Black,
NZXT Kraken 280,628.24,"500,1500","19.4,32.1",Black,280.0
Thermalright Aqua Elite V3,242.21,1500,25.6,White,360.0
ID-COOLING FROZN A410 BLACK,129.95,"500,2000",29.85,Black,
Thermalright Peerless Assassin,142.56,1550,25.6,Gray,
Corsair iCUE H100i ELITE CAPELLIX XT,779.9,"550,2100","5,34.1",White,240.0
Noctua NH-U12A,519.74,"450,2000","18.8,22.6",Brown,
Thermalright Peerless Assassin 120 Black,203.22,1550,25.6,Black,
Corsair iCUE H170i ELITE CAPELLIX,1438.47,2000,"10,37",Black,420.0
Lian Li Galahad II Trinity Performance,693.24,"2300,3000","32.1,39.9",Black,360.0
Thermalright AXP90-X47,155.55,2700,22.4,Orange / Brown,
NZXT Kraken 120,346.55,"500,2000","21,36",Black,120.0
Thermalright Aqua Elite V3,216.22,1500,25.6,Black,240.0
Corsair iCUE H150i ELITE CAPELLIX,1243.35,2400,"10,37",Black,360.0
Cooler Master MasterLiquid 240L Core ARGB,346.6,"350,1750",27.2,Black,240.0
Asus ROG Ryujin III,1486.05,"600,2200",36.45,White,360.0
Scythe Fuma 3,216.61,"200,1500","4,28.6",Black / Silver,
ID-COOLING FROSTFLOW X,238.27,"700,1800","18,35.2",,240.0
NZXT Kraken Z73 RGB,1603.17,"500,1500","22,33",White / Black,360.0
Thermalright Frozen Edge,190.22,2150,28.1,Black,240.0
ARCTIC Liquid Freezer III A-RGB,458.86,"200,2000",,Black,240.0
Deepcool LE720,697.57,"500,2250",32.9,Black,360.0
Cooler Master Hyper 212 EVO,347.77,"600,2000","9,36",,
Corsair iCUE H170i ELITE LCD XT,1299.86,"500,1700","5,33.8",Black,420.0
Corsair iCUE H60x RGB ELITE,346.6,1500,"7,28",Black,120.0
Deepcool GAMMAXX AG400 ARGB,129.95,"500,2000",31.6,White,
EK EK-Nucleus AIO CR360 Lux D-RGB,727.73,"550,2300",36,Black,360.0
NZXT Kraken X53,920.46,"500,2000","21,36",Black,240.0
Noctua NH-L9i-17xx,194.77,"600,2500","14.8,23.6",Brown / Beige,
Deepcool AK620 DIGITAL WH,350.89,"500,1850",28,White,
MSI MAG CORELIQUID 240R V2,378.83,"500,2000","14.3,34.3",Black,240.0
Thermalright Assassin X 120 PLUS V2,94.42,1500,25.6,Black / Silver,
be quiet! Pure Rock 2 FX,207.55,,"7.9,24.4",Black,
be quiet! Pure Loop 2 FX,562.86,,"8,34",Black,360.0
HYTE THICC Q60,1299.86,,"10,47.3",White / Black,280.0
Thermalright Aqua Elite V3,246.55,1500,25.6,Black,360.0
Deepcool AG400,95.28,"500,2000",31.6,Black / Silver,
ARCTIC Liquid Freezer III A-RGB,649.91,"200,1900",,Black,420.0
Thermalright Frozen Prism ARGB,262.54,1850,27,Black,360.0
Vetroo V5,121.28,"800,1700",30.8,Black,
Noctua NH-U12S redux,238.1,"450,1700",25.1,Gray / Silver,
Deepcool LS520 SE WH,337.89,"500,2250","28.2,32.9",White,240.0
Cooler Master Hyper 212 Halo,149.06,"650,2050",27,Black,
NZXT Kraken Elite 280,736.57,"500,1500","19.4,32.1",Black,280.0
Thermaltake UX100,51.95,1800,26.92,Black,
Noctua NH-L9i,194.77,"600,2500","14.8,23.6",Brown,
Asus ProArt LC 420,1169.87,"800,2000",31.5,Black,420.0
Cooler Master MasterLiquid 360L Core ARGB,389.93,"350,1750",27.2,White,360.0
Deepcool LS720S ZERO DARK,433.26,"500,2250","28.2,32.9",Black,360.0
Asus TUF Gaming LC II ARGB,476.59,"800,2000",29,Black,360.0
ARCTIC Liquid Freezer III A-RGB,506.92,"200,2000",,White,240.0
Thermalright Aqua Elite V3,194.94,1500,25.6,White,240.0
Thermalright AXP90-X47,99.23,2700,22.4,White,
StarTech FAN775E,64.0,2600,22.2,,
Thermalright AXP90-X47,90.56,2700,22.4,Gray,
Thermalright Assassin Spirit 120 EVO DARK,89.22,1850,27,Black,
Thermalright Peerless Assassin 120 White,194.55,1550,25.6,White,
Cooler Master MasterLiquid 240L Core ARGB,346.6,"350,1750",27.2,White,240.0
Noctua NH-U9S,259.76,"400,2000","16.3,22.8",,
Thermalright Assassin X 90 SE ARGB,77.52,2200,23.85,Black / Silver,
EK Nucleus AIO CR240 Dark,523.73,"550,2300",36,Black,240.0
Deepcool ASSASSIN IV,368.26,"500,1700","22.6,29.3",White,
NZXT Kraken Z63,996.55,"500,1800","21,38",Black,280.0
Deepcool LE520,394.78,"500,2250",32.9,Black,240.0
Noctua NH-L9x65,259.76,"600,2500","14.8,23.6",,
Deepcool Assassin 4S,346.6,"500,1800",29.3,Black,
ID-COOLING SE-903-XT,64.95,"500,2200",25.8,Black,
Thermalright Frozen Prism,246.55,1850,27,Black,360.0
be quiet! Pure Rock 2,151.22,1500,"19.1,26.8",Silver / Black,
NZXT Kraken Elite 280 RGB,823.23,"500,1500",34.48,Black,280.0
Deepcool LT520 WH,346.16,"500,2250",32.9,White,240.0
Cooler Master Hyper 212 Halo,125.61,"650,2050",27,White,
ARCTIC Freezer 34 eSports DUO,209.28,"200,2100",24.4,White / Black,
Noctua NH-L9a-AM4 chromax.black,238.1,"600,2500","14.8,23.6",Black,
ARCTIC Freezer 36 A-RGB,168.94,"200,2000",,Black,
Lian Li Galahad II Trinity,649.91,2450,35.4,Black,360.0
ID-COOLING IS-47-XT,129.95,"800,2800",32.5,Black,
Cooler Master MasterLiquid ML360L ARGB V2,433.26,"650,1800","8,27",Black,360.0
ID-COOLING FROZN A620 BLACK,194.94,"500,2000",29.85,Black,
ARCTIC Liquid Freezer II 360 A-RGB,887.83,"200,1800",22.5,Black / Gray,360.0
NZXT Kraken Elite 240 RGB,979.21,"500,1800","17.9,30.6",Black,240.0
ARCTIC Freezer 36,142.95,"200,1800",,Black / Silver,
MSI MAG CORELIQUID P240,324.98,"500,2000","14.3,34.3",Black,240.0
Corsair iCUE LINK H170i LCD,1061.54,"400,2000",,Black,420.0
ID-COOLING FROSTFLOW X,259.94,"800,1600","16.8,32.6",Black / Silver,280.0
Noctua NH-D12L,389.75,"450,2000","18.8,22.6",Beige / Brown,
be quiet! Dark Rock Elite,432.87,"1500,2000","11,25.8",Black,
ARCTIC Liquid Freezer III A-RGB,554.58,"200,1900",,Black,280.0
Thermalright Frozen Prism ARGB,207.55,1850,27,White,240.0
Thermalright Assassin X Refined SE,81.85,1550,25.6,White / Silver,
ARCTIC Freezer 7 X,99.62,"300,2000",22.5,Black / White,
EK Nucleus AIO CR360 Dark,1030.26,"550,2300",36,Black,360.0
Corsair iCUE H100i ELITE LCD XT,953.22,"550,2100","5,34.1",Black,240.0
Lian Li Galahad II Trinity,505.79,2450,35.4,Black,240.0
Asus ROG STRIX LC II ARGB,628.24,"800,2500",37.6,White / Black,360.0
Corsair iCUE H150i RGB ELITE,714.9,"400,1850","5,28.9",White,360.0
Noctua NH-U12S,324.76,"300,1500","18.6,22.4",,
Corsair H100i v2,1346.78,2435,37.7,,240.0
Deepcool AK400 DIGITAL WH,203.56,"500,1850",28,White,
Vetroo V240,259.94,1800,30.8,Black,240.0
Deepcool AK500 DIGITAL,255.56,"500,1850",28,Black,
Noctua NH-D12L CHROMAX.BLACK,432.87,"450,2000","18.8,22.6",Black,
be quiet! Pure Loop 2 FX,389.54,,"8,32.3",Black,240.0
Phanteks GLACIER ONE 360D30,779.9,"250,2000",30.2,Black,360.0
Thermalright Assassin Spirit 120 EVO WHITE ARGB,90.56,1850,27,White,
Corsair H150i PRO,1610.14,1600,25,,360.0
Asus ROG Ryujin III,1299.86,"450,2000",29.7,Black,360.0
Corsair iCUE H115i ELITE CAPELLIX XT,736.57,"500,1700","5,33.8",Black,280.0
Lian Li Galahad II Trinity Performance,693.24,"2300,3000","32.1,39.9",White,360.0
Lian Li GALAHAD AIO 360 RGB,1126.36,"800,1900",,White / Silver,360.0
Thermalright AXP90-X53 FULL,207.55,2700,22.4,Copper / Orange,
Corsair iCUE LINK H150i RGB,931.55,"480,2400",,White,360.0
ARCTIC Liquid Freezer II 240 A-RGB,433.26,"200,1800",22.5,Black / Gray,240.0
ARCTIC Liquid Freezer II 420 A-RGB,433.26,"200,1900",22.5,Black,420.0
ARCTIC Alpine 23 CO,60.14,"100,2000",,Black,
Corsair A115,433.26,"400,1600","5,33.9",Black,
Cooler Master Hyper 212 EVO V2,398.59,"650,1800","8,27",Black / Silver,
Cooler Master Hyper 212 RGB Black Edition,433.26,"650,2000","8,30",Black,
ARCTIC Liquid Freezer II 280 A-RGB,446.26,"200,1900",22.5,Black,280.0
Asus ROG RYUO III 360 ARGB,823.23,2200,36.45,Black,360.0
Thermalright Frozen Prism ARGB,220.55,1850,27,Black,240.0
Fractal Design Lumen S24 RGB V2,493.88,"500,2000","10,33.2",Black,240.0
Thermaltake TH360 V2 ARGB Sync,511.25,"500,2000",25.8,Black,360.0
Cooler Master MasterLiquid 240 Atmos,519.92,"690,2500",27.2,Black,240.0
Deepcool LS520S ZERO DARK,346.55,"500,2250","28.2,32.9",Black,240.0
NZXT Kraken 280 RGB,771.23,"500,1500",34.48,White,280.0
Noctua NH-D15S,433.08,"300,1500","19.2,24.6",,
MSI MEG CORELIQUID S360,732.28,,22.7,Black,360.0
ARCTIC Alpine AM4,44.41,"100,2000",,Black / White,
Corsair iCUE H100i ELITE CAPELLIX,866.6,2400,"10,37",Black,240.0
Noctua NH-U14S,346.42,"300,1500","19.2,24.6",,
ARCTIC Liquid Freezer III A-RGB,571.91,"200,1900",,White,280.0
Corsair iCUE H100i RGB ELITE,649.91,"400,1850","5,28.9",White,240.0
ARCTIC Alpine 17 CO,56.29,"250,2700",,Black,
Thermalright Frozen Prism ARGB,242.21,1850,27,White,360.0
MSI MPG CORELIQUID D360,875.22,,,Black,360.0
Thermalright Frost Commander 140 BLACK,172.89,1800,30.2,Black,
Thermalright Assassin X Refined SE PLUS,96.58,1550,25.6,Black / Silver,
be quiet! Silent Loop 2 360,931.6,2200,"17.7,39.8",Black,360.0
Deepcool AG500 BK ARGB,160.23,"300,1850",29.4,Black,
ARCTIC Freezer 36 A-RGB,190.61,"200,2000",,White,
Thermaltake UX200 SE ARGB,108.28,"800,1800",25,Black,
Deepcool LS720 WH,584.91,"500,2250",32.9,White,360.0
Cooler Master MasterLiquid 120L Core,259.94,"650,1750",27.2,Black,120.0
Deepcool AK500,255.6,"500,1850","25.9,31.5",White,
Gigabyte AORUS WATERFORCE X,866.56,"800,2500","7.9,37.6",Black,360.0
ARCTIC Alpine 17,51.95,"100,2000",,Black / White,
ID-COOLING FROZN A400 BLACK,108.28,"500,2200",25.8,Black,
Thermalright AXP120-X67,146.89,1800,26.1,Black,
be quiet! Dark Rock Slim,259.55,1500,"11,23.6",Black,
Cooler Master MasterLiquid 240L Core,410.38,"650,1750",27.2,Black,240.0
Corsair iCUE H115i RGB ELITE,693.24,"400,1600","19,35.8",Black,280.0
Phanteks GLACIER ONE 360D30,736.57,"250,2000",30.2,White,360.0
MSI MAG CORELIQUID C240,433.26,"500,2000","14.3,34.3",Black,240.0
Lian Li Galahad II Trinity,591.58,2450,35.4,White,240.0
Noctua NH-P1,476.2,,0,Silver,
Asus ROG RYUO III 360 ARGB WHITE EDITION,809.32,2200,36.45,White,360.0
Deepcool GAMMAXX AG620 ARGB,207.94,"300,1850",29.4,Black,
Lian Li Galahad II LCD,996.16,"300,2450",30,Black,360.0
MSI MAG CORELIQUID E360,584.96,,,Black,360.0
Deepcool LS520,355.22,"500,2250",32.9,Black,240.0
ID-COOLING DASHFLOW 240 BASIC,281.56,"700,1800","15.2,35.2",Black,240.0
Cooler Master MasterLiquid ML360 Illusion,630.93,"650,1800","6,30",Black / Silver,360.0
NZXT Kraken X73 RGB,1689.65,"500,1500","22,33",Black,360.0
ARCTIC Freezer 34 eSports DUO,203.95,"200,2100",24.4,Black / Gray,
Thermalright Assassin King 120 Mini WHITE ARGB V3,82.24,1500,25.6,White / Silver,
Thermalright AXP90-X36,99.23,2700,22.4,Gray,
Vetroo V5,121.28,"800,1700",30.8,White,
Thermalright Burst Assassin ARGB,99.23,1550,25.6,Black / Silver,
Cooler Master MasterAir MA824 Stealth,433.26,,"0,24.6",Black,
Thermalright Peerless Assassin 120 White ARGB,170.24,1550,25.6,White,
MSI MAG CORELIQUID E360 WHITE,602.29,,,White,360.0
MSI MAG CORELIQUID C360,619.62,"500,2000","14.3,34.3",Black,360.0
Corsair iCUE H150i ELITE CAPELLIX,1515.6,2400,"10,37",White,360.0
NZXT Kraken Z53,996.55,"500,2000","21,36",Black,240.0
EK AIO Basic 360,493.18,"550,2200",33.5,Black,360.0
Cooler Master Hyper H412R,177.61,"600,2000",29.4,Black,
ID-COOLING SE-224-XTS BLACK,129.95,"600,1500",28.9,Black,
Gigabyte AORUS WATERFORCE X II 360 ICE,1256.53,"800,2400","12,37.5",White,360.0
ARCTIC Liquid Freezer III A-RGB,590.37,"200,1900",,White,420.0
Zalman CNPS10X Performa,86.62,"700,1500",27,Black,
Vetroo V360,366.53,"800,1800",,White,360.0
ARCTIC Alpine 23,51.95,"100,2000",,White / Black,
IceGiant ProSiphon Elite,736.57,"300,2300",,Black,
MSI MAG CORELIQUID M360,385.64,"500,2000","14.3,34.3",Black,360.0
NZXT Kraken 280 RGB,693.24,"500,1500",34.48,Black,280.0
Thermalright Assassin X Refined SE ARGB V2,86.18,1550,25.6,Black / Silver,
NZXT T120,240.44,"500,1800","17.9,30.6",Black,
Thermalright Frozen Prism,203.22,1850,27,Black,240.0
be quiet! Pure Loop 240,432.87,,"19,39.5",Black,240.0
Thermaltake UX200 SE ARGB,151.57,"800,1800",25,White,
ARCTIC Freezer 34 eSports DUO,249.36,"200,2100",24.4,White / Gray,
ID-COOLING DASHFLOW BASIC,346.55,"700,1800","15.2,35.2",Black,360.0
Vetroo V240,259.94,1800,30.8,White / Gray,240.0
Thermalright Aqua Elite V3,172.89,1500,25.6,Black,120.0
Corsair iCUE LINK H100i RGB,649.91,"480,2400",,Black,240.0
ARCTIC Freezer 34 eSports DUO,199.27,"200,2100",24.4,Red / Black,
Cooler Master MasterLiquid 360 Atmos,584.91,"690,2500",27.2,Black,360.0
be quiet! Shadow Rock 3,207.55,1600,"11.5,24.4",Black,
Lian Li Galahad II Trinity SL-INF,541.58,2100,29,Black,240.0
ENDORFY Fera 5,213.88,"250,1800",,Black / Silver,
Asus ROG STRIX LC II ARGB,498.25,"800,2500",37.6,Black,240.0
Noctua NH-D9L chromax.black,324.54,"400,2000","16.3,22.8",Black,
Deepcool AK500S DIGITAL,225.23,"500,1850",28,Black,
Deepcool MYSTIQUE,649.91,"500,2150",36.49,Black,240.0
EK AIO Elite 360 D-RGB,463.59,"550,2200",31.6,Black,360.0
EK EK-Nucleus AIO CR360 Lux D-RGB,710.57,"550,2300",36,White,360.0
Corsair iCUE H170i ELITE CAPELLIX XT,888.22,"500,1700","5,33.8",Black,420.0
Thermalright AXP120-X67,129.56,1800,26.1,White,
Thermalright Assassin King SE ARGB,83.58,1550,25.6,Silver / Gray,
Thermalright Frozen Edge,272.55,2150,28.1,Black,360.0
Thermaltake Gravity i2,51.95,1800,21.3,,
Lian Li Galahad II Trinity SL-INF,563.25,2100,29,White,240.0
EK EK-Nucleus AIO CR240 Lux D-RGB,519.92,"550,2300",36,Black,240.0
MSI MAG CORELIQUID M240,298.98,"500,2000","14.3,34.3",Black,240.0
Corsair iCUE H150i RGB PRO XT,880.03,2400,37,Black / White,360.0
Corsair iCUE H100i RGB PRO XT,996.55,2400,37,Black,240.0
Noctua NH-L12 Ghost S1,281.21,"300,1600","13.1,17.6",Silver / Beige,
Lian Li Galahad II LCD,996.55,"300,2450",30,White,360.0
Cooler Master MasterLiquid ML240L ARGB V2,433.26,"650,1800","8,27",White,240.0
Asus TUF GAMING LC 240 ARGB,376.93,"800,2000",29,Black,240.0
Thermaltake TH360 V2 ARGB Sync,563.25,"500,2000",25.8,White,360.0
MSI MAG CORELIQUID P360,728.68,"500,2000","14.3,34.3",Black,360.0
ID-COOLING IS-67-XT,151.61,"500,2200",35.2,Black,
Thermaltake Contact 9 SE,69.28,"800,2000",24.5,Black / Silver,
Asus ROG STRIX LC II 280 ARGB,389.93,"700,2100",35.7,Black,280.0
EK AIO Basic 240,466.32,"550,2200",33.5,Black,240.0
Thermalright AXP90-X53,103.56,2700,22.4,Gray,
Deepcool Assassin 4S,346.6,"500,1800",29.3,White,
ID-COOLING PINKFLOW,433.26,"900,2000","16.3,33.5",White / Pink,240.0
ID-COOLING DASHFLOW BASIC,346.55,"700,1800","15.2,35.2",White,360.0
Deepcool LD360,519.92,"600,2400",38.71,Black,360.0
Corsair iCUE LINK H100i RGB,693.24,"480,2400",,White,240.0
MSI MAG CORELIQUID 240R V2,407.3,"500,2000","14.3,34.3",White,240.0
be quiet! Pure Loop 2,454.53,,"17.2,36.8",Black,360.0
NZXT Kraken M22,346.6,"500,2000","21,36",Black,120.0
Enermax Liqmax III 360 ARGB,389.93,"500,1600","14,27",Black,360.0
Thermalright Silver Soul 135,151.22,1850,29.6,Black,
Alpenföhn BLACK RIDGE,396.12,"800,2800","14,37.6",Black,
Deepcool AG620,173.28,"300,1850",29.4,Black / Silver,
Deepcool AK500,216.61,"500,1850",,Black / Silver,
Thermalright Assassin King 120 MINI V2,86.18,1500,25.6,Black / Silver,
Thermalright Frost Commander 140,172.41,1800,30.2,White,
ID-COOLING SE-225-XT,151.61,"700,1800","15.2,35.2",Black,
Thermaltake TH240 V2 ARGB Sync,368.26,"500,2000",25.8,Black,240.0
NZXT Kraken X73 RGB,1213.2,"500,1500","22,33",White / Black,360.0
Asus ROG RYUJIN II ARGB,1471.92,,,Black,240.0
Deepcool AK500 DIGITAL WH,281.6,"500,1850",28,White,
Cooler Master Hyper 622 Halo,281.56,"650,2050",27,Black,
Phanteks Glacier One 360MPH,1429.89,"500,2200","18,34.2",White,360.0
ARCTIC Freezer 36 CO,155.94,"200,1800",,Black / Silver,
Thermalright AXP120-X67,190.22,1800,26.1,Gray,
Gigabyte AORUS WATERFORCE 360,736.57,"950,2150","16.9,31",Black,360.0
NZXT Kraken X53 RGB,1083.25,"500,1500","22,33",Black,240.0
ID-COOLING IS-55 ARGB,173.28,"500,2000",31.2,Black,
Cooler Master I30,57.63,2600,28,Black / Silver,
Corsair H100x,1299.86,1700,37,Black,240.0
Gigabyte AORUS WATERFORCE X II 360,1213.2,"800,2400","12,37.5",Black,360.0
Thermalright Burst Assassin,94.89,1550,25.6,Gray / Black,
Asus ROG STRIX LC II,563.25,"800,2500",37.6,Black,360.0
Corsair iCUE LINK H100i LCD,866.56,"480,2400",,Black,240.0
ID-COOLING DASHFLOW 240 BASIC,259.94,"700,1800","15.2,35.2",White,240.0
ARCTIC Freezer 7 X CO,116.95,"300,2000",,Black / Silver,
Corsair iCUE LINK H170i RGB,866.56,"400,2000",,Black,420.0
Inter-Tech ALSEYE W90,129.95,3000,36.7,White / Black,
GAMDIAS BOREAS E1,129.95,"800,2000","10,31",Black / Silver,
Thermaltake TH360 V2 Ultra ARGB Sync,693.24,"500,1800",25.8,Black,360.0
Scythe Mugen 6 Dual Fan,238.27,"300,2000","3,26.88",Black,
Thermalright Assassin X 120 V2,78.82,1500,25.6,Black / Silver,
Jonsbo CR-1400 EVO Color White,107.81,"800,2200","22.3,33.8",White,
Cooler Master I70C,108.24,"650,1800",28,Black / Silver,
Zalman CNPS9X Performa,86.62,"700,1800",28,Black,
ID-COOLING AURAFLOW X,259.94,"700,1800","18,35.2",Black,240.0
Cooler Master MasterLiquid ML360L ARGB V2,519.92,"650,1800","8,27",White,360.0
EK AIO 240 D-RGB,545.91,"450,2600",36.4,Black,240.0
Cooler Master MasterLiquid ML280 Mirror,654.24,"650,1400","10,27",Black,280.0
Corsair H115i RGB PLATINUM,1169.87,2000,37,Black / Silver,280.0
Noctua NH-U9DXi4,281.43,"300,1600","13.1,17.6",,
NZXT T120,173.28,"500,1800","17.9,30.6",White,
Deepcool LS520 WH,447.77,"500,2250",32.9,White,240.0
Lian Li Galahad II LCD,866.56,"300,1550",26.7,White,280.0
Phanteks GLACIER ONE 420D30,779.9,"250,1800",29.5,Black,420.0
Thermaltake TH420 V2 Ultra ARGB Sync,649.91,"500,2000",34.7,White,420.0
Thermalright SI-100 WHITE ARGB,116.56,2000,27.7,White,
Noctua NH-L9x65 SE-AM4,259.76,"600,2500","14.8,23.6",,
Thermalright Silver Soul 110,125.22,2500,23,White,
Thermalright Silver Soul 110,155.55,2500,23,Black,
Fractal Design Lumen S36 RGB V2,584.87,"500,2000","10,33.2",Black,360.0
Thermalright SI-100,116.56,2000,27.7,Blue,
be quiet! Shadow Rock LP,216.22,1500,"14.8,25.5",,
Deepcool AG620 WH ARGB,247.98,"300,1850",29.4,White,
Cooler Master Hyper 620S,216.61,"350,1750",27.2,Black / Silver,
MSI MAG CORELIQUID 360R V2,603.07,"500,2000","14.3,34.3",White,360.0
Lian Li GALAHAD AIO 240 RGB UNI FAN SL120 EDITION,974.97,"800,1900",32,White / Silver,240.0
EK AIO 280 D-RGB,492.19,"500,2000",36.4,Black / Translucent White,280.0
Cooler Master MasterLiquid ML240 Illusion,550.51,"650,1800","6,30",Black,240.0
Cooler Master MasterLiquid ML240L V2 RGB,562.86,"650,1800","8,27",White / Black,240.0
Alphacool Eisbaer Pro Aurora,987.53,,31.5,Black,360.0
be quiet! Pure Loop 2 FX,476.2,,"10.8,32.8",Black,280.0
Cooler Master MasterLiquid PL360 FLUX,779.9,,32,Black,360.0
Thermaltake TH360 V2 Ultra ARGB Sync,810.83,"500,1800",25.8,White,360.0
MSI MPG CORELIQUID K360,1689.87,,39.9,Black,360.0
Thermalright Frozen Edge,233.55,2150,28.1,White,240.0
ENDORFY Spartan 5 MAX ARGB,184.37,"250,1500",,Black / Silver,
Asus ROG STRIX LC II,389.93,"800,2500",37.6,Black,240.0
be quiet! Dark Rock TF 2,389.54,1400,,Black,
Noctua NH-U9B SE2,519.92,"1000,1600","7.9,17.6",,
Noctua NH-C14S,346.42,"300,1500","19.2,24.6",,
Corsair iCUE H115i ELITE CAPELLIX,866.6,2000,"10,36",Black,280.0
Phanteks Glacier One 360 T30 Gen2,1692.77,"1200,3000","11.1,39.7",Black / Gray,360.0
Noctua NH-U14S TR4-SP3,433.08,"300,1500","19.2,24.6",,
Lian Li Galahad II LCD,909.89,"300,1550",26.7,Black,280.0
Cooler Master Hyper 212 EVO V2,271.85,"650,1800","8,27",,
Vetroo V360,366.53,"800,1800",,Black,360.0
Vetroo V5,121.28,"800,1700",30.8,Pink,
APNX AP1-V,216.22,"600,1800","16.1,32.8",Black,
Asus ROG RYUO III 240 ARGB,565.5,2200,36.45,Black,240.0
Asus ROG Ryujin III,758.23,"450,2000",29.7,Black,240.0
Lian Li GALAHAD AIO 360 RGB,905.6,"800,1900",,Black / Silver,360.0
be quiet! Pure Loop 280,432.87,,"22.5,38.1",Black,280.0
Corsair iCUE H100i ELITE CAPELLIX,823.23,2400,"10,37",White,240.0
Fractal Design Lumen S36 V2,752.08,"500,2000","10,33.2",Black,360.0
Thermalright Assassin King SE,86.18,1550,25.6,Silver / Gray,
Cooler Master Hyper 212 LED Turbo ARGB,270.77,"650,1800",27,Black,
Cooler Master Hyper 622 Halo,281.56,"650,2050",27,White,
ENDORFY Fera 5 Dual Fan,234.68,"250,1800",,Black / Silver,
EVGA CLCx 360,649.91,,35,Black,360.0
ID-COOLING IS-55 ARGB,151.61,"500,2000",31.2,White,
Phanteks GLACIER ONE 420D30,801.56,"250,1800",29.5,White,420.0
Cooler Master Hyper H410R RGB,189.09,"600,2000","6,29",,
NZXT Kraken X63 RGB,1208.17,"500,1500","22,33",White / Black,280.0
be quiet! Silent Loop 2 240,780.29,2200,"16.8,38.3",Black,240.0
ID-COOLING FROZN A410 ARGB,151.61,"500,2000",29.9,Black,
Deepcool AS500 Plus,194.94,"500,1200",31.5,Black,
ID-COOLING FROZN A620 ARGB,259.94,"500,2000",29.9,Black,
ID-COOLING AURAFLOW X,259.94,"700,1800","18,35.2",Black,240.0
be quiet! Pure Rock Slim,147.28,2000,"13.1,25.4",,
APNX AP1-V,216.22,"600,1800","16.1,32.8",White,
Corsair iCUE H170i ELITE LCD,1256.53,"400,1600","10,31.8",Black,420.0
CRYORIG H7,692.76,"330,1600",25,,
Thermaltake Gravity A2,87.96,"1200,3500",33.5,Silver / Black,
Corsair iCUE LINK H115i RGB,736.57,"400,2000",,Black,280.0
Intel BXTS15A,193.34,"1000,3850",,,
Thermaltake Gravity i3,77.08,"1200,3500",36.5,Silver / Black,
NZXT Kraken X53 RGB,758.23,"500,1500","22,33",White / Black,240.0
Lian Li Galahad AIO240 (2022),743.89,"800,1900",32,Black / Silver,240.0
ID-COOLING SE-224-XTS,129.95,"600,1500",28.9,White,
Montech METAL DT24 PREMIUM,298.98,"800,1950",26,Black / Silver,
Zalman CNPS9X Performa ARGB,108.28,"700,1800",28,Black,
ARCTIC Alpine 12 LP,56.11,"100,2000",,Black / White,
Noctua NH-L12Sx77,324.54,"450,1850","16.8,23.9",Silver / Beige,
Thermaltake TH420 V2 Ultra ARGB Sync,732.23,"500,2000",34.7,Black,420.0
Deepcool AG500 WH ARGB,160.23,"300,1850",29.4,White,
Thermalright Frost Commander 140,155.55,1800,30.2,Gray,
Thermaltake TH120 V2 ARGB Sync,346.55,"500,2000",25.8,Black,120.0
EK EK-Nucleus AIO CR240 Lux D-RGB,554.58,"550,2300",36,White,240.0
be quiet! Shadow Rock 3,207.55,,"11.5,24.4",White / Black,
Cooler Master MasterLiquid ML240 Illusion,559.43,"650,1800","6,30",White,240.0
Gigabyte AORUS WATERFORCE X,796.45,"800,2500","7.9,37.6",Black,240.0
Cooler Master MasterLiquid PL240 FLUX,549.16,,32,Black,240.0
Thermaltake TOUGHLIQUID Ultra,936.75,"500,2500",28.1,Black,360.0
Deepcool AK500S DIGITAL,238.27,"500,1850",28,White,
Jonsbo CR-1000 EVO ARGB Black,112.61,"600,1500","22,32",Black,
Cooler Master MasterAir MA612 Stealth ARGB,311.85,"650,1800","8,27",,
ARCTIC Freezer i35 RGB,144.12,"200,1700",,Black,
Asus ROG Ryujin III,888.22,"600,2200",36.45,White,240.0
Cooler Master Hyper 212 Halo SF6 Ryu,196.02,"650,2050",27,White / Orange,
Corsair A500,389.93,2400,36,Black / Silver,
be quiet! Dark Rock Pro TR4,572.78,"1200,1500","12.8,24.3",Black,
Thermaltake TH280 V2 ARGB Sync,433.26,"500,1800",34.7,Black,280.0
be quiet! Silent Loop 2 280,721.83,1600,"16.5,36.1",Black,280.0
Noctua NH-U9 TR4-SP3,389.75,"400,2000","16.3,22.8",,
Thermaltake TH240 V2 ARGB Sync,389.93,"500,2000",25.8,White,240.0
be quiet! Pure Loop 360,563.25,,"19.8,40.5",Black,360.0
MSI MAG CORELIQUID E240,428.97,,,Black,240.0
Cooler Master i50,73.57,2000,28,Black / Silver,
MSI MAG CORELIQUID E240 WHITE,428.97,,,White,240.0
Corsair iCUE H100i ELITE LCD,941.52,"450,2000","10,30.4",Black,240.0
Noctua NH-U12S SE-AM4,324.76,"300,1500","18.6,22.4",,
Antec A400i,124.53,"800,1800","20,36",Black / Silver,
ID-COOLING FROZN A620 ARGB WHITE,259.94,"500,2000",29.9,White,
Asus TUF Gaming LC II ARGB,389.93,"800,2000",29,Black,240.0
Asus ROG RYUO III 240 ARGB WHITE EDITION,584.91,2200,36.45,White,240.0
Asus ROG STRIX LC II ARGB,649.91,"800,2500",37.6,White / Black,240.0
ID-COOLING FROZN A410 ARGB WHITE,151.61,"500,2000",29.9,White,
ARCTIC Freezer A35 A-RGB,203.61,"200,1700",,Black,
be quiet! Pure Loop 2,389.54,,"15.4,34.9",Black,240.0
ID-COOLING SE-914-XT ARGB,129.95,"600,2200","14,25.8",Black / Gray,
Enermax LIQMAX III 360 ARGB,389.93,"500,1600","14,27",White / Black,360.0
Gelid Solutions Liquid 120,281.56,"750,1800",29.6,Black,120.0
Deepcool LD240,433.26,"600,2400",38.71,Black,240.0
Scythe Mugen 5 Black Edition Rev.C,220.94,"300,1500","4,28.6",Black,
be quiet! Pure Loop 2,432.87,,"15.4,33.8",Black,280.0
Fractal Design Celsius S24,547.69,"500,2000",32.2,,240.0
ID-COOLING FROZN A610 BLACK,173.28,"500,2000",29.85,Black,
ENDORFY Fortis 5,290.92,"250,1400",,Black / Silver,
Gelid Solutions BlackFrore,103.95,"900,2000",20,Black,
Thermaltake TH120 V2 ARGB Sync,346.55,"500,2000",25.8,White,120.0
Thermalright Assassin King 90,103.56,2500,27.3,Black / Silver,
Thermaltake TOUGHLIQUID Ultra,1083.21,"500,2000",33.2,Black,420.0
Cooler Master MasterLiquid ML240R RGB,646.05,"650,2000","6,30",,240.0
Deepcool AS500 PLUS WH,216.61,"500,1200",31.5,White / Silver,
Thermaltake TH120 ARGB Sync,258.85,1500,28.2,Black,120.0
Enermax AQUAFUSION ADV 360,433.26,"500,2000","15,32.6",Black,360.0
Asus ROG Ryujin III ARGB,1018.21,"600,2200",36.45,Black,240.0
Deepcool AN600,242.56,"500,1850","20.4,24.2",Black / Silver,
ID-COOLING SL240,433.26,"500,2000",29.9,White,240.0
ARCTIC Freezer i35 A-RGB,193.99,"200,1700",,Black,
Gelid Solutions Tranquillo Rev. 5,86.57,"900,2000",26.5,Black,
Iceberg Thermal IceSLEET G3,77.91,"600,1200",20.5,Black / Gray,
Enermax LIQMAX III 240 ARGB,303.22,"500,1600","14,27",White / Black,240.0
Fractal Design Lumen S28 RGB V2,857.72,"500,1700","10,35.5",Black,280.0
Noctua NH-D15 SE-AM4,476.41,"1200,1500","19.2,24.6",,
Asus ROG RYUJIN 360,1157.13,"450,2000",29.7,Black,360.0
Deepcool ASSASSIN III,346.55,"400,1400",34.2,Black / Silver,
MSI MEG CORELIQUID S280,714.94,,24.9,Black,280.0
Razer Hanbo Chroma,779.9,,,Black,240.0
Cooler Master MasterLiquid ML240L RGB,515.58,"650,2000","6,30",,240.0
ENDORFY Spartan 5 MAX,166.6,"250,1500",,Black / Silver,
Enermax AQUAFUSION ADV,315.7,"500,2000","15,32.6",White,360.0
ENDORFY Spartan 5 ARGB,162.36,"250,1500",,Black / Silver,
Vetroo U6 Pro,151.61,"700,1500","18.1,30.5",Black,
Cooler Master MasterAir MA612 Stealth,230.17,"650,1800","8,27",,
TEAMGROUP SIREN GD360E,480.92,"600,2200","14.3,35.6",White,360.0
ID-COOLING ZOOMFLOW 360 XT,433.26,"500,1500","13.8,30.5",Black,360.0
Deepcool R-AN600-BKNNMN-G,221.59,"500,1850","20,24.4",Black / Silver,
Cooler Master MasterAir MA624 Stealth,268.65,"650,1400","10,27",Black,
Scythe Mugen 6,203.61,"300,2000","3,26.88",Black,
Silverstone IceMyst 360,631.4,"500,2200","12.1,33.1",Silver / Black,360.0
Lian Li Galahad AIO360 (2022),1083.03,"800,1900",32,White / Silver,360.0
ENDORFY Fera 5 ARGB,251.44,"250,1800",,Black / Silver,
ENDORFY Fortis 5 ARGB,329.44,"250,1400",,Black / Silver,
ID-COOLING PINKFLOW 240 Diamond,433.26,"900,2000","16.3,33.5",Pink,240.0
Alphacool Eisbaer Pro Aurora,1231.53,,31.5,Black,420.0
Noctua NH-U12DXi4,324.76,"300,1500","18.6,22.4",,
Thermaltake TOUGHAIR 310,173.28,"500,2000",23.6,Black / Gray,
Asus ROG STRIX LC 360 RGB White Edition,1083.21,"800,2500",37.6,White,360.0
Thermaltake TH280 V2 ARGB Sync,476.59,"500,1800",34.7,White,280.0
Cooler Master Wraith Ripper,1165.58,,"0,38",Black,
Alphacool Core Ocean T38,434.12,,"0,36",Black,420.0
Thermaltake TH420 V2 ARGB Sync,589.24,"500,1800",34.7,Black,420.0
Gigabyte AORUS ATC800,931.6,"600,2000","18,31",Black,
Thermaltake TOUGHAIR 510,203.61,"500,2000",23.6,Black / Gray,
KOLINK Umbra EX180 Black Edition,184.07,"800,1800",28.6,Black,
Zalman CNPS9X Performa ARGB,86.62,"700,1800",28,White,
Thermalright Silver Soul 135,142.56,1850,29.6,Silver,
ARCTIC Freezer i13 X,86.62,"300,2000",,Black / White,
Cooler Master Hyper 212 LED,207.12,"600,1600","9,31",,
Enermax ETS-T40F-TB,125.61,"900,1800","11,21",,
Corsair H115i PRO,1083.21,1200,20.4,,280.0
Cooler Master Hyper T20,133.2,2000,30,Black / Silver,
Thermaltake TH360 ARGB Sync,450.59,1500,28.2,Black,360.0
ENDORFY Navis F360 ARGB,711.09,"250,1800",,Black,360.0
ID-COOLING FROZN A720 BLACK,303.22,"500,2000",33.5,Black,
Thermaltake TH360 ARGB Sync,441.92,1500,28.2,White,360.0
Geometric Future Eskimo Junior 36,519.53,2000,29,White,360.0
ARCTIC Freezer 4U-M,368.26,"400,2300",40,Black / Silver,
Enermax Liqmax III 240 ARGB,320.6,"500,1600","14,27",Black,240.0
Aerocool Cylon 4,221.85,"800,1800","14,26",Black,
Scythe Kotetsu Mark 3,129.95,"300,1500","4,28.6",Black / Silver,
EVGA CLCx 240,433.26,,35,Black,240.0
Antec VORTEX 240,430.92,"600,2000",31.24,Black,240.0
Cooler Master MasterLiquid 240,541.58,"650,2000","6,30",,240.0
Thermaltake TH360 V2 Ultra ARGB Sync,736.57,"500,1800",25.8,Blue / White,360.0
Fractal Design Lumen S28 V2,679.85,"500,1700","10,35.5",Black,280.0
Amazon Basics,130.21,"600,2000","6,29",,
Asus ROG RYUJIN II,790.73,"450,2000",29.7,Black,240.0
Alphacool Eisbaer Aurora 420,1184.51,"600,1500",,Black,420.0
RAIJINTEK JUNO-X,167.95,"1200,2500",26,Black,
ID-COOLING FROZN A610,216.61,"500,2000",29.9,Black,
ID-COOLING IS-40X,116.95,"600,2500","14,33",Black / White,
Yeston zeaginal Sakura,519.53,"900,1800",30,White,360.0
be quiet! Shadow Rock Slim 2,194.55,1400,"11.5,23.7",Black,
Thermaltake TH120 ARGB Sync,277.27,1500,28.2,White,120.0
ENDORFY Navis F360,659.09,"250,1800",,Black,360.0
Thermaltake TOUGHLIQUID Ultra RGB,1213.2,"500,2000",30.7,Black,420.0
Thermaltake TH280 V2 Ultra ARGB Sync,584.91,"500,2000",34.7,Black,280.0
Enermax ETS-T50 AXE ARGB,199.27,"500,1600","14,24",White,
Gigabyte AORUS WATERFORCE X,866.56,2300,"8.06,44.4",Black,280.0
Antec Symphony ARGB,683.66,"800,1600","20,35",Black,360.0
ARCTIC Freezer 34 eSports,219.64,"200,2100",28,Red / Black,
Iceberg Thermal IceSLEET G6 Stealth,164.61,"600,1400",26,Black / Blue,
Alphacool Core Ocean T38,368.26,,"0,34.3",Black,240.0
Silverstone Hydrogon D120 ARGB V2,310.29,,"0,30.5",Black / Silver,
ENDORFY Spartan 5,152.48,"250,1500",,Black / Silver,
Fractal Design Celsius+ S36 Prisma PWM ARGB,1072.55,"500,2000",32.7,Black,360.0
ENDORFY Fortis 5 Dual Fan,297.81,"250,1400",,Black / Silver,
BitFenix Cube ARGB,432.87,2000,34,White,360.0
Gelid Solutions Liquid 360,433.26,"750,1800",29.6,Black,360.0
Silverstone AR12 RGB,166.47,"700,2200","9,29",Silver / Black,
Corsair H115i,974.84,2000,40,,280.0
ID-COOLING SL240,433.26,"500,2000",29.9,Black,240.0
MSI MPG CORELIQUID K240,727.94,,"0,39.9",Black,240.0
Cooler Master MasterLiquid ML120R RGB,541.58,"650,2000","6,30",,120.0
Corsair H100,1328.63,"1300,2500","22,39",,240.0
Cooler Master MA621P TR4,2700.46,"600,1800",31,Black / Silver,
CRYORIG H7 Quad Lumi,473.73,"330,1600","10,25",,
BitFenix Cube ARGB,432.87,2000,34,Black,360.0
Jonsbo CR-1400 EVO ARGB Black,182.85,"800,2200","22.3,33.8",Black,
be quiet! Pure Loop 2,346.21,,"13,32.1",Black,120.0
Scythe Ninja 5 Rev. B,281.56,"300,800","4,14.5",Black,
Alphacool Eisbaer Aurora 360,917.04,"800,2000",,Black,360.0
ENDORFY Navis F240,518.05,"250,1800",,Black,240.0
Enermax LIQMAXFLO 360,349.85,"500,1800",23.46,Black,360.0
Thermaltake TH240 V2 Ultra ARGB Sync,649.91,"500,1800",25.8,White,240.0
Thermaltake TH420 V2 ARGB Sync,589.24,"500,1800",34.7,White,420.0
Enermax Liqmax III 120 HF,235.37,"500,2000","14,32",Black,120.0
TEAMGROUP SIREN GD360E,476.59,"600,2200","14.3,35.6",Black,360.0
Thermaltake Contac Silent 12,129.95,"400,1500","22.1,28.8",,
Deepcool GAMMAXX L240 A-RGB,1385.74,"500,1800",30,Black,240.0
Enermax AQUAFUSION ADV,342.26,"500,2000","17,32.6",White,240.0
Thermaltake TH240 V2 Ultra ARGB Sync,589.24,"500,1800",25.8,Black,240.0
EVGA CLC 240,617.45,"500,2400","16,39.9",,240.0
ID-COOLING DASHFLOW XT LITE,346.55,"500,2000",29.85,Black,360.0
Thermaltake TH420 ARGB Sync,823.18,"500,1800",34.7,Black,420.0
LC-Power LC-CC-120-RGB,200.75,"800,1800",,Black,
Jonsbo HX4170D,741.03,"600,3300",28.4,White,
Cooler Master MasterAir MA620M,653.85,"650,2000","8,30",Black,
Antec A40PRO,205.12,"800,2200","16,23",,
ARCTIC Freezer A35,182.98,"200,1800",,Black / White,
Iceberg Thermal IceFLOE OASIS 240,346.55,"200,2200",28.9,Black,240.0
Cooler Master i70C,96.63,"650,1800",28,Black / Silver,
Thermaltake TH240 ARGB Sync,524.77,1500,28.2,White,240.0
Thermaltake TH280 V2 ARGB Sync,476.59,"500,1800",25.8,Green,280.0
Thermaltake TOUGHAIR 110,151.61,"500,2000",23.6,Black / Silver,
MSI MAG CORELIQUID R,401.06,"500,2000","14.3,34.3",Black,240.0
be quiet! Pure Loop 120,434.69,,"18.9,36.1",Black,120.0
Deepcool LS320,389.93,"500,2250",32.9,Black,120.0
Montech AIR COOLER 210,326.32,"600,1500",27,Black,
Deepcool AG500 ARGB,222.15,"300,1850",29.4,Black / Silver,
Enermax ETS-N31-02,90.91,"800,2000",24.5,Black / Silver,
Cooler Master MasterAIR G200P,342.22,"800,2000","6,28",Black / Silver,
Silverstone IceMyst 420,706.24,"400,1750","13.3,30.8",Silver / Black,420.0
Antec Symphony ARGB,635.35,"800,1600","20,35",Black,240.0
Alphacool Eisbaer 420,736.18,1100,29.4,Black / Blue,420.0
Cooler Master MasterLiquid ML360 Mirror,1078.92,"650,1800","8,27",Black,360.0
Corsair H100i GTX,1181.35,2435,37.7,,240.0
Thermaltake TH420 ARGB Sync,588.38,"500,1800",34.7,White,420.0
ARCTIC Freezer i35,168.94,"200,1800",,Black / White,
Montech METAL DT24 BASE,216.61,"800,1950",26,Black / Silver,
Asus ROG STRIX LC 120 RGB,833.5,"800,2500",37.6,Black,120.0
Thermaltake UX200 ARGB,164.61,"300,1500",26.33,Black,
Silverstone VIDA 240 SLIM,550.25,"300,1800","15.9,33.9",Black,240.0
BitFenix Cube ARGB,346.21,2000,34,Black,240.0
be quiet! Shadow Rock TF 2,394.52,1400,"11.9,24.4",Silver / Black,
Corsair H75 2018,617.32,1900,31,Black,120.0
Jonsbo CR-1400 EVO Color Black,107.81,"800,2200","22.3,33.8",Black,
Alphacool Eisbaer 360,678.5,"550,1700",29,Black,360.0
Dynatron R24,173.1,"1500,7000","16,47.5",,
Iceberg Thermal IceSLEET G4 Silent,86.57,"600,1200",20.5,Black / Gray,
MSI MAG CORELIQUID R,612.12,"500,1800","14.8,33.28",Black,280.0
Deepcool LS320 WH,281.86,"500,2250",32.9,White,120.0
Thermaltake TOUGHLIQUID Ultra,866.56,"500,2500",28.1,Black,240.0
Jonsbo CR-3000 ARGB,214.27,"600,1500","22,32",White,
ARCTIC Alpine 12 CO,90.21,"100,2700",,Black / Gray,
Deepcool AK620 ZERO DARK ZORIA,413.58,"500,1850",28,Orange / Black,
Asus ROG Ryujin 240 RGB AIO,996.59,"450,2000",29.7,Black,240.0
MSI MPG CORELIQUID D240,732.28,,,Black,240.0
Jonsbo CR-1000 EVO ARGB White,112.61,"600,1500","22,32",White,
Asus ROG STRIX LC 240 RGB White Edition,801.56,"800,2500",37.6,White,240.0
Silverstone NT09-115X,66.25,"550,2500","18.5,32",,
Gelid Solutions Liquid 240,368.09,"750,1800",29.6,Black,240.0
Cooler Master MasterAir MA410M,416.96,"650,1800","6,31",Black,
MSI MPG CORELIQUID K240 V2,732.19,,39.9,Black,240.0
Mars Gaming MCPU-XT,279.39,"800,1600","9,26",Black,
be quiet! Silent Loop 2 120,577.07,2200,"16.6,36.4",Black,120.0
Cooler Master MasterAir MA610P ARGB,487.59,"650,1800","8,27",,
Thermaltake Floe Riing RGB 360 TT Premium Edition,651.73,"500,1400","19.8,24.7",,360.0
Thermaltake TOUGHAIR 710,411.55,"300,1400","18.5,23.9",Black,
Thermaltake Floe DX RGB 240 TT Premium Edition,500.89,"500,1500","19,23.9",Black / Gray,240.0
Thermaltake TH280 V2 Ultra ARGB Sync,693.24,"500,2000",34.7,White,280.0
Cooler Master i70,86.57,1800,28,Black / Silver,
Iceberg Thermal IceSLEET X5,129.95,"500,1850","0,36",Teal / Silver,
Silverstone Krypton KR01,142.95,"800,3000",33,Black / Silver,
ID-COOLING SE-224-XTS,129.95,"600,1500",28.9,Black / Silver,
Thermaltake CLP0556,80.16,"1900,2300",22,,
Thermaltake UX 210 ARGB,216.61,"600,2000",34.3,Black / Silver,
ID-COOLING FROZN A610 ARGB WHITE,216.61,"500,2000",29.9,White,
Enermax AQUAFUSION ADV 240,303.27,"500,2000","15,32.6",Black,240.0
ARCTIC Freezer A13 X,134.32,"300,2000",,Black / White,
Cooler Master Hyper 212 LED Turbo (Red),255.82,"300,1600","9,31",,
ARCTIC Freezer 34 CO,173.28,"200,1800",,Black / Silver,
Silverstone Krypton KR02,168.94,"800,2800","13.6,34.8",Black / Silver,
Dynatron K129,190.35,,0,Orange,
Alphacool Eisbaer LT240,519.53,"550,1700",29,Black,240.0
Cooler Master MasterAir MA410P,216.61,"650,2000","6,30",,
Silverstone Hydrogon D120 ARGB,457.52,,"0,30.5",Black / Silver,
Fractal Design Celsius+ S24 Prisma PWM ARGB,798.05,"500,2000",32.7,Black,240.0
Enermax LIQMAXFLO SR 360,428.92,"500,1800",23.46,Black,360.0
Cooler Master MASTERLIQUID PL240 FLUX,598.13,,32,White,240.0
Jonsbo HX6200D,207.98,"700,1800","18.6,29.7",White,
Enermax LIQMAXFLO 240,316.22,"500,1800",23.46,Black,240.0
ADATA XPG LEVANTE 360,693.24,"600,2000",34,Black,360.0
Gigabyte AORUS WATERFORCE X II 240AORUS WATERFORCE X II 240,996.55,"800,2400","12,37.5",Black,240.0
KOLINK Umbra Void,447.51,2200,30,Black,240.0
Asus ROG RYUO 240 RGB,823.18,"800,2500",37,Black,240.0
Jonsbo CR-3000 ARGB,214.27,"600,1500","22,32",Black / Silver,
Asus ROG RYUO 120 RGB,1035.59,"800,2500",37,Black,120.0
Cooler Master Hyper TX3 EVO,371.42,"800,2800","17,35",,
Enermax ETS-N30R-HE,113.22,"600,2800","12,28",,
TEAMGROUP SIREN GD240E,437.55,"600,2200","14.3,35.6",White,240.0
RAIJINTEK PALLAS 120,129.95,"200,1400",28.43,Black,
Enermax ETS-F40-FS,173.28,"300,1200","10,23",Black,
Dynatron R25,160.32,"1000,7000","21.5,59.14",,
Cougar FORZA 85,195.42,"600,2000",34.5,Black,
Alphacool Core Ocean T38,318.69,,"0,34.3",Black,120.0
Enermax LIQMAX III RGB,226.49,"500,1600","14,27",Black,120.0
Yeston zeaginal Sakura,432.87,"900,1800",30,White,240.0
StarTech FAN1156PWM,98.36,"1000,3000",33,,
Silverstone AR12-TUF,199.27,"300,2200","6.2,34.4",Black / Orange,
Iceberg Thermal IceSLEET X7 Dual,164.61,"500,1850","0,38",Teal / Silver,
Cooler Master MasterAir G100M RGB,187.4,"600,2400",30,Black / Multicolor,
Azza CUBE 240,346.55,"500,2000",34,Black,240.0
Deepcool GAMMAXX GT V2,173.28,"500,1650",27.8,Black / Silver,
Cougar FORZA 135,454.92,"500,1500",38.5,Black / Silver,
Enermax LIQMAXFLO SR 240,389.93,"500,1800",23.46,Black,240.0
Noctua NH-U12S TR4-SP3,389.54,"300,1500","18.6,22.4",,
Thermalright Le Grand Macho RT,285.11,"300,1300","14,20",,
ARCTIC Freezer A35 CO,168.94,"200,1800",,Black / Silver,
Jonsbo CR-1000 EVO Color White,108.28,"600,1500","22,32",White,
Asus ROG STRIX LC 240 RGB,736.57,"800,2500",37.6,Black,240.0
Cooler Master Hyper 212 LED White Edition,277.79,"600,1600","9,31",,
BitFenix Cube ARGB,346.21,2000,34,White,240.0
EVGA CLCx 280,1004.82,,35,Black,280.0
Thermaltake Water 3.0 Riing RGB 280,571.09,"300,1500","18.5,26.4",Black / Red,280.0
ENDORFY Navis F240 ARGB,610.61,"250,1800",,Black,240.0
CRYORIG C7 Cu,359.64,"600,2500",30,White / Orange,
Thermaltake TOUGHLIQUID ARGB,606.58,"500,2000",22.3,Black,360.0
Alphacool Eisbaer Extreme,1593.24,1000,18.8,Black,280.0
Iceberg Thermal IceSLEET X9 Dual TR,186.28,"500,1850","0,38",Teal / Silver,
Enermax ETS-F40-FS,173.28,"300,1200","10,23",White,
Thermaltake TOUGHLIQUID Ultra,840.56,"500,2000",33.2,Black,280.0
GAMDIAS CHIONE M2,303.22,"800,1800",,Black,240.0
Corsair H110i GT,1051.66,2100,43,,280.0
Cooler Master Hyper 212X EU Version,376.97,"600,1700","13,28.6",,
Jonsbo HX7280,662.91,"700,1800","28,38",Black,
Alphacool Eisbaer Aurora 240,663.64,"800,2000",,Black,240.0
Thermaltake TOUGHAIR 510,243.99,"500,1200",23.6,Green,
Thermalright Macho Rev.B,277.18,"300,1300","15,21",,
GAMDIAS BOREAS P1-720,303.22,"800,2000","10,31",Black,
be quiet! Shadow Rock 2,463.63,1600,"15.3,25.4",,
ARCTIC Freezer i35 CO,199.27,"200,1800",,Black / Silver,
Enermax LIQMAXFLO 420,563.25,"500,1700",25.47,Black,420.0
CRYORIG M9 Plus,278.31,"600,2200",26.4,Black / Silver,
EK AIO Elite 280 D-RGB,494.53,"550,2200",36.4,Black,280.0
ARCTIC Freezer A35 RGB,161.97,"200,1700",,Black,
Silverstone IceMyst 280,532.92,"400,1750","13.3,30.8",Silver / Black,280.0
ARCTIC Liquid Freezer II 240 RGB,509.3,"200,1800",22.5,Black / Gray,240.0
Geometric Future Eskimo Junior 36,519.53,2000,29,Black,360.0
YEYIAN VATN ARGB 360,476.59,"800,2000","25,32",Black,360.0
ARCTIC Freezer 34 eSports DUO,254.52,"200,2100",24.4,Yellow / Black,
ARCTIC Freezer 50 (w/Controller),325.97,"200,1800",,Black,
Enermax LIQTECH TR4 II 360,769.11,"500,2300","14,28",Black,360.0
Thermaltake Floe Riing RGB 280 TT Premium Edition,259.94,"500,1400","19.8,27.2",,280.0
RAIJINTEK LETO PRO RGB,129.95,"800,1800",25,Black / Silver,
Enermax LIQMAXFLO SR 120,346.55,"500,1800",23.46,Black,120.0
Silverstone IceMyst 240,476.59,"500,2200","12.1,33.1",Silver / Black,240.0
Iceberg Thermal IceSLEET G4 OC,108.28,"600,1400",22.5,Black / Teal,
Enermax AQUAFUSION ADV 120,221.59,"500,2000","15,32.6",Black,120.0
Alphacool Eisbaer Pro Aurora,904.34,,31.5,Black,280.0
Thermaltake TOUGHAIR 510,259.94,"500,1200",23.6,Teal,
Dynatron T318,207.68,,0,,
ADATA XPG LEVANTE 240,476.59,"600,2000",34,Black,240.0
Alphacool Eisbaer LT360,649.56,"550,1700",29,Black,360.0
Thermaltake TOUGHLIQUID ARGB,541.54,"500,2000",22.3,Teal,240.0
Lian Li Galahad AIO240 (2022),840.78,"800,1900",32,White / Silver,240.0
Azza CUBE 360,433.26,"500,2000",34,Black,360.0
Silverstone VIDA 120 SLIM,479.71,"300,1800","15.9,33.9",Black,120.0
GAMDIAS CHIONE P2,454.88,"800,1800",,Black,360.0
ARCTIC Freezer 50,279.22,"200,1800",,Black,
Enermax Liqfusion 240,355.26,"500,2000","14,28",Black,240.0
Iceberg Thermal IceSLEET G4 Midnight Limited Edition,112.61,"600,1400",22.5,Black,
Xigmatek GAIA SD1283,129.99,"800,1500","16,24",,
GAMDIAS CHIONE M3,368.26,"800,2000",,White,240.0
Silverstone NT07-115X,129.95,"1500,3600","21.9,34.7",Silver / Black,
Alpenföhn Glacier Water High Speed 360,1206.65,"500,2200",36.8,White,360.0
RAIJINTEK LETO RGB,122.28,"800,1800",25,Black / Silver,
Corsair H110i GTX,922.11,2000,40,,280.0
Alphacool Eisbaer Aurora 280,784.97,"600,1500",,Black,280.0
ARCTIC Freezer 11 LP,164.22,"900,2000",,,
Zalman CNPS9500 AT,129.95,"1300,2650","18,27.5",,
ARCTIC Alpine AM4 CO,108.28,"100,2700",,Black,
Thermaltake CLP0556-B,86.57,"1900,2300",22,,
Thermaltake TOUGHAIR 710,343.13,"300,1400","18.5,23.9",Gray,
Corsair H110,1075.8,1500,35,,280.0
Alpenföhn Glacier Water High Speed 240,831.11,"500,2200",36.8,White,240.0
Silverstone AR06,190.61,2500,"20,28.3",,
Thermaltake Floe Riing RGB 240 TT Premium Edition,496.13,"500,1400","19.8,24.7",,240.0
Iceberg Thermal IceSLEET X6,138.61,"500,1850","0,36",Teal / Silver,
Thermaltake Riing Silent 12 RGB Sync Edition,281.73,"300,1500","13,22",Black,
Thermaltake Riing Silent 12 Red,167.64,"300,1400","13,18",,
Cooler Master DK9-7G52A-0L-GP,138.57,4500,35,,
Thermaltake Floe Riing RGB 360 TR4 Edition,695.06,"1000,2000","21.8,33",Black,360.0
Alphacool Eisbaer Pro Aurora,835.19,,31.5,Black,240.0
Alphacool Eisbaer 280,641.07,1100,29.4,Black / Blue,280.0
Geometric Future Eskimo Junior 24,346.21,2000,29,Black,240.0
Cooler Master MasterAir MA620P,483.13,"600,1800",31,Black / Silver,
ENDORFY Navis F280 ARGB,714.56,"250,1800",,Black,280.0
Silverstone AR08,173.28,"1500,2800","14.1,27.7",Blue / Silver,
Thermaltake CL-P0187,249.1,4800,36,,
Cougar Helor 240,537.29,"600,1800",37.1,Black,240.0
GAMDIAS BOREAS M1,160.28,"800,2600","10,32",Black / Silver,
SilenX EFZ-92HA2,92.08,2400,"8,24",,
Alphacool Eisbaer 240,637.9,"550,1700",29,Black,240.0
In Win SR24 PRO,281.56,"500,2500",23,Black,240.0
Scythe KOTETSU Mark II TUF,297.33,"300,1200","4,24.9",Black / Yellow,
Silverstone IceGem 240P,805.24,"600,2200","7.3,36.6",Black,240.0
Silverstone IceGem 360,1133.64,"600,2200","7.3,36.6",Black,360.0
Scythe Kotetsu Mark II,384.77,"300,1200","4,24.9",,
Thermaltake Floe DX RGB 280 TT Premium Edition,635.22,"500,1400","19.8,26.2",Black / Gray,280.0
Thermaltake Floe DX RGB TT Premium Edition B,500.89,"500,1500","19,23.9",Black,240.0
Thermaltake TOUGHLIQUID Ultra RGB,996.55,"500,2000",30.7,Black,280.0
Silverstone NT07-AM2,92.81,"1500,2500","15,25",,
Zalman CNPS16X,129.95,"800,1500",27,White,
Cooler Master Hyper 212 Plus,342.31,"600,2000","13,32",,
Silverstone AR05,181.94,2500,"20,28.3",,
Thermaltake TOUGHLIQUID ARGB,619.62,"500,2000",33.2,Black,280.0
Gelid Solutions Glacier,129.95,"500,1600",35,White,
TEAMGROUP SIREN GD240E,459.25,"600,2200","14.3,35.6",Black,240.0
EVGA ACX mITX,159.19,"800,2800",33.4,,
Zalman CNPS17X,151.61,"800,1500",29,Black / Silver,
Silverstone IceGem 280,655.93,"600,1600","9.8,23.4",Black,280.0
Rosewill RCX-ZAIO-92,129.95,"600,2500","14.5,25",,
Dynatron R8,173.1,,,,
RAIJINTEK MYA RBW,129.95,"200,1400",28.43,Black,
RAIJINTEK DELOS RBW,173.28,"650,2000",22.95,Black,
Enermax Liqtech TR4 II 240,731.28,"500,2300","14,28",Black,240.0
RAIJINTEK EOS 240 RBW,259.94,"800,1800",28,Black,240.0
RAIJINTEK THEMIS BLACK,117.86,"1000,1500",24.53,Black / Silver,
Enermax ETS-T40F-W,604.84,2200,27,,
Thermalright Macho Direct,202.44,"300,1300","15,21",,
Dynatron A49,220.03,"800,1800","10.8,21.3",Silver,
Rosewill RCX-Z90-AL,86.66,"600,3000","15,30",,
RAIJINTEK Orcus 360 RGW,346.6,"400,1800",28,Black,360.0
Cooler Master CHD-00008-01-GP,108.28,2200,22,,
Dynatron Q12,173.1,,"16,35.98",,
GameMax Gamma 500 ARGB,239.09,"1000,1800",26.3,Black / Silver,
Zalman CNPS20X,129.95,"800,1500",29,Black / Silver,
Cougar FORZA 85 ESSENTIAL,310.98,"600,2000",34.5,Black,
In Win Nebula NR36,581.92,"400,1800",25,Black / White,360.0
Enermax ETS-T40-TB,337.06,"800,1800","10,21",,
Dynatron R14,186.1,"1500,7000","16,47.5",,
Silverstone NT07-115X,117.25,"1200,3400","18,26",,
Cooler Master DK9-7E52A-0L-GP,186.28,3200,25.17,,
Silverstone Argon AR10-115XS,177.61,"500,4000","18.07,39.03",,
Thermalright SilverArrow T8,349.89,"600,1800","19,25",Silver / Red,
Dynatron K5,125.44,"1000,2500","14.7,29.8",,
ARCTIC Freezer i32,290.31,,,,
Silverstone HE01-V2,437.59,"500,2000","18,41",Silver / Black,
RAIJINTEK Orcus 280 RGW,324.93,"400,1800",28,Black,280.0
FSP Group Windale 4,86.62,"600,1600",32,Black / Silver,
Thermaltake CLP0552,108.28,"800,1700",22,,
Antec KUHLER H2O 950,281.64,,,,120.0
Silverstone NT06-PRO-V2,332.25,"1000,2200",,Silver / Black,
In Win SR36 PRO,670.01,"500,2500",23,Black,360.0
Dynatron R13,205.86,"1100,6000","19.1,53.8",,
Dynatron R15,190.44,,,,
In Win SR24,545.31,"500,2500",23,Black,240.0
SilenX EFZ-92HA3,157.63,2000,"8,24",,
SilenX EFZ-100HA2,99.44,2400,"8,24",,
Thermaltake CLP0587,324.89,"1200,1800",39,,
RAIJINTEK PALLAS Red,174.19,"650,1400",28,,
Silverstone AR11,220.94,"1200,3000","19.3,44.5",Black / Silver,
Evercool HPM-12025,190.65,"800,2500","15,35",,
SilenX EFZ-80HA3,142.64,2200,"8,24",,
Enermax AQUAFUSION ADV,281.6,"500,2000","17,32.6",White,120.0
Cooler Master RR-LEE-L911-GP,145.16,2200,17,,
Dynatron R9,181.77,"1000,4500","13.14,45.9",,
Titan TTC-NC85TZ(RB),211.84,"210,2100",28.8,,
RAIJINTEK THEMIS Evo,208.76,"1000,1500",24.53,,
In Win BR24,476.63,"400,1800",35.5,Black / White,240.0
RAIJINTEK Orcus 240 RGW,303.27,"400,1800",28,Black,240.0
Iceberg Thermal IceSLEET G4 OC,129.95,"600,1400",22.5,Teal / Silver,
Silverstone Argon AR10-115XP,216.61,"500,4000","18.07,39.03",,
Gelid Solutions Rev. 2 Tranquillo,194.81,"750,1500","12,25.5",,
Thermaltake Frio Silent 14,194.47,"700,1200","12,19.3",,
Reeven Justice,282.51,"300,1500","4,29.8",,
In Win BR36,558.52,"400,1800",35.5,Black / White,360.0
Silverstone Argon AR09-115XP,155.94,"1200,5000","18.02,42.5",,
Evercool EC-NK804A-925EP,84.41,2750,28.2,,
ARCTIC Freezer 33 CO,233.98,,22.5,,
Thermaltake A4021,207.94,2200,18,,
Thermaltake CL-P0401,303.22,"1300,2000","16,24",,
Dynatron K17,181.77,"1000,2500","17,31.92",,
Dynatron R27,188.62,"1000,3800","16,43.4",,
Silverstone NT08-115X,164.61,"1200,3500","21.56,62.88",,
Dynatron K199,160.1,"1000,5000","20.71,51.7",,
GAMDIAS CHIONE M1,717.07,"600,1200",,Black,280.0
Masscool 8W501B1M3G,129.99,2400,26.2,,
Silverstone Argon AR09-115XS,210.76,"1200,5000","18.02,42.5",,
Evercool HPH-9525CU,112.61,1800,20,,
