name,price,socket,form_factor,max_memory,memory_slots,color
MSI B650 GAMING PLUS WIFI,736.57,AM5,ATX,192,4,Black
Asus ROG STRIX B650-A GAMING WIFI,866.56,AM5,ATX,192,4,Black / Silver
MSI B760 GAMING PLUS WIFI,693.24,LGA1700,ATX,192,4,Black / Silver
MSI PRO Z790-A MAX WIFI,1039.88,LGA1700,ATX,192,4,Silver / Black
MSI B550 GAMING GEN3,433.26,AM4,ATX,128,4,Black
MSI B450M-A PRO MAX II,303.22,AM4,Micro ATX,64,2,Black
MSI MAG B650 TOMAHAWK WIFI,866.56,AM5,ATX,192,4,Black
Gigabyte B650 GAMING X AX,779.9,AM5,ATX,192,4,Black / Gray
Asus PRIME B550M-A WIFI II,454.92,AM4,Micro ATX,128,4,Blue / Silver
ASRock B650M Pro RS WiFi,649.91,AM5,Micro ATX,192,4,Black / Silver
ASRock B660M Pro RS,411.59,LGA1700,Micro ATX,128,4,Gray / Black
MSI PRO B650M-P,519.92,AM5,Micro ATX,192,4,Black / Silver
Asus TUF GAMING Z790-PRO WIFI,1213.2,LGA1700,ATX,192,4,Black
MSI MAG X670E TOMAHAWK WIFI,1126.54,AM5,ATX,192,4,Black
MSI PRO Z790-P WIFI,866.56,LGA1700,ATX,192,4,Black / Silver
MSI MAG B550 TOMAHAWK MAX WIFI,693.24,AM4,ATX,128,4,Silver / Black
Asus ROG STRIX B550-F GAMING WIFI II,823.23,AM4,ATX,128,4,Black / Red
MSI PRO B650M-A WIFI,680.24,AM5,Micro ATX,192,4,Black
ASRock B650I Lightning Wifi,866.56,AM5,Mini ITX,96,2,Black
MSI B550M PRO-VDH WIFI,433.26,AM4,Micro ATX,128,4,Black
MSI PRO B650-S WIFI,606.58,AM5,ATX,192,4,Black
Gigabyte B650 EAGLE AX,736.57,AM5,ATX,192,4,Gray / Black
Asus ROG STRIX B650E-F GAMING WIFI,1126.54,AM5,ATX,192,4,Black
Gigabyte B650 AORUS ELITE AX ICE,996.55,AM5,ATX,192,4,Silver
Asus ROG MAXIMUS Z790 DARK HERO,2513.1,LGA1700,ATX,192,4,Black
Asus Prime B450M-A II,303.22,AM4,Micro ATX,128,4,
Gigabyte B650 AORUS ELITE AX,866.56,AM5,ATX,192,4,Black / Silver
Asus PRIME B760-PLUS,563.25,LGA1700,ATX,192,4,Black / Silver
Gigabyte B550M K,411.59,AM4,Micro ATX,128,4,Brown / Silver
MSI MAG Z790 TOMAHAWK WIFI,909.89,LGA1700,ATX,192,4,Black
Gigabyte TRX40 AORUS XTREME,7972.81,sTRX4,XL ATX,256,8,Black / Silver
Gigabyte X670E AORUS PRO X,1299.86,AM5,ATX,192,4,White / Silver
Asus ROG STRIX Z790-A GAMING WIFI II,1455.84,LGA1700,ATX,192,4,Black / Silver
Gigabyte Z790 AORUS ELITE AX,953.22,LGA1700,ATX,192,4,Black
ASRock B450M-HDV R4.0,259.94,AM4,Micro ATX,32,2,Black / White
MSI PRO B550M-VC WIFI,505.01,AM4,Micro ATX,128,4,Black
MSI PRO B760-P WIFI DDR4,606.58,LGA1700,ATX,128,4,Black
Asus TUF GAMING B650-PLUS WIFI,866.56,AM5,ATX,128,4,Black
Gigabyte B550 UD AC,433.26,AM4,ATX,128,4,Brown / Black
Asus ROG STRIX B650E-I GAMING WIFI,1299.86,AM5,Mini ITX,96,2,Black
Asus ROG STRIX Z790-E GAMING WIFI II,1854.48,LGA1700,ATX,192,4,Black
MSI B550-A PRO,476.59,AM4,ATX,128,4,Black / Silver
MSI PRO A620M-E,324.76,AM5,Micro ATX,96,2,Black
MSI PRO H610M-G DDR4,346.6,LGA1700,Micro ATX,64,2,Black / Silver
ASRock B650M Pro RS,584.91,AM5,Micro ATX,192,4,Black / Silver
MSI PRO Z690-A WIFI,649.91,LGA1700,ATX,192,4,Black / Silver
Asus ROG STRIX B760-I GAMING WIFI,866.56,LGA1700,Mini ITX,96,2,Black
ASRock B550M Pro4,433.26,AM4,Micro ATX,128,4,Silver / Black
Gigabyte A520I AC,476.59,AM4,Mini ITX,64,2,Black
ASRock B450M/ac R2.0,336.5,AM4,Micro ATX,128,4,Black / Silver
MSI B450M PRO-VDH MAX,324.93,AM4,Micro ATX,64,4,Black / Silver
ASRock B760M-HDV/M.2,519.92,LGA1700,Micro ATX,96,2,White / Black
Gigabyte B760M DS3H DDR4,433.26,LGA1700,Micro ATX,128,4,Black
Asus TUF GAMING B550-PLUS WIFI II,580.62,AM4,ATX,128,4,Black / Gray
Gigabyte B650M D3HP,519.92,AM5,Micro ATX,192,4,Black
MSI PRO B650-P WIFI,706.24,AM5,ATX,192,4,Black
Asus ROG STRIX B550-A GAMING,745.23,AM4,ATX,128,4,Black / White
Asus TUF GAMING A520M-PLUS WIFI,424.59,AM4,Micro ATX,128,4,Black / Orange
Gigabyte B650 GAMING X AX V2,801.56,AM5,ATX,192,4,Gray / Black
Asus ROG STRIX X670E-E GAMING WIFI,1949.81,AM5,ATX,192,4,Black / Silver
Asus ROG MAXIMUS Z790 FORMULA,3249.71,LGA1700,ATX,192,4,Silver / Black
NZXT N7 B650E,1213.2,AM5,ATX,128,4,White
ASRock Z690M-ITX/ax,584.91,LGA1700,Mini ITX,64,2,Silver / Black
Gigabyte B550M AORUS ELITE AX,433.26,AM4,Micro ATX,128,4,Black / Silver
MSI MPG B550 GAMING PLUS,567.62,AM4,ATX,128,4,Black
Gigabyte B550 AORUS ELITE AX V2,606.58,AM4,ATX,128,4,Black / Silver
ASRock A620I LIGHTNING WIFI,606.58,AM5,Mini ITX,96,2,Black
Gigabyte B650M AORUS ELITE AX,823.23,AM5,Micro ATX,192,4,Black
Gigabyte B450M DS3H WIFI,385.55,AM4,Micro ATX,128,4,Brown / Black
Asus TUF GAMING X570-PLUS (WI-FI),840.56,AM4,ATX,128,4,Black / Gold
ASRock B760M-H/M.2,389.93,LGA1700,Micro ATX,96,2,Silver / Black
Asus TUF GAMING X670E-PLUS WIFI,1169.87,AM5,ATX,192,4,Black / Orange
ASRock B650M-HDV/M.2,653.03,AM5,Micro ATX,96,2,Silver / Black
MSI MPG B650I EDGE WIFI,1132.34,AM5,Mini ITX,96,2,Black / Silver
Gigabyte B650I AORUS ULTRA,1126.54,AM5,Mini ITX,96,2,Black / Silver
Gigabyte B550 GAMING X V2,402.93,AM4,ATX,128,4,Black
MSI X670E GAMING PLUS WIFI,996.55,AM5,ATX,192,4,Silver / Black
ASRock B650M-H/M.2+,433.26,AM5,Micro ATX,96,2,Silver / Black
Asus ROG STRIX Z690-I GAMING WIFI,823.23,LGA1700,Mini ITX,96,2,Black / Silver
Gigabyte B450M K,346.64,AM4,Micro ATX,64,2,Brown / Silver
Gigabyte Z790 AORUS PRO X,1516.51,LGA1700,ATX,192,4,Silver
MSI MAG B550 TOMAHAWK,606.58,AM4,ATX,128,4,Black / Silver
MSI MEG Z790 GODLIKE MAX,5186.56,LGA1700,EATX,192,4,Black
Gigabyte B650 AORUS ELITE AX V2,813.69,AM5,ATX,192,4,Black / Silver
ASRock A520M-HDV,290.22,AM4,Micro ATX,64,2,Black / Silver
MSI B450 Gaming Plus MAX,324.89,AM4,ATX,128,4,Red / Black
ASRock B550M-ITX/ac,563.25,AM4,Mini ITX,64,2,Silver / Black
ASRock B650 Steel Legend WiFi,779.9,AM5,ATX,192,4,White / Silver
Gigabyte A620I AX,606.58,AM5,Mini ITX,96,2,Black / Gray
Asus ROG STRIX Z690-E GAMING WIFI,1000.88,LGA1700,ATX,192,4,Black
Asus PRIME X670-P WIFI,909.89,AM5,ATX,192,4,Silver / Black
MSI PRO B760M-P DDR4,433.26,LGA1700,Micro ATX,128,4,Black
Asus ROG CROSSHAIR X670E HERO,2773.08,AM5,ATX,192,4,Black / Silver
Asus ROG STRIX Z790-E GAMING WIFI,1559.84,LGA1700,ATX,192,4,Black
MSI MAG B760 TOMAHAWK WIFI,779.9,LGA1700,ATX,192,4,Black
Gigabyte H410M H V2,315.92,LGA1200,Micro ATX,64,2,Gray / Black
Asus TUF GAMING Z790-PLUS WIFI,996.55,LGA1700,ATX,192,4,Black / Gray
ASRock X670E Steel Legend,1126.54,AM5,ATX,192,4,Black / White
Gigabyte B550I AORUS PRO AX,823.23,AM4,Mini ITX,64,2,Black / Silver
Gigabyte B650M D3HP AX,584.91,AM5,Micro ATX,192,4,Black / Gray
Gigabyte B760M DS3H AX,606.58,LGA1700,Micro ATX,192,4,Black
Gigabyte B550M DS3H AC,472.25,AM4,Micro ATX,128,4,Black
Gigabyte Z790 AORUS ELITE X WIFI7,1213.2,LGA1700,ATX,192,4,Black
Asus PRIME Z790-P WIFI,823.23,LGA1700,ATX,192,4,Black / Silver
NZXT N7 B650E,1083.21,AM5,ATX,128,4,Black
Asus ProArt X670E-CREATOR WIFI,1841.48,AM5,ATX,192,4,Black / Copper
Gigabyte X670 AORUS ELITE AX (rev. 1.0),1169.87,AM5,ATX,192,4,Black
ASRock A620M Pro RS WiFi,770.62,AM5,Micro ATX,192,4,Silver / Black
ASRock B450M PRO4 R2.0,347.29,AM4,Micro ATX,128,4,Gray / Black
MSI PRO H610M-G WIFI DDR4,428.97,LGA1700,Micro ATX,64,2,Black / Silver
ASRock H610M-HVS,303.22,LGA1700,Micro ATX,64,2,Gray / Black
MSI MPG Z790 EDGE TI MAX WIFI,1299.86,LGA1700,ATX,192,4,Silver / Black
ASRock B650E PG RIPTIDE WIFI,823.23,AM5,ATX,192,4,Black / Blue
ASRock Z690 Extreme,563.25,LGA1700,ATX,128,4,Black / Silver
Gigabyte Z790 EAGLE AX,797.01,LGA1700,ATX,192,4,Gray / Black
Gigabyte B650E AORUS ELITE X AX ICE,1083.21,AM5,ATX,192,4,Silver / White
Gigabyte B550M DS3H,385.64,AM4,Micro ATX,128,4,Black / Gold
Asus ROG STRIX B650E-E GAMING WIFI,1434.83,AM5,ATX,192,4,Black
Gigabyte B760 GAMING X AX,736.57,LGA1700,ATX,192,4,Black / Gray
Gigabyte A520M K V2,338.15,AM4,Micro ATX,64,2,Brown / Black
Asus ROG STRIX B550-F GAMING,688.9,AM4,ATX,128,4,Black
ASRock B550 Phantom Gaming 4/ac,389.93,AM4,ATX,128,4,Silver / Black
MSI PRO B760M-A WIFI DDR4,649.91,LGA1700,Micro ATX,128,4,Black
Asus TUF GAMING B760M-PLUS WIFI II,844.89,LGA1700,Micro ATX,192,4,Black / Orange
Gigabyte B760I AORUS PRO,866.56,LGA1700,Mini ITX,96,2,Silver / Black
ASRock B650M PG RIPTIDE WIFI,736.57,AM5,Micro ATX,192,4,Black
Asus TUF GAMING B650M-PLUS WIFI,823.23,AM5,Micro ATX,192,4,Black
Asus ROG STRIX X670E-F GAMING WIFI,1516.51,AM5,ATX,192,4,Black / Silver
Asus ProArt Z790-CREATOR WIFI,1906.48,LGA1700,ATX,192,4,Black / Copper
Asus PRIME B650-PLUS,714.9,AM5,ATX,192,4,Black / Silver
MSI A520M-A PRO,303.27,AM4,Micro ATX,64,2,Black
NZXT N7 Z790,1286.86,LGA1700,ATX,192,4,Black
ASRock B550M-HDV,324.89,AM4,Micro ATX,64,2,Black
ASRock B550M PG RIPTIDE,446.21,AM4,Micro ATX,128,4,
Asus ROG STRIX X670E-I GAMING WIFI,1841.48,AM5,Mini ITX,96,2,Black / Silver
Asus ROG STRIX B760-A GAMING WIFI,909.89,LGA1700,ATX,192,4,Silver / Black
Gigabyte X670 GAMING X AX V2,909.89,AM5,ATX,192,4,Black / Gray
Gigabyte A520M DS3H V2,386.5,AM4,Micro ATX,128,4,Gray / Brown
Asus ROG STRIX Z790-H GAMING WIFI,1083.21,LGA1700,ATX,192,4,Black
MSI Z790 GAMING PLUS WIFI,866.56,LGA1700,ATX,192,4,Black
ASRock Z690 Pro RS,519.92,LGA1700,ATX,128,4,Silver / Black
Asus ROG STRIX Z790-F GAMING WIFI II,1776.49,LGA1700,ATX,192,4,Black
MSI MEG X670E GODLIKE,5576.61,AM5,EATX,192,4,Black
Gigabyte TRX40 AORUS PRO WIFI,2296.45,sTRX4,ATX,256,8,Black / Orange
Asus TUF GAMING B550M-PLUS WIFI II,876.74,AM4,Micro ATX,128,4,Black / Gray
MSI PRO Z790-S WIFI,736.57,LGA1700,ATX,192,4,Black
Asus ROG STRIX X670E-A GAMING WIFI,1451.51,AM5,ATX,192,4,Silver / Black
ASRock H370M-HDV,324.76,LGA1151,Micro ATX,64,2,Black / Silver
ASRock B550 Phantom Gaming-ITX/ax,693.24,AM4,Mini ITX,64,2,Silver / Black
Asus PRIME B660M-A WIFI D4,742.11,LGA1700,Micro ATX,128,4,Silver / Black
MSI MAG B760M MORTAR WIFI II,779.9,LGA1700,Micro ATX,192,4,Silver / Black
Asus ROG STRIX Z790-A GAMING WIFI D4,953.22,LGA1700,ATX,128,4,Black / Silver
MSI MAG B650M MORTAR WIFI,866.38,AM5,Micro ATX,192,4,Black
MSI MPG Z790I EDGE WIFI,1290.5,LGA1700,Mini ITX,96,2,Silver / Black
MSI PRO B550-VC,606.58,AM4,ATX,128,4,Black
Gigabyte Z790 AORUS ELITE AX ICE,1126.54,LGA1700,ATX,192,4,Silver / White
Asus PRIME B550-PLUS,476.59,AM4,ATX,128,4,Black / White
ASRock B760M Pro RS/D4 WiFi,645.57,LGA1700,Micro ATX,128,4,Silver / Black
ASRock X670E PG Lightning,1034.55,AM5,ATX,192,4,Black
Gigabyte A520M S2H,348.72,AM4,Micro ATX,64,2,Black
ASRock B550 Phantom Gaming 4,389.93,AM4,ATX,128,4,Silver / Black
MSI MAG Z790 TOMAHAWK MAX WIFI,1169.87,LGA1700,ATX,192,4,Black / Yellow
MSI PRO-H610M-E-DDR4,394.78,LGA1700,Micro ATX,64,2,Black
Gigabyte H510M K V2,367.14,LGA1200,Micro ATX,64,2,Black / Gray
Asus PRIME Z790-A WIFI,1078.92,LGA1700,ATX,192,4,Black / Silver
Asus PRIME A320M-K,298.89,AM4,Micro ATX,32,2,Black / White
MSI MPG X670E CARBON WIFI,1776.49,AM5,ATX,192,4,Black
Intel DQ45EK,1196.3,LGA775,Mini ITX,4,2,Green / Blue
Asus ROG MAXIMUS Z790 HERO,2296.45,LGA1700,ATX,192,4,Black
ASRock B450M Steel Legend,389.93,AM4,Micro ATX,64,4,Black / White
Gigabyte Z790 AORUS ELITE X AX,996.55,LGA1700,ATX,192,4,Black
MSI MPG B650 EDGE WIFI,987.88,AM5,ATX,192,4,Black / Silver
Asus PRIME X670E-PRO WIFI,1298.86,AM5,ATX,192,4,Silver / Black
ASRock B650 LiveMixer,602.24,AM5,ATX,192,4,Orange / Black
MSI PRO Z790-P WIFI DDR4,871.76,LGA1700,ATX,128,4,Black / Silver
Asus PRIME B650M-A WIFI II,981.68,AM5,Micro ATX,192,4,Black / Silver
Asus PRIME B550-PLUS AC-HES,476.59,AM4,ATX,128,4,Silver / Black
MSI PRO Z790-A WIFI,953.22,LGA1700,ATX,192,4,Black / Silver
Asus PRIME H510M-A WIFI,476.59,LGA1200,Micro ATX,64,2,Black / Silver
ASRock B760M PG SONIC WiFi,823.23,LGA1700,Micro ATX,192,4,Blue / Silver
Asus TUF GAMING A620M-PLUS WIFI,645.57,AM5,Micro ATX,192,4,Black / Orange
ASRock B650 PRO RS,1058.16,AM5,ATX,192,4,Black / Silver
Gigabyte H610M S2H V2 DDR4,389.93,LGA1700,Micro ATX,64,2,Black / Gray
Asus ROG STRIX Z790-I GAMING WIFI,1906.48,LGA1700,Mini ITX,96,2,Black
MSI MAG B760 TOMAHAWK WIFI DDR4,779.9,LGA1700,ATX,128,4,Black
ASRock Fatal1ty B450 Gaming-ITX/ac,636.34,AM4,Mini ITX,64,2,Black / Silver
Asus ROG STRIX Z790-F GAMING WIFI,1169.87,LGA1700,ATX,192,4,Black
ASRock Z790 Lightning WiFi,693.24,LGA1700,ATX,192,4,Silver / Black
Gigabyte X670E AORUS XTREME (rev. 1.0),2816.41,AM5,EATX,192,4,Black
ASRock B550M Steel Legend,502.54,AM4,Micro ATX,128,4,Silver / Black
Asus PRIME Z790-V WIFI,953.22,LGA1700,ATX,192,4,Black / Silver
Gigabyte Z790M AORUS ELITE AX ICE,888.22,LGA1700,Micro ATX,192,4,White / Silver
MSI B450M-A PRO MAX,399.55,AM4,Micro ATX,32,2,Black
Gigabyte Z790 UD AC,823.23,LGA1700,ATX,192,4,Black
Asus ROG MAXIMUS Z790 APEX ENCORE,3767.41,LGA1700,ATX,96,2,Black
ASRock B650 PG LIGHTNING,649.91,AM5,ATX,192,4,Black
ASRock X670E Taichi,1776.49,AM5,EATX,192,4,Black
Gigabyte B760 AORUS ELITE AX,736.57,LGA1700,ATX,192,4,Black
Gigabyte B450M DS3H,541.37,AM4,Micro ATX,128,4,Black / Silver
Gigabyte B550M AORUS ELITE,573.13,AM4,Micro ATX,128,4,Black / Orange
Gigabyte X670E AORUS MASTER (rev. 1.0),1697.28,AM5,EATX,192,4,Black / Silver
ASRock B650E Taichi Lite,1126.54,AM5,EATX,192,4,Black / Gray
ASRock Z790 Riptide WiFi,866.56,LGA1700,ATX,192,4,Black
Asus TUF GAMING B760-PLUS WIFI,779.9,LGA1700,ATX,192,4,Black
Gigabyte Z790 GAMING X AX,866.56,LGA1700,ATX,192,4,Black
Gigabyte B650M GAMING X AX,930.99,AM5,Micro ATX,192,4,Black
ASRock B760M-HDV/M.2 D4,389.93,LGA1700,Micro ATX,64,2,Silver / Black
Asus PRIME Z390-P,866.34,LGA1151,ATX,128,4,Silver / Black
MSI MPG Z790 CARBON WIFI II,1733.16,LGA1700,ATX,192,4,Black
Gigabyte A620M S2H,389.93,AM5,Micro ATX,96,2,Gray / Black
ASRock B660M-HDV,411.59,LGA1700,Micro ATX,64,2,Gray / Black
MSI MPG B760I EDGE WIFI,895.24,LGA1700,Mini ITX,96,2,Black / Silver
Asus ROG STRIX Z690-A GAMING WIFI D4,1723.93,LGA1700,ATX,128,4,Silver / Black
Asus PRIME B760M-A,630.62,LGA1700,Micro ATX,128,4,Silver / Black
MSI MEG X670E ACE,2946.4,AM5,EATX,192,4,Black / Gold
ASRock X670E Taichi Carrara,1863.15,AM5,EATX,192,4,Black / White
MSI MEG Z790 ACE MAX,3033.06,LGA1700,EATX,192,4,Black
MSI PRO Z690-A WIFI DDR4,823.23,LGA1700,ATX,128,4,Black / Silver
MSI Z390-A PRO,1066.7,LGA1151,ATX,128,4,Brown / Black
Gigabyte B650M DS3H,838.57,AM5,Micro ATX,192,4,Brown / Black
Gigabyte B650M K,519.92,AM5,Micro ATX,192,4,Brown / Silver
ASRock H310CM-DVS,272.11,LGA1151,Micro ATX,32,2,Black
Asus PRIME B450M-K II,395.04,AM4,Micro ATX,64,2,Black
Asus TUF GAMING Z790-PLUS WIFI D4,866.56,LGA1700,ATX,128,4,Black
Gigabyte B550 AORUS ELITE V2,751.0,AM4,ATX,128,4,Black
Asus ROG Crosshair VIII Dark Hero,2513.1,AM4,ATX,128,4,Black / Silver
Asus PRIME Z390-A,1230.57,LGA1151,ATX,128,4,Silver / Black
ASRock Z790 Pro RS,736.57,LGA1700,ATX,192,4,Silver / Black
MSI PRO B760-VC WIFI IV,693.24,LGA1700,ATX,256,4,Black / Silver
MSI PRO Z790-VC WIFI,693.24,LGA1700,ATX,192,4,Black
Asus PRIME A520M-A II/CSM,346.6,AM4,Micro ATX,128,4,Silver / Black
MSI MPG B650 CARBON WIFI,1986.55,AM5,ATX,192,4,Black
ASRock B450M/AC,356.95,AM4,Micro ATX,64,4,Black
ASRock A520M-ITX/ac,516.36,AM4,Mini ITX,64,2,Black / Silver
MSI Z790 GAMING PRO WIFI,823.23,LGA1700,ATX,192,4,Black
Gigabyte B650 UD AC,736.57,AM5,ATX,192,4,Black / Gray
Asus PRIME B760M-A WIFI D4,816.94,LGA1700,Micro ATX,128,4,Silver / Black
Gigabyte Z390 AORUS PRO WIFI,1291.23,LGA1151,ATX,128,4,Black / Silver
ASRock B550 Pro4,518.53,AM4,ATX,128,4,Silver / Black
Gigabyte H610I,519.92,LGA1700,Mini ITX,64,2,Black
MSI MAG B660 TOMAHAWK WIFI DDR4,1020.38,LGA1700,ATX,128,4,Black / Silver
MSI MPG Z790 EDGE WIFI,1264.98,LGA1700,ATX,192,4,Silver / Black
Asus PRIME H610I-PLUS D4-CSM,489.59,LGA1700,Mini ITX,64,2,Silver / Black
ASRock B760M Steel Legend WiFi,693.24,LGA1700,Micro ATX,192,4,Silver / Black
Asus PRIME B660-PLUS D4,645.7,LGA1700,ATX,128,4,Silver / Black
MSI MAG B550M MORTAR MAX WIFI,649.91,AM4,Micro ATX,128,4,Silver / Black
Asus ROG STRIX X570-E GAMING WIFI II,1988.85,AM4,ATX,128,4,Black
Asus TUF GAMING B550-PLUS,680.28,AM4,ATX,128,4,Black
ASRock B650E PG-ITX WIFI,1256.53,AM5,Mini ITX,96,2,Black / Red
Asus TUF GAMING B650-PLUS,1128.92,AM5,ATX,128,4,Black / Orange
Asus PRIME X670-P,957.68,AM5,ATX,192,4,Silver / Black
MSI PRO B550M-P GEN3,448.9,AM4,Micro ATX,128,4,Black
ASRock B760M PG Riptide,563.25,LGA1700,Micro ATX,192,4,Black / Blue
Gigabyte B760M AORUS ELITE AX,758.23,LGA1700,Micro ATX,192,4,Black / Silver
Asus PRIME H510M-K,559.22,LGA1200,Micro ATX,64,2,Black / Silver
ASRock Z690 PG Riptide,541.58,LGA1700,ATX,128,4,Black / Silver
MSI Z490-A PRO,1425.56,LGA1200,ATX,128,4,Black / Silver
MSI PRO B760M-A WIFI,736.57,LGA1700,Micro ATX,192,4,Black
Asus PRIME H610M-K D4,465.32,LGA1700,Micro ATX,64,2,Silver / Black
Gigabyte B450M DS3H V2,445.61,AM4,Micro ATX,128,4,Black
MSI MEG Z690 ACE,970.55,LGA1700,EATX,192,4,Black / Gold
ASRock B450 Steel Legend,433.26,AM4,ATX,64,4,Black / Silver
Supermicro X10SLL-F,736.57,LGA1150,Micro ATX,32,4,Black / Green
ASRock B560M-HDV,563.25,LGA1200,Micro ATX,64,2,Silver / Black
Asus ROG STRIX Z590-E GAMING WIFI,1514.95,LGA1200,ATX,128,4,Black
MSI MPG Z790 CARBON WIFI,1904.61,LGA1700,ATX,192,4,Black
Gigabyte B760M C,606.58,LGA1700,Micro ATX,192,4,Brown / Gray
ASRock A520M-HVS,351.97,AM4,Micro ATX,64,2,Black / Silver
Gigabyte Z790 AORUS MASTER,1906.48,LGA1700,EATX,192,4,Black / Silver
Gigabyte B450 AORUS ELITE V2,549.47,AM4,ATX,128,4,Black
Asus ROG CROSSHAIR X670E GENE,2854.28,AM5,Micro ATX,96,2,Black / Silver
Gigabyte Z790 AORUS XTREME X,6984.36,LGA1700,EATX,192,4,Black
ASRock Z790 Taichi Lite,1481.84,LGA1700,EATX,192,4,Black / Gray
Asus TUF GAMING B650M-E WIFI,985.89,AM5,Micro ATX,192,4,Black
Asus TUF GAMING Z690-PLUS WIFI,953.22,LGA1700,ATX,192,4,Black / Gray
ASRock Z690 Phantom Gaming 4/D5,563.25,LGA1700,ATX,192,4,Black / Silver
Asus PRIME Z490-P,866.56,LGA1200,ATX,128,4,Black / Silver
ASRock B650E STEEL LEGEND WIFI,866.56,AM5,ATX,192,4,Black / Silver
ASRock B760 Pro RS/D4,647.78,LGA1700,ATX,128,4,Silver / Black
MSI PRO B760M-P,613.25,LGA1700,Micro ATX,192,4,Black
MSI MEG Z690 UNIFY,866.56,LGA1700,ATX,192,4,Black / Silver
Asus PRIME A520M-K,423.98,AM4,Micro ATX,64,2,Black / Silver
MSI PRO X670-P WIFI,1516.51,AM5,ATX,192,4,Black / White
Asus ROG STRIX B760-F GAMING WIFI,1074.32,LGA1700,ATX,192,4,Black
Asus PRIME Z790M-PLUS,853.56,LGA1700,Micro ATX,192,4,Silver / Black
ASRock Z690M Phantom Gaming 4,433.26,LGA1700,Micro ATX,128,4,Silver / Black
ASRock H610M-HDV/M.2+ D5,426.37,LGA1700,Micro ATX,96,2,White / Black
ASRock B760M-ITX/D4 WiFi,645.57,LGA1700,Mini ITX,64,2,Silver / Black
MSI MAG B560M MORTAR WIFI,1041.13,LGA1200,Micro ATX,128,4,Black / White
MSI MPG X570 GAMING EDGE WIFI,1295.57,AM4,ATX,128,4,Black / Silver
Asus TUF GAMING X670E-PLUS,1530.11,AM5,ATX,192,4,Black / Orange
Asus TUF GAMING B660-PLUS WIFI D4,935.1,LGA1700,ATX,128,4,Yellow / Black
MSI MAG Z790 TOMAHAWK WIFI DDR4,1151.49,LGA1700,ATX,128,4,Black
Asus PRIME B550M-K,498.17,AM4,Micro ATX,128,4,Black / White
ASRock X570 Phantom Gaming-ITX/TB3,1295.57,AM4,Mini ITX,64,2,Black / Silver
MSI MPG Z690 EDGE WIFI DDR4,1598.88,LGA1700,ATX,128,4,Black / Gray
Asus PROART B650-CREATOR,996.55,AM5,ATX,192,4,Black / Copper
Gigabyte B450 I AORUS PRO WIFI,845.06,AM4,Mini ITX,64,2,Black / Silver
MSI PRO Z790-A WIFI DDR4,844.89,LGA1700,ATX,128,4,Black / Silver
ASRock B760 Pro RS,649.91,LGA1700,ATX,192,4,Silver / Black
ASRock X670E Pro RS,953.22,AM5,ATX,192,4,Black
Gigabyte B760I AORUS PRO DDR4,823.23,LGA1700,Mini ITX,64,2,Black / Gray
Asus PRIME B450M-A,899.1,AM4,Micro ATX,64,4,Black
Gigabyte A620M GAMING X,519.92,AM5,Micro ATX,192,4,Brown / Gray
Asus PRIME B450-PLUS,567.45,AM4,ATX,64,4,Black / Silver
Gigabyte B760M D3H,628.24,LGA1700,Micro ATX,192,4,Black / Gray
Gigabyte Z790 AORUS MASTER X,2166.46,LGA1700,EATX,192,4,Black
ASRock X570 Phantom Gaming 4S,17071.02,AM4,ATX,128,4,Black
ASRock Z790M-ITX WIFI,996.55,LGA1700,Mini ITX,96,2,Black
Asus TUF GAMING B450-PLUS II,587.47,AM4,ATX,128,4,Black
Gigabyte A620M GAMING X AX,552.67,AM5,Micro ATX,192,4,Brown / Gray
ASRock H670M-ITX/ax,719.23,LGA1700,Mini ITX,64,2,Silver / Black
Gigabyte B760 DS3H AC DDR4,606.58,LGA1700,ATX,128,4,Black
Asus ROG STRIX Z390-E GAMING,1581.54,LGA1151,ATX,128,4,Black
Asus ROG STRIX B760-A GAMING WIFI D4,931.55,LGA1700,ATX,128,4,Silver / Black
Asus PRIME Z790-P WIFI D4,953.22,LGA1700,ATX,128,4,Black / Silver
ASRock Z690 Phantom Gaming-ITX/TB4,844.89,LGA1700,Mini ITX,96,2,Black / Red
Asus ROG STRIX B550-F GAMING (WI-FI),1425.56,AM4,ATX,128,4,Black
Gigabyte Z790 AORUS PRO X WIFI7,1516.51,LGA1700,ATX,192,4,Black
MSI MPG B760M EDGE TI WIFI,996.55,LGA1700,Micro ATX,192,4,Silver / Black
Gigabyte B450 AORUS PRO WIFI (rev. 1.0),1028.05,AM4,ATX,64,4,Black / Silver
Asus TUF GAMING B760M-PLUS WIFI D4,1110.33,LGA1700,Micro ATX,128,4,Black / Orange
Asus PRIME B650M-A AX II,693.24,AM5,Micro ATX,192,4,Black / Silver
ASRock Z790 Steel Legend WiFi,996.55,LGA1700,ATX,192,4,Silver / Black
Gigabyte Z790I AORUS ULTRA,1256.53,LGA1700,Mini ITX,96,2,Silver / Black
Gigabyte GA-H270N-WIFI,909.89,LGA1151,Mini ITX,32,2,Black / Silver
ASRock Z790 PRO RS WIFI,814.56,LGA1700,ATX,192,4,Silver / Black
Gigabyte B650E AORUS MASTER,1941.27,AM5,ATX,192,4,Black / Silver
Gigabyte H510M S2H V3,391.75,LGA1200,Micro ATX,64,2,Gray / Black
Asus PRIME H510M-E,498.25,LGA1200,Micro ATX,64,2,Silver / Black
Gigabyte Z790 D AC,801.56,LGA1700,ATX,192,4,Gray / Black
Gigabyte X570 AORUS ELITE WIFI,1386.52,AM4,ATX,128,4,Black
MSI MPG Z390 GAMING EDGE AC,1733.16,LGA1151,ATX,128,4,Black / Silver
MSI B450-A PRO MAX,628.16,AM4,ATX,64,4,Brown / Black
Asus PRIME X570-PRO,1987.59,AM4,ATX,128,4,Black / White
Gigabyte B760M DS3H AX DDR4,713.13,LGA1700,Micro ATX,128,4,Black
Gigabyte B450 AORUS M,666.85,AM4,Micro ATX,64,4,Black / Gray
Asus PRIME H610M-A WIFI D4,659.22,LGA1700,Micro ATX,64,2,Black / Silver
MSI MEG Z790 ACE,2036.47,LGA1700,EATX,192,4,Gold / Black
ASRock Z790 PG Lightning/D4,996.68,LGA1700,ATX,128,4,Black
ASRock A620M-HDV/M.2,476.59,AM5,Micro ATX,96,2,Gray / Black
MSI X470 GAMING PLUS MAX,866.56,AM4,ATX,64,4,Black
ASRock X570 Phantom Gaming 4 WiFi ax,563.25,AM4,ATX,128,4,Black
Asus PRIME Z270-A,1653.0,LGA1151,ATX,64,4,Black / White
ASRock B450 Pro4 R2.0,500.72,AM4,ATX,128,4,Black
Gigabyte Z690 AORUS ELITE AX DDR4,1122.2,LGA1700,ATX,128,4,Black / Silver
Asus ROG Strix X570-I Gaming,2335.49,AM4,Mini ITX,64,2,Black
Gigabyte A520 AORUS ELITE,515.71,AM4,ATX,128,4,Black / Orange
ASRock B650M PG RIPTIDE,803.03,AM5,Micro ATX,192,4,Black
Asus ROG STRIX Z690-F GAMING WIFI,1412.56,LGA1700,ATX,192,4,Black / Silver
ASRock Z790 PG LIGHTNING,909.89,LGA1700,ATX,192,4,Black
Asus PRIME B660M-K D4,493.62,LGA1700,Micro ATX,64,2,Silver / Black
Gigabyte B650 AORUS PRO AX,1589.56,AM5,ATX,192,4,Black
Asus H110M-K,823.23,LGA1151,Micro ATX,32,2,Black / Gold
Gigabyte B760 DS3H AC,671.57,LGA1700,ATX,192,4,Gray / Black
Asus PRIME Z690-P WIFI,779.9,LGA1700,ATX,192,4,Silver / Black
Gigabyte B450 AORUS ELITE,688.51,AM4,ATX,64,4,Black / Silver
Asus ROG STRIX Z790-A GAMING WIFI,1461.3,LGA1700,ATX,192,4,Silver / Black
MSI MEG Z790 GODLIKE,4989.15,LGA1700,EATX,192,4,Black
MSI MPG Z790 CARBON MAX WIFI II,2036.47,LGA1700,ATX,256,4,Black
Asus TUF GAMING B450M-PLUS II,617.15,AM4,Micro ATX,128,4,Black
Gigabyte B650 AERO G,1126.54,AM5,ATX,192,4,Black / Silver
ASRock B550M Phantom Gaming 4,454.92,AM4,Micro ATX,128,4,Black
Asus ROG STRIX B660-A GAMING WIFI D4,953.22,LGA1700,ATX,128,4,Silver / Black
Gigabyte B760M GAMING X AX DDR4,834.54,LGA1700,Micro ATX,128,4,Black
Asus PRIME X570-P,1249.16,AM4,ATX,128,4,Black / White
MSI MAG B550M MORTAR WIFI,1255.7,AM4,Micro ATX,128,4,Silver / Black
Gigabyte Z790 AERO G,1126.54,LGA1700,ATX,192,4,
MSI PRO B760-P DDR4 II,742.89,LGA1700,ATX,128,4,Black
ASRock X570 Steel Legend,606.58,AM4,ATX,128,4,Black / Silver
Asus TUF GAMING X570-PLUS,1255.96,AM4,ATX,128,4,Black / Gold
Gigabyte B650M GAMING PLUS WF,693.24,AM5,Micro ATX,192,4,Silver / Black
MSI B560M PRO-E,580.58,LGA1200,Micro ATX,64,2,Black
Asus ROG Strix X570-E Gaming,2638.8,AM4,ATX,128,4,Black
Gigabyte H410M S2H V2,373.24,LGA1200,Micro ATX,64,2,Black / Gray
Asus TUF GAMING B660M-PLUS WIFI,1017.65,LGA1700,Micro ATX,192,4,Yellow / Black
Gigabyte H610M K DDR4,424.55,LGA1700,Micro ATX,64,2,Black
ASRock X570S PG Riptide,606.58,AM4,ATX,128,4,Black
Asus ProArt B760-CREATOR WIFI,953.22,LGA1700,ATX,192,4,Black
MSI B350M BAZOOKA,693.28,AM4,Micro ATX,64,4,Black / White
Asus ROG STRIX Z490-E GAMING,2074.03,LGA1200,ATX,128,4,Black
ASRock H610M-ITX/eDP,472.17,LGA1700,Mini ITX,64,2,Silver / Black
Asus ROG ZENITH EXTREME ALPHA,3899.66,sTR4,EATX,128,8,Black
MSI PRO Z690-A DDR4,823.23,LGA1700,ATX,128,4,Black / Silver
ASRock X570 Steel Legend WiFi ax,649.91,AM4,ATX,128,4,Black / Silver
Gigabyte Z390 UD,909.89,LGA1151,ATX,128,4,Black / Silver
Gigabyte Z790 UD AX,1155.09,LGA1700,ATX,192,4,Black
Asus TUF GAMING B760M-PLUS WIFI,823.23,LGA1700,Micro ATX,192,4,Black / Orange
ASRock Z77 Extreme4,1299.86,LGA1155,ATX,32,4,Brown / Black
Asus Z170-A,1436.35,LGA1151,ATX,64,4,Black / White
ASRock B550 Steel Legend,671.62,AM4,ATX,128,4,Silver / Black
ASRock Z790 Taichi Carrara,1689.83,LGA1700,EATX,192,4,White / Black
Asus TUF GAMING B760-PLUS WIFI D4,909.06,LGA1700,ATX,192,4,Black / Orange
Asus PRIME Z790M-PLUS D4,836.27,LGA1700,Micro ATX,128,4,Black / Silver
Asus Prime X299-A II,1126.54,LGA2066,ATX,256,8,Silver / Black
Gigabyte TRX40 AORUS MASTER,3048.31,sTRX4,EATX,256,8,Black / Silver
ASRock X570 Taichi,922.89,AM4,ATX,128,4,Black / Silver
ASRock Z790 PG-ITX/TB4,1599.74,LGA1700,Mini ITX,96,2,Black
Asus TUF GAMING H570-PRO WIFI,1234.86,LGA1200,ATX,128,4,Black / Silver
Asus PRIME B550M-A,467.36,AM4,Micro ATX,128,4,Black / White
Gigabyte H610I DDR4,798.23,LGA1700,Mini ITX,64,2,Black / Gray
Asus PRIME B550M-A AC,433.3,AM4,Micro ATX,128,4,Black / Silver
Gigabyte Z790 AORUS ELITE AX DDR4,970.59,LGA1700,ATX,128,4,Black
Asus ROG MAXIMUS XI HERO (WI-FI),1902.19,LGA1151,ATX,128,4,Black
Asus ROG MAXIMUS Z690 HERO,2162.17,LGA1700,ATX,192,4,Black / Silver
ASRock Z790 PG SONIC,823.23,LGA1700,ATX,192,4,Black / Blue
ASRock X570 Pro4,563.25,AM4,ATX,128,4,Black / Silver
Asus ROG MAXIMUS Z690 FORMULA,1989.93,LGA1700,ATX,192,4,Silver / Black
Asus TUF GAMING B650-E WIFI,823.23,AM5,ATX,192,4,Black / Orange
Asus PRIME Z690-A,1122.2,LGA1700,ATX,192,4,Silver / Black
Gigabyte A620M DS3H,618.02,AM5,Micro ATX,192,4,Gray / Black
Asus PRIME A620M-A-CSM,563.25,AM5,Micro ATX,192,4,Silver / Black
MSI B550M PRO-VDH,551.94,AM4,Micro ATX,128,4,Black
Asus ROG Crosshair VIII Hero (WI-FI),3115.43,AM4,ATX,128,4,Black
Asus PRIME Z690-P D4,1340.07,LGA1700,ATX,128,4,Silver / Black
Asus ROG STRIX B550-E GAMING,1018.26,AM4,ATX,128,4,Black
Asus PRIME B760M-K D4,590.59,LGA1700,Micro ATX,64,2,Silver / Black
MSI MAG B760M MORTAR WIFI,866.56,LGA1700,Micro ATX,192,4,Black / Silver
Asus TUF GAMING B650M-PLUS,1000.62,AM5,Micro ATX,192,4,Black
ASRock X570 Taichi Razer Edition,1022.54,AM4,ATX,128,4,Black / Silver
Gigabyte A520M H,363.15,AM4,Micro ATX,64,2,Black
Gigabyte X570 I AORUS PRO WIFI,1555.55,AM4,Mini ITX,64,2,Black / Silver
Asus H110M-C/CSM,389.93,LGA1151,Micro ATX,32,2,Black / Gold
Asus PRIME B660M-A AC D4,649.91,LGA1700,Micro ATX,128,4,Silver / Black
MSI MAG Z690 TOMAHAWK WIFI,1104.92,LGA1700,ATX,192,4,Black / Silver
Supermicro X11SCL-IF,1054.44,LGA1151,Mini ITX,64,2,Green
Gigabyte H610M S2H,411.59,LGA1700,Micro ATX,64,2,Brown / Silver
Asus Strix B550-XE Gaming WiFi,953.22,AM4,ATX,128,4,Black
Asus TUF GAMING A620M-PLUS,720.49,AM5,Micro ATX,192,4,Black / Orange
MSI MPG Z690 CARBON WIFI,1906.52,LGA1700,ATX,192,4,Black / Silver
Supermicro MBD-X10DRI-O,2846.78,2 x LGA2011-3 Narrow,EATX,1024,16,Black / Green
MSI H310M PRO-VDH PLUS,649.52,LGA1151,Micro ATX,32,2,Black
ASRock Z690 Taichi,909.89,LGA1700,ATX,192,4,Black / Copper
ASRock X570 Phantom Gaming 4,857.93,AM4,ATX,128,4,Black / Silver
Gigabyte B760M GAMING X DDR4,722.83,LGA1700,Micro ATX,128,4,Black
ASRock B450 Pro4,628.28,AM4,ATX,64,4,Black / Silver
Gigabyte B760 DS3H AX DDR4,671.57,LGA1700,ATX,128,4,Black
Gigabyte Z690 GAMING X DDR4,996.55,LGA1700,ATX,128,4,Black / Gray
Asus PRIME B550M-A/CSM,506.92,AM4,Micro ATX,128,4,Black / White
Asus ROG Strix X570-F Gaming,1494.88,AM4,ATX,128,4,Black
ASRock A620M-HDV/M.2+,550.81,AM5,Micro ATX,96,2,Gray / Black
MSI MPG Z390 GAMING PRO CARBON,1211.77,LGA1151,ATX,128,4,Black / Silver
Gigabyte B760M DS3H,731.41,LGA1700,Micro ATX,192,4,Black / Silver
Gigabyte H510M H V2,385.29,LGA1200,Micro ATX,64,2,Gray / Brown
Gigabyte B550 AORUS PRO AC,1327.59,AM4,ATX,128,4,Black / Orange
Asus ProArt B550-CREATOR,1039.88,AM4,ATX,128,4,Black
NZXT N7-Z69XT-B1,1169.87,LGA1700,ATX,128,4,Black
Gigabyte B760M H DDR4,542.62,LGA1700,Micro ATX,64,2,Brown / Gray
Asus PRIME H770-PLUS D4,693.24,LGA1700,ATX,128,4,Silver / Black
Asus Pro WS X299 SAGE II,3581.66,LGA2066,SSI CEB,256,8,Black / Silver
MSI PRO B760-P WIFI,736.57,LGA1700,ATX,192,4,Black / Silver
ASRock B760M Pro RS/D4,563.25,LGA1700,Micro ATX,128,4,Silver / Black
ASRock B650E TAICHI,1603.17,AM5,EATX,192,4,Black
Gigabyte B650 Gaming X,1009.11,AM5,ATX,192,4,Black
Asus PRIME H610M-E D4-CSM,433.26,LGA1700,Micro ATX,64,2,Silver / Black
Gigabyte Z390 GAMING X,1169.87,LGA1151,ATX,128,4,Black / Red
Gigabyte B760 GAMING X,885.93,LGA1700,ATX,192,4,Black / Gray
MSI MPG Z690 FORCE WIFI,1040.09,LGA1700,ATX,192,4,Silver / Black
Asus ROG Crosshair VIII Hero,2087.73,AM4,ATX,128,4,Black
Asus TUF Z390-PLUS GAMING (WI-FI),1208.91,LGA1151,ATX,128,4,Black / Gold
Gigabyte B550 AORUS ELITE AX,874.88,AM4,ATX,128,4,Black
ASRock Z790 Taichi,1646.5,LGA1700,EATX,192,4,Black / Gold
Asus TUF B450-PLUS GAMING,736.61,AM4,ATX,64,4,Black / Gold
MSI MAG Z490 TOMAHAWK,1538.22,LGA1200,ATX,128,4,Black / Silver
Gigabyte B760M GAMING X AX,845.84,LGA1700,Micro ATX,192,4,Brown / Black
Gigabyte B650M S2H,800.7,AM5,Micro ATX,96,2,Black / Gray
MSI PRO Z690-P DDR4,736.57,LGA1700,ATX,128,4,Black / Silver
Gigabyte X570 GAMING X,996.55,AM4,ATX,128,4,Black / Silver
MSI PRO B660M-A DDR4,1252.24,LGA1700,Micro ATX,128,4,Black / Silver
ASRock H610M-HDV,387.5,LGA1700,Micro ATX,64,2,Gray / Black
Asus ROG MAXIMUS Z690 APEX,2599.58,LGA1700,ATX,96,2,Black / Silver
ASRock Z690 Steel Legend WiFi 6E/D5,823.23,LGA1700,ATX,192,4,Silver / Black
Asus TUF GAMING B660M-PLUS WIFI D4,1026.53,LGA1700,Micro ATX,128,4,Black / Orange
ASRock B550 Taichi Razer Edition,736.57,AM4,ATX,128,4,Black / Silver
MSI A520M PRO,372.64,AM4,Micro ATX,64,2,Black
Gigabyte B760 DS3H AX,671.57,LGA1700,ATX,192,4,Gray / Black
Biostar H610MH,519.92,LGA1700,Micro ATX,64,2,Gray / Black
Asus TUF GAMING B550-PLUS (WI-FI),1076.62,AM4,ATX,128,4,Black
Gigabyte X670 GAMING X AX (rev. 1.0),1333.83,AM5,ATX,192,4,Black
Asus PRIME Z690-P WIFI D4,1635.19,LGA1700,ATX,128,4,Silver / Black
Asus PROART B760-CREATOR D4,779.9,LGA1700,ATX,128,4,Black / Copper
Asus ProArt Z690-CREATOR WIFI,2985.44,LGA1700,ATX,192,4,Black / Copper
ASRock Z790 LiveMixer,779.9,LGA1700,ATX,192,4,Purple / Black
MSI Z270-A PRO,1889.14,LGA1151,ATX,64,4,Brown / Black
ASRock B550 PG Velocita,563.25,AM4,ATX,128,4,Silver / Black
Gigabyte Z790 UD,1040.18,LGA1700,ATX,192,4,Black
Asus ROG Strix X299-E Gaming II,1947.29,LGA2066,ATX,256,8,Black
Biostar B450MH,459.38,AM4,Micro ATX,32,2,Black / Yellow
Asus PRIME H510M-A,593.1,LGA1200,Micro ATX,64,2,Black / Silver
Asus B75M-Plus,1183.0,LGA1155,Micro ATX,32,4,Black / Blue
Supermicro X9SRI-F-O,2363.61,LGA2011,ATX,64,8,Green
ASRock A620M Pro RS,686.52,AM5,Micro ATX,192,4,Silver / Black
Gigabyte X570S AERO G,2287.39,AM4,ATX,128,4,Black / White
Asus TUF B450M-PLUS GAMING,1252.24,AM4,Micro ATX,64,4,Black / Gold
Asus PRIME H610M-E D4,433.26,LGA1700,Micro ATX,64,2,Silver / Black
Asus TUF GAMING Z490-PLUS (WI-FI),1562.48,LGA1200,ATX,128,4,Black
Asus PRIME H610M-A D4-CSM,476.59,LGA1700,Micro ATX,64,2,Silver / Black
Gigabyte X570 AORUS PRO WIFI,1516.51,AM4,ATX,128,4,Black / Silver
ASRock B550 PG Riptide,571.91,AM4,ATX,128,4,Black / Silver
ASRock B450M-HDV,368.69,AM4,Micro ATX,32,2,Black / Silver
Intel DH61AG,706.63,LGA1155,Thin Mini ITX,16,2,Black / Blue
MSI MAG Z390 TOMAHAWK,1244.96,LGA1151,ATX,128,4,Black / Silver
Asus ProArt B660-CREATOR D4,736.57,LGA1700,ATX,128,4,Black
ASRock A520M Phantom Gaming 4,414.49,AM4,Micro ATX,128,4,Black
Asus Prime Z370-P,1045.55,LGA1151,ATX,64,4,Black / Silver
NZXT N5 Z690,1016.05,LGA1700,ATX,128,4,Black / White
ASRock Z790M PG LIGHTNING/D4,868.72,LGA1700,Micro ATX,128,4,Black
Asus PRIME B650M-A AX,848.88,AM5,Micro ATX,128,4,Black / Silver
ASRock Z790 Pro RS/D4,841.21,LGA1700,ATX,128,4,Silver / Black
Gigabyte B550 GAMING X,693.24,AM4,ATX,128,4,Black / Silver
Asus MAXIMUS Z690 HERO EVA,2232.14,LGA1700,ATX,128,4,Purple / Green
Gigabyte Z690 AORUS ULTRA,1083.21,LGA1700,ATX,192,4,Black
ASRock Z390 Phantom Gaming 4,866.56,LGA1151,ATX,128,4,Black / Silver
Asus TUF GAMING Z690-PLUS D4,1180.35,LGA1700,ATX,128,4,Black / Silver
MSI PRO H610M-G,519.92,LGA1700,Micro ATX,96,2,Black
Gigabyte Z590 UD AC,1331.92,LGA1200,ATX,128,4,Black
Asus TUF GAMING A520M-PLUS,602.24,AM4,Micro ATX,128,4,Black
Asus Pro H510M-CT/CSM,368.26,LGA1200,Micro ATX,64,2,Green
ASRock H610M-HVS/M.2 R2.0,394.52,LGA1700,Micro ATX,64,2,Black / Silver
Asus PRIME B450M-A/CSM,814.6,AM4,Micro ATX,64,4,Black / Silver
Gigabyte B550 AORUS ELITE,1018.21,AM4,ATX,128,4,Black / Silver
Gigabyte Z390 AORUS ULTRA,1429.85,LGA1151,ATX,128,4,Black / Silver
Asus TUF GAMING B460M-PLUS (WI-FI),1226.33,LGA1200,Micro ATX,128,4,Black / Gold
MSI MEG Z590 UNIFY-X,1343.71,LGA1200,ATX,128,4,Black
Asus PRIME B450M-K,736.18,AM4,Micro ATX,32,2,Black
Asus TUF GAMING B450M-PRO II,851.74,AM4,Micro ATX,128,4,Black / Yellow
Asus TUF GAMING Z790-PLUS D4,1340.02,LGA1700,ATX,128,4,Black
Gigabyte Z390 AORUS ELITE,1213.2,LGA1151,ATX,128,4,Black / Silver
Asus ROG MAXIMUS XIII HERO,2591.13,LGA1200,ATX,128,4,Black
Asus WS X299 SAGE/10G,2595.47,LGA2066,SSI CEB,128,8,Black / Silver
Asus Pro B550M-C/CSM,443.05,AM4,Micro ATX,128,4,Green
MSI Z270 GAMING PRO CARBON,1761.32,LGA1151,ATX,64,4,Black / Silver
Supermicro MBD-X10SRL-F-O,2217.8,LGA2011-3 Narrow,ATX,1024,8,Black / Green
Gigabyte B660I AORUS Pro DDR4,1498.18,LGA1700,Mini ITX,64,2,Black
Asus ROG Crosshair VIII Formula,2323.61,AM4,ATX,128,4,Black
Gigabyte Z390 AORUS MASTER,1643.85,LGA1151,ATX,128,4,Black / Silver
MSI MPG Z490 GAMING CARBON WIFI,1512.22,LGA1200,ATX,128,4,Black / Silver
MSI MPG Z690 EDGE WIFI,1735.58,LGA1700,ATX,192,4,
Asus ROG STRIX Z590-A GAMING WIFI,1988.85,LGA1200,ATX,128,4,Silver / Black
Gigabyte Z690 AORUS ELITE AX,866.56,LGA1700,ATX,192,4,Black
Gigabyte B760 GAMING X AX DDR4,887.05,LGA1700,ATX,128,4,Black
Gigabyte GA-Z97X-SLI,1650.83,LGA1150,ATX,32,4,Black / Red
ASRock X370 Pro4,479.79,AM4,ATX,64,4,Black / White
MSI H510M PRO,866.17,LGA1200,Micro ATX,64,2,Beige
Gigabyte Z790 D DDR4,1066.39,LGA1700,ATX,128,4,Black
Asus TUF GAMING B550M-PLUS (WI-FI),1134.03,AM4,Micro ATX,128,4,Black
Asus ROG STRIX B560-A GAMING WIFI,1187.24,LGA1200,ATX,128,4,Black / Silver
Gigabyte B760M GAMING DDR4,577.76,LGA1700,Micro ATX,64,2,Black / Red
Asus PRIME B650M-A II-CSM,703.68,AM5,Micro ATX,192,4,Silver / Black
Asus ROG Crosshair VIII Impact,2528.09,AM4,Mini DTX,64,2,Black
Asus PRIME H310M-E,745.58,LGA1151,Micro ATX,32,2,Silver / Black
ASRock H310CM-HDV,649.91,LGA1151,Micro ATX,32,2,Black
ASRock X299 Taichi CLX,953.22,LGA2066,ATX,256,8,Black / Silver
Asus PRIME B550M-A (WI-FI),907.76,AM4,Micro ATX,128,4,Black / White
ASRock AB350M Pro4,955.43,AM4,Micro ATX,64,4,Black / White
Gigabyte Z590 VISION G,1515.21,LGA1200,ATX,128,4,Black / White
Asus PRIME Z270-P,1542.5,LGA1151,ATX,64,4,Black / Silver
Gigabyte X570 AORUS XTREME,3322.98,AM4,EATX,128,4,Black / Silver
MSI MAG B660M MORTAR DDR4,1048.59,LGA1700,Micro ATX,128,4,Black / Silver
Gigabyte B760 AORUS ELITE AX DDR4,1067.26,LGA1700,ATX,128,4,Black / Silver
Gigabyte Z690 AORUS PRO,1863.15,LGA1700,ATX,192,4,Black
Asus Rampage IV Black Edition,5246.92,LGA2011,EATX,128,8,Black / Red
ASRock Z690 Phantom Gaming 4,909.89,LGA1700,ATX,128,4,Black / Silver
Asus ROG MAXIMUS XII HERO (WI-FI),2253.12,LGA1200,ATX,128,4,Black
ASRock A520M Pro4,418.96,AM4,Micro ATX,128,4,Black / Silver
Gigabyte Z790 AORUS ELITE AX-W,1586.18,LGA1700,ATX,192,4,Silver / Black
Gigabyte GA-Z97X-UD5H,1761.32,LGA1150,ATX,32,4,Black / Gold
ASRock Z370 Extreme4,4048.02,LGA1151,ATX,64,4,Black / Silver
ASRock B550 Extreme4,682.06,AM4,ATX,128,4,Blue / Black
Gigabyte Z690 AERO G DDR4,1046.2,LGA1700,ATX,128,4,Black / Silver
Gigabyte Z390 AORUS PRO,1604.29,LGA1151,ATX,128,4,Black / Silver
Supermicro C9Z390-PGW,3418.69,LGA1151,ATX,128,4,Black
Asus PRO Q570M-C/CSM,714.9,LGA1200,Micro ATX,128,4,Green / Black
Gigabyte A520M DS3H,523.86,AM4,Micro ATX,128,4,Black
Asus ROG STRIX Z590-I GAMING WIFI,1945.52,LGA1200,Mini ITX,64,2,Black
Supermicro X11SCL-LN4F,1314.55,LGA1151,Micro ATX,128,4,Green
Gigabyte Z790 AORUS ELITE DDR4,1116.83,LGA1700,ATX,128,4,Black
Gigabyte Z490 AORUS ELITE AC,1516.51,LGA1200,ATX,128,4,Black / Silver
Asus TUF GAMING B760M-E D4,773.35,LGA1700,Micro ATX,128,4,Black / Orange
Biostar B550MH,605.15,AM4,Micro ATX,64,2,Black
Gigabyte H610M H,483.78,LGA1700,Micro ATX,64,2,Brown / Silver
Asus PRIME H570M-PLUS/CSM,866.56,LGA1200,Micro ATX,128,4,Black / Silver
Gigabyte Z490 VISION G,1863.15,LGA1200,ATX,128,4,White / Black
ASRock B760I Lightning WiFi,736.57,LGA1700,Mini ITX,96,2,Black
Asus PRIME B650M-A-CSM,701.12,AM5,Micro ATX,128,4,Silver / Black
Gigabyte B660 GAMING X AX DDR4,756.67,LGA1700,ATX,128,4,Black
Asus TUF GAMING H670-PRO WIFI D4,866.56,LGA1700,ATX,128,4,Gray / Black
Asus Pro B650M-CT-CSM,649.91,AM5,Micro ATX,192,4,Green / Black
Asus TUF GAMING B760M-PLUS,899.57,LGA1700,Micro ATX,192,4,Black / Orange
ASRock B550 Taichi,1307.14,AM4,ATX,128,4,Gold / Black
Asus Pro B760M-CT-CSM,563.25,LGA1700,Micro ATX,192,4,Green / Black
Asus ROG STRIX Z390-H GAMING,1473.18,LGA1151,ATX,128,4,Black / Red
NZXT N5 Z690,1039.88,LGA1700,ATX,128,4,Black
Gigabyte Z590 AORUS ULTRA,1685.54,LGA1200,ATX,128,4,Black
MSI MAG B660M BAZOOKA DDR4,986.19,LGA1700,Micro ATX,128,4,Green / Black
Asus STRIX X370-F GAMING,1770.77,AM4,ATX,64,4,Black
ASRock H670 PG Riptide,649.91,LGA1700,ATX,128,4,Black
Gigabyte Z690 UD DDR4,966.87,LGA1700,ATX,128,4,Black
ASRock Z790I Lightning WiFi,1126.54,LGA1700,Mini ITX,96,2,Black
Gigabyte Z490I AORUS ULTRA,2027.41,LGA1200,Mini ITX,64,2,Black / Silver
Gigabyte A520M AORUS ELITE,433.26,AM4,Micro ATX,128,4,Black / Orange
Asus ROG MAXIMUS XI FORMULA,2985.44,LGA1151,ATX,128,4,Black
Asus ROG MAXIMUS X FORMULA,3080.76,LGA1151,ATX,128,4,Black
Gigabyte H610M H DDR4,448.9,LGA1700,Micro ATX,64,2,Black / Gray
Foxconn A7DA-S 3.0,389.97,AM3,ATX,8,4,
Gigabyte Z590 AORUS MASTER,1949.81,LGA1200,ATX,128,4,Black
Asus PRIME H410M-K,779.94,LGA1200,Micro ATX,64,2,Black
Gigabyte H610M S2H DDR4,749.61,LGA1700,Micro ATX,64,2,Black / Gray
ASRock B450M Pro4-F R2.0,688.95,AM4,Micro ATX,128,4,Black
Gigabyte Z590 AORUS XTREME,3676.46,LGA1200,EATX,128,4,Black
ASRock H670M Pro RS,606.58,LGA1700,Micro ATX,128,4,Gray / Black
Gigabyte Z590 AORUS ELITE,1404.02,LGA1200,ATX,128,4,Black
Asus PRO A520M-C II/CSM,394.87,AM4,Micro ATX,64,2,Green / Black
Asus ROG MAXIMUS XII FORMULA,2833.78,LGA1200,ATX,128,4,Black
Biostar Z690 VALKYRIE,3750.86,LGA1700,ATX,192,4,Black / Gray
Asus PRIME H770-PLUS,1013.49,LGA1700,ATX,192,4,Silver / Black
ASRock X299 Steel Legend,966.22,LGA2066,ATX,256,8,Silver / Black
MSI Z270 SLI PLUS,1711.49,LGA1151,ATX,64,4,Black / Silver
Gigabyte B360N GSM,779.9,LGA1151,Mini ITX,32,2,Black
ASRock Z590M Pro4,1083.21,LGA1200,Micro ATX,128,4,Black / Silver
ASRock Z270 Killer SLI/ac,1446.27,LGA1151,ATX,64,4,Black / White
ASRock X399 Phantom Gaming 6,3977.69,sTR4,ATX,128,8,Black / Silver
Asus PRIME A320M-A,519.92,AM4,Micro ATX,64,4,Black / Gray
Asus Pro B560M-CT/CSM,862.27,LGA1200,Micro ATX,128,4,Green
Gigabyte B660 DS3H DDR4,881.07,LGA1700,ATX,128,4,Black
Asus PRIME H610M-D D4,502.45,LGA1700,Micro ATX,64,2,Silver / Black
ASRock Z590 Phantom Gaming-ITX/TB4,1512.22,LGA1200,Mini ITX,64,2,Black / Red
Gigabyte Z590 AORUS PRO AX,1325.85,LGA1200,ATX,128,4,Black
MSI Z370 SLI PLUS,1653.0,LGA1151,ATX,64,4,Black / Gray
MSI MEG Z390 ACE,2599.8,LGA1151,ATX,128,4,Black / Silver
Asus TUF GAMING B660M-PLUS D4,1315.8,LGA1700,Micro ATX,128,4,Orange / Black
Asus TUF Z390-PRO GAMING,1542.5,LGA1151,ATX,128,4,Black / Gold
ASRock H670 Steel Legend,719.23,LGA1700,ATX,128,4,Silver / Gray
Asus Pro B660M-C D4-CSM,563.25,LGA1700,Micro ATX,128,4,Green / Black
Gigabyte X299 UD4 Pro,1689.83,LGA2066,ATX,128,8,Black
ASRock Z390 Extreme4,866.56,LGA1151,ATX,128,4,Black
Gigabyte B660 AORUS Master DDR4,1356.75,LGA1700,ATX,128,4,Black
ASRock H310M-HDV/M.2,866.56,LGA1151,Micro ATX,32,2,Black / Silver
Gigabyte Z590I AORUS ULTRA,2205.5,LGA1200,Mini ITX,64,2,Black
Asus PRIME H670-PLUS D4,1069.77,LGA1700,ATX,128,4,Silver / Black
Gigabyte B560 AORUS PRO AX,1277.76,LGA1200,ATX,128,4,Black
Asus WS C246M PRO,1388.73,LGA1151,Micro ATX,128,4,Black
Supermicro X10SL7-F,1069.25,LGA1150,Micro ATX,32,4,Black / Green
MSI MAG B460 TORPEDO,1082.82,LGA1200,ATX,128,4,Black
Asus WS X299 SAGE,2246.05,LGA2066,SSI CEB,128,8,Black
Gigabyte Z490 AORUS ELITE,1420.83,LGA1200,ATX,128,4,Black / Silver
Gigabyte Z690 AORUS ELITE DDR4,1083.21,LGA1700,ATX,128,4,Black / Silver
Asus ROG Maximus XIII Extreme,2966.63,LGA1200,EATX,128,4,Silver / Black
Asus Pro WS X570-ACE,2552.14,AM4,ATX,128,4,Black
Gigabyte B760 AORUS ELITE,1159.08,LGA1700,ATX,192,4,Black
Asus PRIME H510M-A/CSM,716.46,LGA1200,Micro ATX,64,2,Black / Silver
Asus PRIME A320M-E,896.93,AM4,Micro ATX,64,2,Black / Silver
MSI PRO B760M-G DDR4,775.65,LGA1700,Micro ATX,64,2,Black
Supermicro C9X299-PGF,3856.33,LGA2066,ATX,128,8,Black
Supermicro C7X99-OCE-O,3033.1,LGA2011-3,ATX,128,8,Black / Blue
MSI Z270 GAMING M5,2086.3,LGA1151,ATX,64,4,Black / Silver
MSI Z270I GAMING PRO CARBON AC,1733.2,LGA1151,Mini ITX,32,2,Black / Silver
Asus Pro Q670M-C-CSM,733.1,LGA1700,Micro ATX,128,4,Green / Black
Asus TUF GAMING B660M-E D4,963.18,LGA1700,Micro ATX,128,4,Black / Orange
Asus PRIME A620M-E-CSM,617.15,AM5,Micro ATX,96,2,Black / Silver
MSI MEG Z490 ACE,1728.87,LGA1200,ATX,128,4,Black / Gold
ASRock X299 WSI/IPMI,1603.17,LGA2066,Mini ITX,64,4,Black / Silver
Asus PRO H610M-CT D4-CSM,428.92,LGA1700,Micro ATX,64,2,Green / Black
Gigabyte Z370 AORUS GAMING WIFI (rev. 1.0),1631.33,LGA1151,ATX,64,4,Black / Red
Gigabyte B660 AORUS Master,1740.09,LGA1700,ATX,192,4,Black
Gigabyte Z490 AORUS MASTER,1737.1,LGA1200,ATX,128,4,Black / Silver
Gigabyte B760 AORUS MASTER DDR4,1206.83,LGA1700,ATX,128,4,Black
MSI MEG Z590 GODLIKE,3379.7,LGA1200,EATX,128,4,Black / Silver
MSI Z270 SLI,1083.21,LGA1151,ATX,64,4,Black / Silver
Gigabyte Q670M D3H,779.9,LGA1700,Micro ATX,128,4,Brown / Gray
Asus PRIME H410M-A/CSM,563.25,LGA1200,Micro ATX,64,2,Black
Gigabyte H510M S2H,758.28,LGA1200,Micro ATX,64,2,Brown / Gray
Supermicro MBD-X11SSV-Q-O,1360.61,LGA1151,Mini ITX,32,2,Green
Supermicro MBD-X11SCV-Q-O,1481.89,LGA1151,Mini ITX,64,2,Green / Black
ASRock X370 Killer SLI,953.22,AM4,ATX,64,4,Black / White
Gigabyte X299 DESIGNARE EX,3332.08,LGA2066,ATX,128,8,Black / Silver
Gigabyte Z490 AORUS PRO AX,1949.81,LGA1200,ATX,128,4,Black / Silver
Supermicro C9X299-PG300F,3033.06,LGA2066,ATX,256,8,Black
MSI PRO-B660M-B-DDR4,1169.91,LGA1700,Micro ATX,64,2,Black / Silver
ASRock Fatal1ty Z170 Gaming K4,1516.51,LGA1151,ATX,64,4,Black / Red
Supermicro MBD-X11SSL-F-O,1419.4,LGA1151,Micro ATX,64,4,Black / Green
Supermicro X9SRA,2583.81,LGA2011,ATX,64,8,Black / Green
Gigabyte Z490 AORUS ULTRA,1871.81,LGA1200,ATX,128,4,Black / Silver
Asus ROG Maximus XIII Apex,2816.41,LGA1200,ATX,64,2,Black
Gigabyte GA-X58A-UD7,2231.5,LGA1366,ATX,24,6,Blue / White
Asus Pro A620M-C-CSM,671.14,AM5,Micro ATX,96,2,Green / Black
Asus Crosshair IV Extreme,2209.61,AM3,EATX,16,4,Black / Red
Biostar A620MT,559.52,AM5,Micro ATX,96,2,Black
Gigabyte Z490 GAMING X AX,1373.56,LGA1200,ATX,128,4,Brown / Black
Intel D525MW,660.83,Integrated Atom D525,Mini ITX,4,2,Green / Black
ASRock Fatal1ty Z370 Gaming K6,1871.81,LGA1151,ATX,64,4,Black / Silver
Asus WS X299 PRO/SE,2232.88,LGA2066,SSI CEB,128,8,Black / Silver
ASRock C246M WS,1399.6,LGA1151,Micro ATX,64,4,Green / Blue
Supermicro C9Z390-CGW,2891.8,LGA1151,ATX,128,4,Black / Silver
Supermicro X10SLM-F-O,1499.17,LGA1150,Micro ATX,32,4,Black / Green
Gigabyte Z490 AORUS XTREME,3188.65,LGA1200,EATX,128,4,Black / Silver
Supermicro C7Z87-OCE,2236.22,LGA1150,ATX,32,4,Black / Blue
Asus WS X299 PRO,3228.6,LGA2066,ATX,128,8,Black / Silver
Supermicro MBD-X11SAE-F-O,2145.48,LGA1151,ATX,64,4,Black / Green
Supermicro A1SRI-2758F-O,2118.84,Integrated Atom C2358,Mini ITX,64,4,Black / Green
Gigabyte Z590 AORUS TACHYON,2145.48,LGA1200,EATX,64,2,Black
Supermicro MBD-X11SSH-LN4F,1710.06,LGA1151,Micro ATX,64,4,Green / Black
ASRock X470 Master SLI,2527.57,AM4,ATX,64,4,Black
ASRock Z270 Killer SLI,1446.27,LGA1151,ATX,64,4,Black / White
Supermicro X9SRH-7TF,3444.69,LGA2011,ATX,64,8,Green / Blue
Supermicro C9Z390-CG-IW,2558.64,LGA1151,Mini ITX,64,2,Black
Supermicro C7Z170-OCE,2323.53,LGA1151,ATX,64,4,Black / Green
EVGA Z590 DARK,3462.07,LGA1200,EATX,64,2,Black
Supermicro MBD-X11SBA-LN4F-O,1395.44,Integrated Pentium N3700,Mini ITX,8,2,Green
