item_type,brand,name,price,quantity,size,color,rpm,airflow,noise_level,pwm
fan,Lian Li, Uni Fan SL-Infinity 3-Pack,363.97,6,120,Black,,"0,61.3","0,29",true
fan,Corsair, iCUE SP120 RGB ELITE 3-Pack,259.94,42,120,Black / White,"400,1500",,,true
fan,Lian Li, Uni Fan SL-Infinity 3-Pack,363.54,10,120,White,,"0,61.3","0,29",true
fan,Noctua, NF-A12x25 PWM chromax.black.swap,151.44,59,120,Black,"450,2000",60.09,22.6,true
fan,Lian Li, Uni Fan SL-Infinity,129.95,14,120,Black,,"0,61.3","0,29",true
fan,Lian Li, UNI FAN SL V2 3-Pack,359.6,3,120,White / Silver,"250,2000",64.5,29.2,true
fan,ARCTIC, P12 PST 5-Pack,151.61,15,120,Black,"200,1800",56.3,22.5,true
fan,Lian Li, UNI FAN SL-INF Reverse Blade,154.77,45,120,White / Black,"200,2100",63.6,32,true
fan,Lian Li, Uni Fan SL-Infinity,116.95,45,120,White,,"0,61.3","0,29",true
fan,Corsair, iCUE LINK QX120 RGB Starter Kit 3-Pack,541.58,54,120,Black,"480,2400","16.44,63.1",,true
fan,Lian Li, UNI FAN SL-INF Reverse Blade,129.95,45,120,White,"200,2100",63.6,32,true
fan,Lian Li, UNI FAN SL V2 3-Pack,337.93,54,120,Black / Silver,"250,2000",64.5,29.2,true
fan,Thermalright, TL-C12C X3 3-Pack,51.56,25,120,Black,1550,66.17,25.6,true
fan,NZXT, F120 RGB 3-Pack,335.07,17,120,White,"500,1800","13.94,50.18","17.2,27.5",true
fan,Noctua, A14 PWM chromax.black.swap,116.77,54,140,Multicolor,"300,1500",82.52,24.6,true
fan,ARCTIC, P12,38.95,58,120,Black,"200,1800",56.3,,true
fan,Thermalright, TL-C12C-S X3 3-Pack,58.89,49,120,Black,1550,66.17,25.6,true
fan,Noctua, A12x25 PWM,142.77,19,120,Brown,"450,2000","49.73,60.1","18.8,22.6",true
fan,Corsair, iCUE LINK QX120 RGB Starter Kit 3-Pack,693.24,3,120,White,"480,2400","16.44,63.1",,true
fan,Deepcool, FC120-3 IN 1 3-Pack,151.61,34,120,Black,"500,1800",61.91,28,true
fan,Corsair, ML120 PRO 3-Pack,719.71,33,120,Black / White,"400,1600",47.3,25,true
fan,NZXT, F120 RGB 3-Pack,335.07,32,120,Black,"500,1800","13.94,50.18","17.2,27.5",true
fan,be quiet!, Silent Wings Pro 4,120.89,6,120,Black,3000,83.9,36.9,true
fan,ARCTIC, P12 Max,43.29,44,120,Black,"200,3300",81.04,,true
fan,Lian Li, Uni Fan SL-Infinity,129.95,7,140,Black,"200,1600",72.7,28,true
fan,Thermalright, TL-C12CW-S X3 3-Pack,57.15,53,120,White,1550,66.17,25.6,true
fan,Noctua, P12 redux-1700 PWM,69.11,50,120,Gray,"450,1700",70.75,25.1,true
fan,Noctua, A14 PWM,103.78,47,140,Brown,"300,1500","68,82.5","19.2,24.6",true
fan,Lian Li, Uni Fan SL-Infinity,129.95,45,140,White,"200,1600",72.7,28,true
fan,ARCTIC, P12 Max 5-Pack,155.94,12,120,Black,"200,3300",81.04,,true
fan,Corsair, iCUE AR120 Digital RGB 3-Pack,194.94,7,120,Black,"400,1850","10.7,59","10,27.3",true
fan,Corsair, iCUE SP120 RGB ELITE,86.57,34,120,Black / White,"400,1500",,,true
fan,be quiet!, Pure Wings 2,42.9,14,120,Black,"500,1500","51.4,87",20.2,true
fan,Corsair, iCUE AF120 RGB ELITE 3-Pack,330.61,40,120,Black,"550,2100","13.8,65.57","5,34.1",true
fan,Thermalright, TL-C12B-S V3 X3 3-Pack,73.18,59,120,Black,1500,66.17,25.6,true
fan,Deepcool, FK120 3-Pack,129.95,9,120,,"500,1850",68.99,28,true
fan,ARCTIC, P14 PST,56.29,45,140,Black,"200,1700",72.8,22.5,true
fan,be quiet!, Silent Wings Pro 4,120.89,16,140,Black,2400,97.41,36.8,true
fan,Lian Li, UNI FAN SL V2,116.95,14,120,Black / Silver,"250,2000",64.5,29.2,true
fan,Lian Li, UNI FAN SL-INF Reverse Blade,129.34,47,140,Black / White,"200,1600",71.6,28.6,true
fan,Lian Li, UNI FAN SL V2,116.95,27,120,White / Silver,"250,2000",64.5,29.2,true
fan,ARCTIC, P12 PST A-RGB 0dB 3-Pack,186.28,33,120,Black,,48.8,,true
fan,Lian Li, UNI FAN TL LCD 120 3-Pack,649.91,16,120,White,,90.1,33,true
fan,Corsair, LL120 3-Pack,303.27,12,120,Black,"600,1500",43.25,24.8,true
fan,Noctua, F12 industrialPPC-3000 PWM,121.11,21,120,Brown / Black,"750,3000",109.89,43.5,true
fan,ARCTIC, P12 Slim PWM PST 3-Pack,96.89,16,120,Black,"300,2100",42.1,22.5,true
fan,Montech, AX120,42.9,35,120,Black,"800,1600",59,27,true
fan,Thermalright, TL-S12 X3 3-Pack,73.18,17,120,Black,1500,47.6,23.2,true
fan,Noctua, A14 industrialPPC-3000 PWM,129.77,42,140,Brown / Black,"800,3000",158.5,41.3,true
fan,Lian Li, UNI FAN SL V2 120 Reverse,108.32,44,120,Black,"250,2000",65.4,32,true
fan,Thermalright, TL-S12W X3 3-Pack,77.52,43,120,White,1500,47.6,23.2,true
fan,Lian Li, UNI FAN TL LCD 120 3-Pack,628.28,32,120,Black,,90.1,33,true
fan,Lian Li, UNI FAN TL LCD 120 Reverse Blade 3-Pack,615.24,25,120,Black,,83.4,34,true
fan,Deepcool, FC120 WHITE-3 IN 1 3-Pack,151.61,32,120,White,"500,1800",61.91,28,true
fan,NZXT, F RGB Core 2-Pack,303.22,23,140,Black,"500,1800","24.85,89.48","20,32.5",true
fan,NZXT, F120Q,108.24,47,120,Black,"500,1200","27.77,64","16.7,22.5",true
fan,Corsair, iCUE LINK QX140 RGB Starter Kit 2-Pack,519.92,43,140,Black,"400,2000","12.1,82.5",,true
fan,Noctua, A12x15 PWM chromax.black.swap,116.77,3,120,Black / Multicolor,"450,1850",55.44,23.9,true
fan,Phanteks, D30-120 Reversed 3-Pack,389.93,55,120,Black,"250,2000",61.5,31.8,true
fan,Lian Li, UNI FAN TL LCD 120 Reverse Blade 3-Pack,584.91,50,120,White,,83.4,34,true
fan,Lian Li, UNI FAN SL V2 120 Reverse,112.66,19,120,White,"250,2000",65.4,32,true
fan,NZXT, F140 RGB 2-Pack,303.27,34,140,White,"500,1800","24.85,89.48","20,32.5",true
fan,NZXT, F120 RGB Core 3-Pack,303.27,52,120,White,"500,1800",78.86,33.88,true
fan,Lian Li, UNI FAN SL-INF Reverse Blade,126.44,6,140,White,"200,1600",71.6,28.6,true
fan,Deepcool, FC120,69.28,55,120,Black,"500,1800",,,true
fan,Corsair, iCUE AR120 Digital RGB 3-Pack,194.94,15,120,White,"400,1850","10.7,59","10,27.3",true
fan,Phanteks, PH-F120T30,151.57,48,120,Black / Gray,,"0,101","0,39.7",true
fan,be quiet!, Light Wings PWM high-speed 3-Pack,237.88,41,120,Black,2500,52.3,31,true
fan,Noctua, F12 PWM,94.37,13,120,Brown,"300,1500","43.73,54.97","18.6,22.4",true
fan,Corsair, iCUE SP RGB ELITE 3-Pack,303.22,59,120,White,"400,1500",47.73,28,true
fan,ARCTIC, P12 PST,44.8,31,120,White,"200,1800",56.3,,true
fan,Lian Li, UNI FAN SL V2,151.57,28,140,Black / Silver,"250,1600",77.6,29,true
fan,ARCTIC, P12 Slim PWM PST,38.95,48,120,Black,"300,2100",41.1,22.5,true
fan,Phanteks, D30-120 Reversed 3-Pack,389.93,38,120,White,"250,2000",61.5,31.8,true
fan,NZXT, F120 RGB,108.28,5,120,White,"500,1800","13.94,50.18","17.2,27.5",true
fan,Asus, TUF Gaming TF120 ARGB 3-Pack,216.61,47,120,Black / White,"250,1900",76,29,true
fan,Corsair, LL120 3-Pack,303.22,55,120,White,2200,63,36,true
fan,Corsair, AF120 ELITE,84.71,2,120,Black,"400,1850","10.9,59.1",31.5,true
fan,be quiet!, Pure Wings 2,42.9,10,140,Black,"400,1000",61.2,19.8,true
fan,Corsair, iCUE AR120 Digital RGB,86.57,32,120,Black,"400,1850","10.7,59","10,27.3",true
fan,Lian Li, UNI FAN P28 3-Pack,246.55,5,120,Black,"200,2600","44.94,92","20.4,32.1",true
fan,Thermalright, TL-C12RW-S V2,30.29,42,120,Black / White,1500,58,25.6,true
fan,NZXT, F140 RGB 2-Pack,303.27,38,140,Black,"500,1800","24.85,89.48","20,32.5",true
fan,NZXT, F120 RGB DUO 3-Pack,407.26,46,120,Black,"500,1800",48.58,29,true
fan,Lian Li, UNI FAN AL120 V2 3-Pack,323.07,46,120,Black,"250,2000",77.3,28.7,true
fan,Montech, RX120,55.9,57,120,Black,"800,1600",59,27,true
fan,Corsair, iCUE AF120 RGB ELITE 3-Pack,389.93,7,120,White,"550,2100","13.8,65.57","5,34.1",true
fan,NZXT, F120 RGB DUO,186.23,58,120,Black,"500,1800",48.58,29,true
fan,ARCTIC, P14 Max,56.29,40,140,Black,"400,2800",95,,true
fan,Corsair, iCUE QL120 3-Pack,389.93,17,120,Black,1500,41.8,26,true
fan,Phanteks, D30-120,147.24,55,120,Black,"250,2000",64.3,30.2,true
fan,Corsair, SP120 ELITE,64.95,46,120,Black,"300,1300","6.37,45.4","5,20.6",true
fan,Phanteks, PH-F120T30 3-Pack,368.26,12,120,Black / Gray,,"0,101","0,39.7",true
fan,NZXT, F120P,108.24,0,120,Black,"500,1800","21.67,78.02","17.9,30.6",true
fan,ARCTIC, P12 PST A-RGB 0dB,73.57,27,120,Black,,48.8,,true
fan,Phanteks, D30-120 3-Pack,389.93,37,120,Black,"250,2000",64.3,30.2,true
fan,Lian Li, UNI FAN AL120 V2 3-Pack,277.31,32,120,White,"250,2000",77.3,28.7,true
fan,Lian Li, UNI FAN SL V2,129.95,15,140,White / Silver,"250,1600",77.6,29,true
fan,Corsair, LL120,121.28,50,120,Black,"600,1500",43.25,24.8,true
fan,ARCTIC, P14 PST,56.29,34,140,White,"200,1700",72.8,22.5,true
fan,Cooler Master, MasterFan MF Halo 3-Pack,242.78,23,120,Black,"650,1800",47.2,"6,30",true
fan,Montech, RX120,55.9,53,120,White,"800,1600",59,27,true
fan,Noctua, F12 PWM chromax.black.swap,107.24,37,120,Multicolor,"300,1500",54.97,22.4,true
fan,Corsair, iCUE LINK RX120 3-Pack,411.59,13,120,Black / White,2100,"10.5,74.2","10,36",false
fan,Phanteks, D30-120,147.24,8,120,White,"250,2000",64.3,30.2,true
fan,Thermaltake, SWAFAN EX12 ARGB 3-Pack,329.22,54,120,Black,"500,2000","56.26,57.11","30.6,32.5",true
fan,ARCTIC, P12 5-Pack,103.95,57,120,Black,1800,56.3,,false
fan,Noctua, A9x14 HS-PWM chromax.Black.swap,95.11,44,92,Black / Multicolor,"600,2500",33.84,23.6,true
fan,Noctua, P14s redux-1500 PWM,73.44,37,140,Black / Gray,"450,1500",78.69,25.8,true
fan,Thermalright, TL-S12W,30.29,22,120,White,1500,47.6,23.2,true
fan,NZXT, F120 RGB DUO 3-Pack,498.25,35,120,White,"500,1800",48.58,29,true
fan,Corsair, iCUE AF120 RGB SLIM,121.28,41,120,Black,"600,2000","13.4,56.3",27.5,true
fan,ARCTIC, P14 PST 5-Pack,272.55,29,140,Black,"200,1700",72.8,22.5,true
fan,Cooler Master, SickleFlow 3-Pack,246.68,41,120,Black,"650,1800",62,"8,27",true
fan,Noctua, S12A PWM chromax.black.swap,99.23,19,120,Multicolor,"300,1200",63.27,17.8,true
fan,Thermalright, TL-C12CW,28.55,21,120,White,1550,66.17,25.6,true
fan,Thermalright, TL-S12,29.42,10,120,Black,1500,47.6,23.2,true
fan,NZXT, F140 RGB,116.95,48,140,White,"500,1800","24.85,89.48","20,32.5",true
fan,NZXT, F120 RGB Core 3-Pack,303.27,43,120,Black,"500,1800",78.86,33.88,true
fan,Cooler Master, SickleFlow,43.29,20,120,Black,"650,1800",62,"8,27",true
fan,Lian Li, UNI FAN P28 3-Pack,207.98,5,120,White,"200,2600","44.94,92","20.4,32.1",true
fan,Corsair, iCUE AR120 Digital RGB,82.24,13,120,White,"400,1850","10.7,59","10,27.3",true
fan,Thermalright, TL-C-C-S,81.85,29,140,White,1500,75.8,26.4,true
fan,be quiet!, Pure Wings 3,42.9,57,120,Black,2100,59.6,30.9,true
fan,Noctua, A12x15 PWM,95.11,59,120,Brown,"450,1850","41.67,55.44","16.8,23.9",true
fan,be quiet!, Silent Wings 4,77.52,19,120,Black,2500,76.7,"32.1,31.2",true
fan,Corsair, iCUE LINK QX140 RGB Starter Kit 2-Pack,606.58,39,140,White,"400,2400","12.1,82.5",,true
fan,Phanteks, D30-120 Reversed,147.24,55,120,Black,"250,2000",61.5,31.8,true
fan,Thermaltake, CT120 ARGB Sync 2-Pack,108.28,12,120,Black,"500,2000",57.05,25.8,true
fan,NZXT, F120 RGB,108.28,15,120,Black,"500,1800","13.94,50.18","17.2,27.5",true
fan,Noctua, A8 PWM,73.44,16,80,Brown,"450,2200","25.84,32.66","13.8,17.7",true
fan,Thermaltake, SWAFAN EX12 ARGB 3-Pack,324.89,24,120,White,"500,2000","56.26,57.11","30.6,32.5",true
fan,be quiet!, Light Wings PWM high-speed 3-Pack,237.88,51,140,Black,2200,71.7,31,true
fan,Corsair, iCUE LINK RX120 3-Pack,359.6,33,120,Black,2100,"10.5,74.2","10,36",false
fan,Phanteks, D30-120 3-Pack,389.93,20,120,White,"250,2000",64.3,30.2,true
fan,ARCTIC, P12 Max,62.79,56,120,White,"200,3300",81.04,,true
fan,Montech, AX120,55.9,19,120,White,"800,1600",59,27,true
fan,Corsair, iCUE LINK RX120 3-Pack,389.93,6,120,White,2100,"10.5,74.2","10,36",false
fan,Lian Li, UNI FAN SL V2 120 5-Pack,563.25,13,120,White,"250,2000",64.5,29.2,true
fan,Corsair, iCUE AF140 RGB ELITE 2-Pack,324.89,37,140,Black,"500,1700","19.5,89","5,33.8",true
fan,Lian Li, UNI FAN TL 120 3-Pack,472.3,53,120,Black,"200,2600",90.1,33,false
fan,NZXT, F120Q,108.24,3,120,White,"500,1200","27.77,64","16.7,22.5",true
fan,Thermalright, TL-M12W-S,45.89,42,120,White,1500,47.6,23.2,true
fan,Asus, TUF Gaming TF120 ARGB,82.24,34,120,Black / White,"250,1900",76,29,true
fan,Lian Li, UNI FAN AL120 V2,77.95,42,120,White,"250,2000",77.3,28.7,true
fan,Fractal Design, Aspect 14 PWM,146.67,2,140,Black,"500,1700","20,78","10,35.5",true
fan,Phanteks, D30-120 Reversed,142.9,34,120,White,"250,2000",61.5,31.8,true
fan,Lian Li, UNI FAN SL V2 120 5-Pack,563.25,19,120,Black,"250,2000",64.5,29.2,true
fan,ID-COOLING, AF-125 3-Pack,108.28,36,120,Black,"500,2000",78.25,29.85,true
fan,Lian Li, UNI FAN TL 120 Reverse Blade 3-Pack,476.59,42,120,White,"200,2300",83.4,34,false
fan,Noctua, S12B redux-1200 PWM,64.78,47,120,Black / Gray,"400,1200",59.1,18.1,true
fan,ARCTIC, P12,36.79,46,120,Black,1800,56.3,,false
fan,ID-COOLING, XF-12025-ARGB-TRIO 3-Pack,108.28,45,120,Black / White,"700,1500",62,"18,26.4",true
fan,Lian Li, UNI SL120 3-Pack,428.88,8,120,Black,"800,1900",58.54,"17,31",true
fan,Noctua, P14s redux-1200 PWM,73.44,58,140,Black / Gray,"350,1200",64.92,19.6,true
fan,Noctua, A20 PWM chromax.black.swap,160.1,5,200,Black / Multicolor,"350,800",86.46,18.1,true
fan,Cooler Master, SickleFlow 120 ARGB 3 In 1 3-Pack,160.28,0,120,White,"650,1800",62,"8,27",true
fan,Lian Li, UNI FAN TL 120 Reverse Blade 3-Pack,476.59,35,120,Black,"200,2300",83.4,34,false
fan,be quiet!, Light Wings PWM 3-Pack,237.88,10,120,Black,1700,41.51,20.6,true
fan,Xigmatek, eXTREME SILENT,19.46,7,80,Black,2200,36,24,false
fan,ARCTIC, P12,41.03,18,120,Black / Transparent,"200,1800",56.3,22.5,true
fan,NZXT, F120 RGB DUO,142.95,14,120,White,"500,1800",48.58,29,true
fan,Thermalright, TL-P12-S,28.55,7,120,Black / White,1500,52.86,22.1,true
fan,Lian Li, UNI FAN AL120 V2,121.28,26,120,Black,"250,2000",77.3,28.7,true
fan,Phanteks, M25-120 PWM D-RGB 3-Pack,129.95,6,120,Black,"500,2000",84.26,35.7,true
fan,Corsair, iCUE QL120 3-Pack,428.92,47,120,White / Black,"525,1500",41.8,26,true
fan,Corsair, iCUE SP140 RGB ELITE 2-Pack,303.22,28,140,Black / White,"405,1200",,,true
fan,Phanteks, PH-F140D30R 3-Pack,389.93,48,140,Black,"250,1800",71.76,32.1,true
fan,Cooler Master, MOBIUS 120P ARGB,90.91,34,120,Black,,75.2,30,true
fan,be quiet!, Silent Wings 4,103.56,32,140,Black,1100,51.3,13.6,true
fan,Phanteks, M25-140 PWM,47.62,59,140,Black,"500,1800",104.62,36.57,true
fan,NZXT, F140 RGB,116.95,44,140,Black,"500,1800","24.85,89.48","20,32.5",true
fan,Corsair, iCUE ML RGB ELITE Premium 3-Pack,256.73,32,120,Black,"450,2000","14.86,58.1","10,30.4",true
fan,Thermalright, TL-M12-S,34.19,50,120,Black,1500,47.6,23.2,true
fan,be quiet!, Pure Wings 3,51.56,47,140,Black,1800,72.2,30.5,true
fan,Noctua, R8 redux-1800 PWM,56.11,42,80,Black / Gray,"325,1800",31.37,17.1,true
fan,Corsair, LL120,151.61,57,120,White,2200,63,36,true
fan,Lian Li, UNI FAN AL140 V2,134.28,34,140,Black,"250,1600",81.3,26.8,true
fan,Lian Li, UNI FAN TL 120 3-Pack,441.92,59,120,White,"200,2600",90.1,33,false
fan,Thermalright, TL-C12B-S V3,31.15,51,120,Black,1500,66.17,25.6,true
fan,NZXT, AER RGB 2,194.94,10,140,Black,"500,1500","30.39,91.19","22,33",true
fan,Asus, ROG STRIX XF,108.24,12,120,Black,1800,62.5,22.5,true
fan,NZXT, F140Q,116.9,4,140,Black,"500,1200","42.92,101","18,23",true
fan,Asus, TUF GAMING TF120 ARGB White 3in1 3-Pack,216.61,11,120,White,"250,1900",76,29,true
fan,be quiet!, Light Wings PWM high-speed,103.69,36,120,Black,2500,52.3,31,true
fan,Thermalright, TL-C12 D6,26.82,5,120,Gray,1500,66.17,25.6,true
fan,Thermaltake, CT120 2-Pack,95.28,37,120,Black,"500,2000",57.05,25.8,true
fan,ARCTIC, P14,47.62,48,140,Black,1700,72.8,22.5,false
fan,Phanteks, M25-140 PWM D-RGB,77.91,55,140,Black,"500,1800",104.62,36.57,true
fan,Lian Li, UNI FAN P28,86.18,56,120,Black,"200,2600","44.94,92","20.4,32.1",true
fan,Thermaltake, CT140 ARGB Sync 2-Pack,194.9,50,140,Black,"500,1500",77.37,30.5,true
fan,Corsair, iCUE SP RGB ELITE,108.28,0,120,White,"400,1500",47.73,28,true
fan,ARCTIC, P12 PST,64.95,45,120,Black / Translucent Black,"200,1800",56.3,,true
fan,be quiet!, Light Wings 3-Pack,237.88,20,120,White,2500,52.3,31,true
fan,NZXT, Aer F,38.74,35,140,Black,,"34.48,103.43","21,35",true
fan,ARCTIC, F12 PST,43.29,10,120,Black,"230,1350",53,22.5,true
fan,Phanteks, M25-120 PWM D-RGB 3-Pack,129.95,22,120,White,"500,2000",84.26,35.7,true
fan,Corsair, iCUE AF140 RGB ELITE 2-Pack,303.22,51,140,White,"500,1700","19.5,89","5,33.8",true
fan,Cooler Master, MasterFan MF Halo,95.28,55,120,Black,"650,1800",47.2,"6,30",true
fan,Corsair, iCUE QL120,129.95,27,120,Black,"525,1500",41.8,26,true
fan,ARCTIC, P PST,73.57,42,140,White,"200,1900",68.9,22.5,true
fan,ARCTIC, F12 PST 5-Pack,127.0,49,120,Black,"230,1350",53,22.5,true
fan,be quiet!, Pure Wings 3,38.56,13,120,Black,1600,49.9,25.5,true
fan,Noctua, A14 industrialPPC-2000 IP67 PWM,138.44,20,140,Brown / Black,"500,2000",107.41,31.5,true
fan,Lian Li, UNI FAN AL140 V2,103.95,14,140,White,"250,1600",81.3,26.8,true
fan,Noctua, F12 industrialPPC-2000 PWM,121.11,47,120,Brown / Black,"450,2000",71.69,29.7,true
fan,Thermaltake, TOUGHFAN 2-Pack,175.83,48,140,Black,"500,2000",119.1,"25.2,33.2",true
fan,Thermaltake, CT140 2-Pack,129.95,58,140,Black,"500,1500",77.37,,true
fan,Thermalright, TL-C12C,28.55,57,120,Black,1550,66.17,25.6,true
fan,Corsair, iCUE AF120 RGB SLIM,129.95,17,120,White,"600,2000","13.4,56.3",27.5,true
fan,NZXT, F140Q,116.9,39,140,White,"500,1200","42.92,101","18,23",true
fan,Cooler Master, MasterFan MF Halo 3-Pack,312.84,36,120,White,"650,1800",47.2,"6,30",true
fan,Lian Li, Uni Fan SL 2-Pack,361.07,35,140,White,"500,1500",70.5,30,true
fan,Fractal Design, Aspect 12 RGB PWM 3-Pack,212.27,14,120,Black,"500,2000","13,56","10,33.2",true
fan,NZXT, F140 RGB DUO 2-Pack,316.31,49,140,Black,"500,1800",84.75,36,true
fan,Noctua, A8 PWM chromax.black.swap,175.23,44,80,Black / Multicolor,"450,2200",32.67,17.7,true
fan,Noctua, A9 PWM chromax.black.swap,119.94,28,92,Black / Multicolor,"400,2000",46.44,22.8,true
fan,Thermalright, TL-M12,34.62,11,120,Black,1500,47.6,23.2,true
fan,ID-COOLING, ZF,73.57,44,120,Pink / White,"900,2000",,"16.3,33.5",true
fan,Thermaltake, TOUGHFAN 2-Pack,129.95,58,120,Black,"500,2000",58.35,22.3,true
fan,MSI, MPG F120 ARGB-2B 2-Pack,155.99,54,120,Black,"600,1200",50.79,25.7,true
fan,Lian Li, Uni Fan SL 2-Pack,489.63,33,140,Black,"500,1500",70.5,30,true
fan,Deepcool, CF120 Plus 3-Pack,151.61,43,120,Black / White,"500,1800",52.5,28.8,true
fan,Corsair, iCUE SP140 RGB ELITE,129.95,11,140,Black / White,"450,1200",,,true
fan,ARCTIC, P14 PST CO,60.23,34,140,Black,"200,1700",72.8,22.5,true
fan,Corsair, iCUE LINK RX140 2-Pack,346.55,27,140,Black / White,1700,"18.1,95.7","10,36",false
fan,be quiet!, Silent Wings 4,77.52,36,120,Black,1600,48.7,18.9,true
fan,be quiet!, Light Wings PWM high-speed,107.89,31,140,Black,2200,71.7,31,true
fan,Noctua, A14 industrialPPC-2000 PWM,129.77,21,140,Brown / Black,"500,2000",107.41,31.5,true
fan,be quiet!, Pure Wings 2,34.23,8,120,Black,2000,65.51,36.9,true
fan,ARCTIC, P12 PST CO,49.7,6,120,Black,"200,1800",56.3,,true
fan,Noctua, S12A PWM,95.11,1,120,Brown,"300,1200",,"10.7,17.8",true
fan,Thermaltake, CT140 ARGB Sync 2-Pack,194.9,12,140,White,"500,1500",77.37,30.5,true
fan,Montech, AX,64.56,54,140,Black,"600,1600",90.5,27.9,true
fan,Thermaltake, CT120 ARGB Sync 2-Pack,129.95,17,120,White,"500,2000",57.05,25.8,true
fan,Noctua, A15 PWM,103.73,56,140,Brown,"900,1200",,"13.8,19.2",true
fan,Thermalright, TL-B12 EXTREM,47.32,10,120,Black / Red,3150,112,40.5,true
fan,Cooler Master, SickleFlow,60.58,42,120,Black,"650,1800",62,"8,27",true
fan,Lian Li, ST120 3-Pack,194.08,58,120,Black,"800,1900",69.17,32,true
fan,ARCTIC, P14 Slim PWM PST,56.29,38,140,Black,"150,1800",52,,true
fan,Thermalright, TL-P12W-S,32.02,48,120,White,1500,52.86,22.1,true
fan,Cooler Master, SickleFlow 120 ARGB,125.79,26,120,White,"650,1800",62,"8,27",true
fan,Corsair, AF120 SLIM,108.28,8,120,Black,"600,2000","13.4,56.3","5,25.6",true
fan,Phanteks, PH-F140D30R 3-Pack,370.43,2,140,White,"250,1800",71.76,32.1,true
fan,be quiet!, Light Wings PWM 3-Pack,237.88,20,140,Black,1500,56,23.3,true
fan,Noctua, A9 PWM,82.11,56,92,Brown,"400,2000","36.84,46.44","16.3,22.8",true
fan,Corsair, AF140 ELITE,112.57,35,140,Black,"400,1600","15.3,84.5",31,true
fan,Corsair, LL140 2-Pack,402.15,49,140,Black,"600,1300",51.5,25,true
fan,Phanteks, M25-140 PWM D-RGB 3-Pack,151.61,12,140,Black,"500,1800",104.62,36.57,true
fan,be quiet!, Silent Wings Pro 4,142.56,10,120,White,3000,83.9,36.9,true
fan,Phanteks, PH-F140D30,129.95,40,140,Black,"250,1800",71.93,29.5,true
fan,Noctua, A15 HS-PWM chromax.black.swap,125.44,2,140,Multicolor,"300,1500",82.52,24.6,true
fan,ID-COOLING, AF-125 3-Pack,108.28,17,120,White,"500,2000",78.25,29.85,true
fan,Thermaltake, SWAFAN EX14 ARGB 3-Pack,389.93,20,140,White,"500,2000","79.3,81.6","34.5,38.8",true
fan,Corsair, iCUE LINK RX140 2-Pack,316.27,9,140,Black,1700,"18.1,95.7","10,36",false
fan,Cooler Master, MasterFan MF Halo,142.9,15,140,Black / White,"650,1500",55,"6,30",true
fan,be quiet!, Pure Wings 3,51.56,12,140,Black,1200,57.4,21.9,true
fan,Fractal Design, Dynamic X2 GP-14,101.39,10,140,Black,1000,68.4,18.9,false
fan,Thermaltake, SWAFAN EX14 ARGB 3-Pack,372.59,14,140,Black,"500,2000","79.3,81.6","34.5,38.8",true
fan,Corsair, iCUE AF120 RGB SLIM 2-Pack,282.94,11,120,Black,"600,2000","13.4,56.3",27.5,true
fan,Noctua, A20 PWM,142.77,59,200,Brown,"350,800","59.33,86.46","10.7,18.1",true
fan,Noctua, F12 industrialPPC-2000 IP67 PWM,121.11,27,120,Brown / Black,"450,2000",71.69,29.7,true
fan,NZXT, F120P,90.91,5,120,White,"500,1800","21.67,78.02","17.9,30.6",true
fan,be quiet!, Shadow Wings 2,64.56,50,120,Black,1100,38.5,15.9,true
fan,Lian Li, UNI SL120,157.81,47,120,White,"800,1900",58.54,"17,31",true
fan,ARCTIC, F12 5-Pack,99.44,23,120,Black,1350,53,22.5,false
fan,be quiet!, Light Wings PWM,107.89,53,140,Black,1500,56,23.3,true
fan,EK, Loop Fan FPT 120 D-RGB,123.71,8,120,Black,"550,2300",77,36,true
fan,Phanteks, M25-120 PWM 3-Pack,129.9,51,120,Black,"500,2000",84.26,35.7,true
fan,Noctua, NF-A6x25-PWM,64.78,0,60,Brown,"550,3000","13.3,17.19","13.7,19.3",true
fan,Thermalright, TL-C14C,38.95,24,140,Black,1500,75.8,26.4,true
fan,be quiet!, Pure Wings 3 PWM High-Speed,47.23,11,120,White,2100,59.6,30.9,true
fan,Xigmatek, XAF,25.95,18,120,Black,1500,75.3,24,false
fan,Silverstone, Air Slimmer 120,148.19,54,120,Black,,"0,63.67","0,31.7",true
fan,Montech, RX,64.56,8,140,Black,"600,1600",90.5,27.9,true
fan,Lian Li, UNI FAN P28,81.85,35,120,White,"200,2600","44.94,92","20.4,32.1",true
fan,ID-COOLING, AF-ARGB-K 3-Pack,173.28,3,120,Black,"500,2000",78,29.9,true
fan,Gigabyte, AORUS 120 ARGB,86.57,17,120,Black,"800,1700","18.52,40.85","7.3,28.6",true
fan,ARCTIC, P12 Silent,35.1,43,120,Black,1050,24.1,,false
fan,Phanteks, PH-F140D30 3-Pack,389.93,45,140,Black,"250,1800",71.93,29.5,true
fan,Thermaltake, Pure Plus RGB TT Premium Edition 3-Pack,216.61,43,140,Black,"500,1400",70.32,30.4,true
fan,Asus, TUF GAMING TF120 ARGB White,69.28,28,120,White,"250,1900",76,29,true
fan,Antec, Prizm 5+C 5-Pack,216.61,34,120,Black,2000,45.03,32.6,true
fan,be quiet!, Silent Wings 4,99.23,5,140,Black,1900,78.4,29.3,true
fan,Phanteks, M25-140 PWM D-RGB 3-Pack,151.61,40,140,White,"500,1800",104.62,36.57,true
fan,be quiet!, Pure Wings 2,42.9,10,80,Black,"450,1900",26.3,19.2,true
fan,Noctua, A4x20 PWM,64.78,7,40,Brown,"1200,5000","4.89,5.53","12.2,14.9",true
fan,In Win, Sirius Loop ASL 3-Pack,129.99,42,120,Black,"500,1800",50,27,true
fan,Noctua, P12 redux-1300 PWM,64.78,13,120,Gray,"300,1300",54.32,19.8,true
fan,Corsair, AF120 ELITE,72.88,55,120,White / Gray,"400,1850","10.9,59.1",31.5,true
fan,Corsair, iCUE AF120 RGB SLIM 2-Pack,176.74,31,120,White,"600,2000","13.4,56.3",27.5,true
fan,Phanteks, PH-F140D30R,145.07,49,140,Black,"250,1800",71.76,32.1,true
fan,be quiet!, Pure Wings 2,42.9,26,140,Black,1000,61.2,18.8,false
fan,Cooler Master, MasterFan MF120 Halo²,101.09,23,120,Black,,51.88,27,true
fan,Corsair, iCUE LINK RX140 2-Pack,389.93,51,140,White,1700,"18.1,95.7","10,36",false
fan,ARCTIC, P14 5-Pack,147.28,16,140,Black,1700,72.8,22.5,false
fan,be quiet!, Pure Wings 3 PWM High-Speed,55.9,15,140,White,1800,72.2,30.5,true
fan,NZXT, F140P,116.9,9,140,Black,"500,1500","33.22,99.68","19.4,32.1",true
fan,Fractal Design, Dynamic X2 GP-12,104.77,0,120,Black,1200,52.3,19.4,false
fan,HYTE, flow FA12 3-Pack,93.16,4,120,Black / White,1500,72,28,true
fan,Noctua, S12B redux-700,60.45,2,120,Black / Gray,700,33.49,6.8,false
fan,Antec, Storm T3 3-Pack,155.94,52,120,Black,"600,2200","18.17,80.47",36.99,true
fan,Lian Li, ST120 3-Pack,170.29,40,120,White,"800,1900",69.17,32,true
fan,be quiet!, Pure Wings 2,42.9,56,120,Black,1500,51.4,19.2,false
fan,Thermalright, TL-K12,55.9,45,120,Black,2150,69,27,true
fan,Lian Li, UNI SL120,154.56,25,120,Black,"800,1900",58.54,"17,31",true
fan,GAMDIAS, AEOLUS P2 3-Pack,368.26,15,120,Black,"1000,2400",74.97,,true
fan,Phanteks, PH-F140D30R,151.57,48,140,White,"250,1800",71.76,32.1,true
fan,Phanteks, M25-120 PWM D-RGB,69.24,18,120,Black,"500,2000",84.26,35.7,true
fan,Lian Li, UNI FAN AL360 3-Pack,346.55,29,120,White,"800,1900",64.5,"17,28.3",true
fan,Fractal Design, Aspect 14 RGB PWM 3-Pack,259.94,14,140,Black,"500,1700","20,78","10,35.5",true
fan,Cooler Master, SickleFlow ARGB Reverse Edition,90.95,40,120,Black / White,"650,1800",62,"8,27",true
fan,Fractal Design, Dynamic X2 GP,174.58,33,180,Black,"300,1200","44.9,153.7","16,35.4",true
fan,be quiet!, Light Wings PWM,107.89,36,120,Black,1700,41.51,20.6,true
fan,Fractal Design, Aspect 14 RGB PWM,152.87,16,140,Black,"500,1700","20,78","10,35.5",true
fan,Lian Li, UNI FAN AL120 3-Pack,423.25,26,120,Black,"800,1900",64.5,"17,28.3",true
fan,Noctua, A9x14,82.11,40,92,Brown,"300,2200","22.42,29.72","13.5,19.89",true
fan,Phanteks, FSK 3-Pack,112.61,44,140,Black / White,"500,1500",,,true
fan,NZXT, F140 RGB DUO,146.11,14,140,Black,"500,1800",84.75,36,true
fan,be quiet!, Pure Wings 3 PWM,47.23,39,120,White,1600,,25.5,true
fan,Corsair, iCUE QL140 2-Pack,428.92,55,140,Black,1250,50.2,26,true
fan,be quiet!, Silent Wings Pro 4,146.89,25,140,White,2400,97.41,36.8,true
fan,Corsair, iCUE QL120,132.55,59,120,White / Black,"525,1500",41.8,26,true
fan,NZXT, F140 RGB DUO,145.2,5,140,White,"500,1800",84.75,36,true
fan,Thermaltake, Pure ARGB TT Premium Edition 3-Pack,173.28,47,120,Black,"500,1500",56.45,25.8,true
fan,ARCTIC, P8 Max,38.95,43,80,Black,"500,5000",40,,true
fan,GAMDIAS, AEOLUS M2 5-Pack,173.28,17,120,Black,"700,1500",56,,true
fan,ID-COOLING, AF-ARGB-K 3-Pack,173.28,23,120,White,"500,2000",78,29.9,true
fan,ARCTIC, F12,30.63,52,120,Black,1350,53,22.5,false
fan,Razer, Kunai Chroma 3-Pack,629.93,28,140,Black,"500,1600","34.48,81","15,30",true
fan,Thermalright, TL-M,37.65,19,120,White,1500,47.6,23.2,true
fan,ARCTIC, P14,64.48,53,140,Black,"200,1700",72.8,22.5,true
fan,Cooler Master, SickleFlow,95.28,52,140,Black,"650,1400",67,"10,27",true
fan,Corsair, ML120 Pro,59.84,7,120,Black / Red,"400,2400","12,75","16,37",true
fan,Corsair, iCUE QL140,216.78,17,140,Black,"550,1250",50.2,26,true
fan,Noctua, P14s redux-1200,73.44,17,140,Black / Gray,1200,64.92,19.6,false
fan,Corsair, iCUE ML120 RGB ELITE Premium 3-Pack,463.93,44,120,White / Gray,"450,2000","14.86,58.1","10,30.4",true
fan,Cooler Master, MasterFan MF140 Halo²,95.24,29,140,Black,,59.51,27,true
fan,Noctua, A4x10,60.45,37,40,Brown,"3700,4500","3.88,4.83","12.9,17.89",false
fan,EK, Loop Fan FPT 120,122.19,42,120,Black,"550,2300",77,36,true
fan,ID-COOLING, AF-125,43.29,14,120,Black,"500,2000",78.25,29.85,true
fan,be quiet!, Pure Wings 3 PWM,55.9,51,140,White,1200,57.4,21.9,true
fan,Deepcool, RF 120 3-Pack,346.55,5,120,Black / Clear,"500,1500",56.5,"17.8,27",true
fan,be quiet!, Shadow Wings 2,63.74,43,140,Black,900,49.8,14.9,true
fan,Thermalright, TL-P9,34.62,43,92,Black,2200,32.77,23.85,true
fan,Corsair, iCUE SP140 RGB Elite,129.95,16,140,White,1200,"23.07,68.11","18,26.8",true
fan,Noctua, B9 redux-1600 PWM,56.29,37,92,Black / Gray,"350,1600",37.85,17.6,true
fan,Iceberg, Thermal IceGALE Xtra 2-Pack,86.57,49,140,Black,"500,2500",169,"0,47",true
fan,Thermaltake, Pure,82.24,24,200,Black,,129.63,28.2,false
fan,Corsair, iCUE ML RGB ELITE Premium,280.17,13,140,Black,"400,1600","15,82.9","10,31.8",true
fan,Phanteks, PH-F120SK,86.57,57,120,Black / White,"500,1500",50,27,true
fan,be quiet!, Light Wings 3-Pack,281.21,50,140,White,2200,71.7,31,true
fan,Thermaltake, Pure 20 ARGB Sync Case Fan TT Premium Edition,129.95,24,200,Black,"500,1000",129.54,31.2,true
fan,Phanteks, PH-F140D30,153.73,47,140,White,"250,1800",71.93,29.5,true
fan,Cooler Master, MasterFan MF140 Halo²,99.57,26,140,White,,59.51,27,true
fan,EK, Loop Fan FPT 140 D-RGB,140.61,49,140,Black,"600,2200",118.01,44.56,true
fan,Cooler Master, MasterFan MF Halo,98.75,13,120,White,"650,1800",47.2,"6,30",true
fan,Thermaltake, CT120 2-Pack,108.28,48,120,White,"500,2000",57.05,25.8,true
fan,Thermalright, TL-P9,33.75,39,92,White,2200,32.77,23.85,true
fan,Thermaltake, Riing Plus TT 5-Pack,519.92,17,120,Black,"500,1500",48.34,24.7,true
fan,Phanteks, M25-120 PWM D-RGB,73.57,27,120,White,"500,2000",84.26,35.7,true
fan,Fractal Design, Aspect 12,86.57,25,120,Black,1200,32,18.3,false
fan,Fractal Design, Aspect 12 RGB,225.27,1,120,White,1200,32,18.3,false
fan,Thermaltake, CT140 2-Pack,137.36,17,140,White,"500,1500",77.37,,true
fan,Noctua, A14 FLX,103.69,52,140,Brown,"900,1200","52.2,68","13.8,19.2",false
fan,Scythe, Kaze Flex 120,56.11,15,120,Black,"300,1500","16.6,66.47","4,29.75",true
fan,Thermalright, TL-C14CW,47.23,28,140,White,1500,75.8,26.4,true
fan,GAMDIAS, AEOLUS M3-1204R 4-Pack,234.98,30,120,Black,"800,2000",69.01,,true
fan,Corsair, ML Elite,86.57,7,120,Black,"450,2000","14.86,58.1","10,30.4",true
fan,Antec, Storm T3 3-Pack,173.1,7,140,Black,"600,1500","44.82,112.72",33.69,true
fan,Iceberg, Thermal IceGALE Xtra 3-Pack,129.95,25,120,Black,"500,3000",127,"0,44",true
fan,Noctua, A12x25 FLX,142.77,55,120,Brown,"1350,2000","37.96,60.09","14.2,22.6",false
fan,be quiet!, Pure Wings 2,42.9,53,92,Black,"500,1900",33.15,19.6,true
fan,Phanteks, M25-120 PWM,43.29,42,120,Black,"500,2000",84.26,35.7,true
fan,ARCTIC, BioniX F120,57.2,33,120,Black / White,"200,1800",69,24.4,true
fan,Noctua, F12 industrialPPC-2000,120.93,25,120,Brown / Black,2000,71.69,29.7,false
fan,Montech, RX,68.89,29,140,White,"600,1600",90.5,27.9,true
fan,NZXT, Aer P,99.62,56,140,Black,"500,1800","27.27,98.17","21,38",true
fan,Cooler Master, MasterFan MF120 Halo²,69.28,54,120,White,,51.88,27,true
fan,Cooler Master, MOBIUS 140P ARGB,90.95,5,140,Black,,76.5,30,true
fan,Thermalright, TL-B14,50.22,58,140,White,1500,82.5,27.6,true
fan,ARCTIC, P12 PST,64.95,3,120,White / Transparent,"200,1800",56.3,,true
fan,Silverstone, FHS 120X,122.62,23,120,Black,"1000,4000",143.98,51.8,true
fan,Antec, Fusion 120 ARGB White 5-Pack,501.5,28,120,White,"600,2000",57.93,"17.02,31.24",true
fan,Thermalright, TL-C12W-S V3,31.59,14,120,White,1500,66.17,25.6,true
fan,Corsair, LL140,173.28,34,140,Black,"600,1300",51.5,25,true
fan,Corsair, AF120 SLIM,108.28,30,120,White,"600,2000","13.4,56.3","5,25.6",true
fan,Corsair, iCUE SP140 RGB Elite 2-Pack,292.39,47,140,White,1200,"23.07,68.11","18,26.8",true
fan,Thermalright, TL-8015,34.62,6,80,Gray,2200,28.4,23.3,true
fan,NZXT, AER RGB 2,186.23,23,140,White,"500,1500","17.48,52.44","22,33",true
fan,Thermaltake, SWAFAN EX12 RGB 3-Pack,476.59,45,120,White,"500,2000","56.26,57.11","30.5,32.5",false
fan,ARCTIC, F12 PST,47.62,3,120,White,"230,1350",53,22.5,true
fan,be quiet!, Silent Wings 3,200.01,40,140,Black,1000,59.5,15.5,true
fan,Noctua, P14r redux-1500 PWM,69.11,24,140,Black / Gray,"450,1500",78.69,25.8,true
fan,MSI, Torx,427.88,54,120,Black / Red,"500,1800","19.79,71.27","17.2,33.6",true
fan,Fractal Design, Dynamic X2 GP,84.62,11,120,Black,"500,2000",87.6,32.2,true
fan,Thermalright, TL-9015,30.29,6,92,Gray,2700,42.58,22.4,true
fan,Thermaltake, TOUGHFAN 14 Pro 2-Pack,216.61,9,140,Black,"500,2000","87.6,119.6","24.5,31.6",true
fan,Noctua, A14 industrialPPC-2000,129.77,27,140,Brown / Black,2000,107.42,31.5,false
fan,SeaSonic, MAGFLOW 3-Pack,489.59,4,120,Black,"600,2000",63.33,"9.9,33.78",true
fan,Phanteks, PH-F140D30 3-Pack,389.93,51,140,White,"250,1800",71.93,29.5,true
fan,MSI, MPG F120 ARGB-2W 2-Pack,112.66,32,120,White,"600,1200",50.79,25.7,true
fan,ARCTIC, BioniX P120,59.45,22,120,White / Black,"200,2100",67.56,,true
fan,Thermaltake, SWAFAN EX12 RGB 3-Pack,389.93,23,120,Black,"500,2000","56.26,57.11","30.5,32.5",false
fan,Corsair, AF140L,64.91,16,140,Black / Gray,1000,67.43,,false
fan,Noctua, R8 redux-1200,56.11,44,80,Black / Gray,1200,21.07,9.1,false
fan,EK, Loop Fan FPT 120 D-RGB,123.71,42,120,White,"550,2300",77,36,true
fan,Corsair, ML Elite,117.21,20,120,White,"450,2000","14.86,58.1","10,30.4",true
fan,Noctua, A12x15 FLX,95.11,57,120,Brown,"950,1850","27.37,55.44","10.2,23.9",false
fan,ARCTIC, P12,53.99,59,120,White,"200,1800",56.3,22.5,true
fan,Scythe, Kaze Flex140 Square,75.61,24,140,Gray / Black,"300,1800","16.8,100.8","4.19,26.45",true
fan,Fractal Design, Prisma AL 2-Pack,303.27,31,180,Black,"300,1200","43.1,146.8","14.9,37.4",true
fan,ID-COOLING, AF-127-ARGB-K,64.95,15,120,Black,"500,2000",78,29.9,true
fan,Lian Li, Uni Fan AL,433.26,37,120,Black,"800,1900",64.5,"17,28.3",true
fan,Noctua, A14 ULN,131.07,14,140,Brown,"650,800",,"9.1,11.9",false
fan,Phanteks, M25-140 PWM D-RGB,95.02,53,140,White,"500,1800",104.62,36.57,true
fan,Fractal Design, Prisma AL,136.58,33,140,White,"500,1700","31.67,103.85","15.1,34.1",true
fan,Fractal Design, Dynamic X2 GP,138.61,23,140,Black,"500,1700","47.9,105.9",33.7,true
fan,Thermalright, TL-B8,30.29,15,80,White,2200,34,24,true
fan,ARCTIC, P8 PST 5-Pack,125.61,36,80,Black,"200,3000",23.4,,true
fan,Noctua, A12x25 ULN,142.77,47,120,Brown,"900,1200","23.19,32.78","7.6,12.1",false
fan,Phanteks, PH-F120SK,68.81,17,120,Black,"500,1500",50,27,true
fan,Thermaltake, SWAFAN EX14 RGB 3-Pack,519.92,44,140,White,"500,2000","79.3,81.6","34.5,38.8",false
fan,Deepcool, MF GT 3-Pack,216.61,16,120,Black,"500,1800",60.6,35,true
fan,Thermaltake, TOUGHFAN 12 Pro 2-Pack,194.94,43,120,Black,"500,2000","49.13,70.8","18.3,22.6",true
fan,Enermax, HF120 3-Pack,112.61,13,120,Black,"500,1600","22.5,72.1","14,27",true
fan,Silverstone, Air Slimmer 120 ARGB,102.0,51,120,Black,,"0,63.67","0,31.7",true
fan,Noctua, P14s redux-900,73.44,59,140,Black / Gray,900,49.26,13.2,false
fan,Noctua, P12 redux-1300,64.78,8,120,Gray,1300,54.32,19.8,false
fan,Enermax, T.B. RGB 6-Pack,355.57,14,120,Black,"500,1500",47.53,22,true
fan,Cooler Master, MOBIUS 120,38.91,25,120,Black,,63.1,22.6,true
fan,be quiet!, Pure Wings 2,42.9,56,80,Black,"750,1900",26.3,18.2,false
fan,EK, Quantum Impulse D-RGB,174.19,10,120,White,"400,1800",57.5,24.3,true
fan,EK, Loop Fan FPT 140 D-RGB,140.61,22,140,White,"600,2200",118.01,44.56,true
fan,Corsair, iCUE QL140 2-Pack,434.99,3,140,White / Black,"550,1250",50.2,26,true
fan,Thermaltake, Riing,41.12,5,120,Black / Blue,"1000,1500",40.6,"18.7,24.6",false
fan,Corsair, ML140 PRO,290.83,44,140,Black / White,"400,1200",55.4,20.4,true
fan,Enermax, SquA RGB 3-Pack,121.24,11,120,White,"300,1500","24.53,68.27","12,23",true
fan,Montech, AX,77.52,29,140,White,"600,1600",90.5,27.9,true
fan,Corsair, ML Elite,69.24,24,120,Black,"450,2000","14.86,58.1","10,30.4",true
fan,Corsair, ML Elite,108.24,38,120,White,"450,2000","14.86,58.1","10,30.4",true
fan,Corsair, iCUE ML RGB ELITE Premium,188.88,51,140,White,"400,1600","15,82.9","10,31.8",true
fan,Thermaltake, Riing Quad 12 RGB Radiator TT Premium Edition 3-Pack,333.64,23,120,Black,"500,1500",40.9,25,true
fan,Antec, Fusion 120 ARGB,66.51,30,120,Black,"600,2000",57.93,"17.02,31.24",true
fan,ID-COOLING, NO-12015-XT ARGB SNOW,64.95,26,120,White,"500,2000",54.6,"13.8,31.2",true
fan,Thermalright, TL-P9,47.23,56,92,Black,2200,32.77,23.85,true
fan,Noctua, R8 PWM,64.95,44,80,Brown,"300,1800","23.19,31.37","10.19,17.1",false
fan,Noctua, A4x10 PWM,64.78,1,40,Brown,"1000,5000","3.88,5.24","12.9,19.6",true
fan,Fractal Design, Aspect 14 RGB,106.25,46,140,White,1000,41,19.5,false
fan,ARCTIC, P8 PST,86.57,14,80,,"200,3000",23.4,,true
fan,Super Flower, MEGACOOL 3-Pack,242.6,9,120,Black / Purple,"2000,3300","90.04,151.87","35.73,48.39",true
fan,Thermalright, TL-B14,50.22,10,140,Gray,1500,82.5,27.6,true
fan,Corsair, RS120 MAX 3-Pack,411.59,46,120,Black,2000,"16.5,72",29.5,true
fan,ARCTIC, BioniX P140,95.28,41,140,Black / Gray,"200,1950",77.6,,true
fan,Iceberg, Thermal IceGALE ARGB 3-Pack,151.61,50,120,Black / Teal,"500,2200",94,"0,38",true
fan,Iceberg, Thermal IceGALE Xtra 2-Pack,86.57,15,140,Gray,"500,2500",169,"0,47",true
fan,Corsair, iCUE ML120 RGB ELITE Premium,126.48,1,120,White / Gray,"450,2000","14.86,58.1","10,30.4",true
fan,be quiet!, Shadow Wings 2,64.56,15,120,Black,1100,38.5,15.7,false
fan,Cooler Master, MasterFan MF200R ARGB,173.28,57,200,Black / Gray,800,90.3,28,false
fan,be quiet!, Silent Wings 3,103.56,27,140,Black,1600,77.57,28.1,false
fan,Corsair, AF140 ELITE,86.57,43,140,White / Gray,"400,1600","15.3,84.5",31,true
fan,EK, Loop Fan FPT 140,126.91,13,140,Black,"600,2200",118.01,44.56,true
fan,GAMDIAS, AEOLUS P2,108.28,29,120,Black,"1000,2400",74.97,,true
fan,be quiet!, Pure Wings 2,80.68,32,140,Black,"500,1600",,37.3,true
fan,Cooler Master, MOBIUS 120P ARGB,128.17,7,120,White,,75.2,30,true
fan,be quiet!, Silent Wings 4,77.52,1,140,Black,1100,51.3,13.6,false
fan,Scythe, Wonder Tornado,56.29,19,120,Black,"350,2000","7.68,60.29","3,26.88",true
fan,Cooler Master, MasterFan MF Prismatic 3-Pack,342.87,41,120,Black / White,"650,2000",55,"8,27",true
fan,Thermaltake, Pure,44.02,21,120,Black,,40.99,19.5,false
fan,ARCTIC, F9,38.69,22,92,White / Black,1800,43,,false
fan,ARCTIC, F12 PST 3-Pack,125.83,34,120,Black,"230,1350",53,22.5,true
fan,ID-COOLING, AF-127-ARGB-W,64.95,54,120,White,"500,2000",78,29.9,true
fan,Fractal Design, Prisma AL,123.01,1,120,White,"500,2000","20.68,85.71",,true
fan,Corsair, iCUE ML RGB ELITE Premium 2-Pack,259.89,24,140,White,"400,1600","15,82.9","10,31.8",true
fan,Lian Li, Uni Fan AL,129.95,13,120,White,"800,1900",64.5,"17,28.3",true
fan,ADATA, XPG VENTO PRO,77.95,16,120,Gray / Black,"450,2150",75,"10,28",true
fan,Cooler Master, Mobius OC,144.72,23,120,Blue / Black,,"40.2,88.1","17.4,39.3",true
fan,Thermaltake, SWAFAN EX14 ARGB 3-Pack,372.59,18,140,Blue / White,"500,2000","79.3,81.6","34.5,38.8",true
fan,ARCTIC, F14 Silent,38.91,3,140,White / Black,"220,800",46,27.2,false
fan,Thermalright, TL-P9,29.9,49,92,White,2200,32.77,23.85,true
fan,Iceberg, Thermal IceGALE ARGB 2-Pack,129.95,22,140,Black / Teal,"500,1600",96,"0,36",true
fan,ARCTIC, BioniX P120,63.0,18,120,Red / Black,"200,2100",67.56,,true
fan,Noctua, A8 FLX,73.44,58,80,Brown,"1200,2000","17,29.67","7.9,16.1",false
fan,GAMDIAS, AEOLUS M2 4-Pack,259.94,18,120,Black,"700,1500",56,,true
fan,Noctua, S12A FLX,95.11,10,120,Brown,"700,1200",,"7.4,17.8",false
fan,ARCTIC, BioniX P140,72.4,42,140,Black / Red,"200,1950",77.6,,true
fan,ARCTIC, P12 PST RGB 0dB,64.95,33,120,Black,,48.8,,true
fan,Iceberg, Thermal IceGALE 2-Pack,77.91,38,140,Black,"500,1600",96,"0,36",true
fan,ARCTIC, BioniX P140,66.81,50,140,Black / White,"200,1950",77.6,,true
fan,Deepcool, RF 120,129.95,7,120,Black / White,"500,1500",56.5,"17.8,27",true
fan,Cooler Master, MasterFan MF120R 3-Pack,303.22,27,120,Black,"650,2000",59,31,true
fan,be quiet!, Pure Wings 3,51.56,6,140,Black,1200,57.4,21.9,false
fan,Noctua, S12B redux-1200,64.78,15,120,Black / Gray,1200,59.1,18.1,false
fan,Fractal Design, Aspect 12 RGB 3-Pack,290.83,6,120,Black,1200,32,18.3,false
fan,Corsair, iCUE QL140,173.28,7,140,White / Black,"550,1250",50.2,26,true
fan,Corsair, SP120 High Performance,346.64,38,120,Black,2350,62.74,35,false
fan,Deepcool, CF 3-Pack,389.93,22,120,,"500,1500",56.5,"17.8,27",true
fan,be quiet!, Light Wings 3-Pack,237.88,13,120,White,1700,41.51,20.6,true
fan,Noctua, P12 PWM,121.11,53,120,Brown,"900,1300",,"12.6,19.8",true
fan,Corsair, ML140 Pro,266.0,35,140,Black,"400,2000","20,97","16,37",true
fan,Corsair, ML140 Pro,138.22,36,140,Black / Red,"400,2000","20,97","16,37",true
fan,Iceberg, Thermal IceGALE Silent 3-Pack,73.66,13,120,Black / Blue,1100,30,12.3,false
fan,Noctua, A20 FLX,142.77,52,200,Brown,"550,800","59.33,86.46","10.7,18.1",false
fan,Noctua, S12A ULN,95.11,59,120,Brown,"600,800",,"6.7,8.6",false
fan,Noctua, P12 redux-900,64.78,11,120,Gray,900,37.31,12.6,false
fan,Thermaltake, Riing Trio 20 RGB TT Premium Edition,368.22,58,200,Black,"500,1000",123.53,28,true
fan,ARCTIC, BioniX P120 A-RGB,109.1,23,120,Black,"400,2300",48,30,true
fan,ARCTIC, F PST,73.57,7,140,Black,"200,1350",74,,true
fan,Scythe, Kaze Flex II,69.11,53,120,Black,"300,2000","16.9,90.28","4,36.2",true
fan,Thermaltake, Riing Trio 14 RGB TT Premium Edition 3-Pack,575.25,45,140,Black,"500,1400",60.68,26.5,true
fan,Thermaltake, SWAFAN EX14 RGB 3-Pack,519.92,45,140,Black,"500,2000","79.3,81.6","34.5,38.8",false
fan,Fractal Design, Prisma AL,129.9,6,120,White / Black,"500,2000","20.68,85.71","14.8,32.7",true
fan,be quiet!, Light Wings 3-Pack,281.21,28,140,White,1500,56,23.3,true
fan,In Win, Neptune AN120 3-Pack,114.74,32,120,Black / White,"900,2200","23.87,60.1",20.5,true
fan,be quiet!, Silent Wings 4,107.89,29,120,White,2500,76.7,31.2,true
fan,Razer, Kunai Chroma,249.71,39,140,Black,"500,1600","34.48,81","15,30",true
fan,Fractal Design, Silent R3,56.24,49,120,Black / White,1200,46.5,20.5,false
fan,Cooler Master, MasterFan SF120M ARGB,103.08,53,120,Black,"650,2000","35,62","5.5,22",true
fan,Noctua, NF-A6x25 FLX,60.62,28,60,Brown,"1600,3000","9.82,17.18","8.19,19.3",false
fan,RAIJINTEK, IRIS 12 RBW ADD-2 2-Pack,73.62,10,120,White / Black,"400,1800",35.8,28,true
fan,ID-COOLING, TF-9215 ARGB,56.29,31,92,Black / White,"800,2500",44.3,"14,33.4",true
fan,be quiet!, Pure Wings 2,42.9,12,92,Black,"900,1900",33.15,18.6,false
fan,Cooler Master, SickleFlow,77.91,41,120,Black,"650,1800",62,"8,27",true
fan,ADATA, Vento,43.29,44,120,Black / White,1200,45.3,23,false
fan,Scythe, Kaze Flex II Slim,73.44,17,120,Black,"300,1800","8.16,48","2.58,27.8",true
fan,Thermalright, TL-B14W EXTREM,188.79,53,140,White,2000,110.4,31.4,true
fan,ID-COOLING, NO-12015-XT ARGB,56.29,42,120,Gray / Black,"500,2000",54.6,"13.8,31.2",true
fan,Enermax, SquA RGB 3-Pack,125.57,12,120,Black,"300,1500","24.53,68.27","12,23",true
fan,ARCTIC, F PST CO,73.18,37,140,Black,"200,1350",74,,true
fan,Scythe, Wonder Snail 120,73.44,42,120,Black,"300,2400","7.68,77.23","3,29.3",true
fan,be quiet!, Silent Wings 4,107.89,20,120,White,1600,48.7,18.9,true
fan,be quiet!, Shadow Wings 2,73.18,48,120,White / Black,900,38.5,15.9,true
fan,Thermaltake, SWAFAN 14 3-Pack,584.87,12,140,Black,"500,2000","71.3,77.6","34.5,10.5",false
fan,Thermaltake, SWAFAN EX12 ARGB 3-Pack,324.89,21,120,Blue / White,"500,2000","56.26,57.11","30.6,32.5",true
fan,Thermaltake, Riing Plus TT Premium Edition,251.14,33,200,Black,"500,1000",117.96,29.2,true
fan,Thermalright, TL-K12,73.18,0,120,White,2150,69,27,true
fan,be quiet!, Silent Wings 4,112.22,46,140,White,1100,51.3,13.6,true
fan,NZXT, Air Flow,56.29,25,120,Clear,1200,59.1,26.8,false
fan,Thermaltake, TOUGHFAN Turbo,86.57,36,120,Black,"500,2500",72.69,28.1,true
fan,Thermaltake, CT120 EX ARGB Sync 3-Pack,281.56,1,120,Black,"500,2000",68,28.5,true
fan,Corsair, RS140 MAX 2-Pack,368.22,2,140,Black,1600,"27.5,104",31,true
fan,Razer, Kunai Chroma,398.81,37,120,Black,"500,2200","17.48,65.5","15,35",true
fan,Fractal Design, Prisma AL,186.67,54,180,White,"300,1200","43.1,146.8","14.9,37.4",true
fan,be quiet!, Pure Wings 3,42.9,52,120,Black,1600,49.9,25.5,false
fan,Iceberg, Thermal IceGALE Xtra 3-Pack,129.95,56,120,Gray,"500,3000",127,"0,44",true
fan,Thermaltake, Riing,71.67,6,120,Black / White,"1000,1500",40.6,"18.7,24.6",false
fan,Thermaltake, TOUGHFAN,110.14,44,140,Black,"500,2000",119.1,"25.2,33.2",true
fan,Scythe, Kaze Flex Slim,84.41,35,120,Black / White,"300,1800","8.28,50.79","2.7,30",true
fan,Scythe, Wonder Snail,73.44,51,120,White,"300,2400","7.68,77.23","3,29.3",true
fan,Aerocool, Shark,38.91,51,120,White,"800,1500","32.5,82.6","12.6,26.5",false
fan,Corsair, RS120 MAX,151.61,53,120,Black,2000,"16.5,72",29.5,true
fan,ADATA, XPG HURRICANE,82.28,42,120,Black / White,"600,2000",61.5,18.17,true
fan,In Win, Neptune AN140 3-Pack,128.34,10,140,Black / White,"900,1800","41.67,88.89",24.5,true
fan,Super Flower, MEGACOOL 3-Pack,303.27,26,140,Black / Purple,"1800,2700","110.33,175.03","39.24,50.59",true
fan,Scythe, Grand Tornado,86.57,11,120,Black,"400,3000","12.23,97.82","9.3,36.63",true
fan,be quiet!, Silent Wings 3,111.66,40,120,Black,2200,73.33,28.6,false
fan,Iceberg, Thermal IceGALE Lightning ARGB 3-Pack,129.95,50,120,Black,"200,2200",76.74,28.9,true
fan,Thermaltake, TOUGHFAN,86.57,51,140,White,"500,2000",119.1,"25.2,33.2",true
fan,Cougar, Vortex,86.57,31,120,Orange,1200,60.4,17.7,false
fan,Thermaltake, TOUGHFAN,86.57,50,120,White,"500,2000",58.35,22.3,true
fan,In Win, Luna AL120 3-Pack,119.89,37,120,Black / White,"600,1800",82.96,25,true
fan,Thermalright, TL-B9,116.43,15,92,Gray,2500,54,23,true
fan,Thermaltake, Pure,64.95,31,200,Clear,800,129.63,28.2,false
fan,Corsair, ML140 LED ELITE Blue Premium,60.58,46,140,White,"400,1600","15,82.9","10,31.8",true
fan,Thermaltake, TOUGHFAN,86.57,59,120,Black,"500,2000",58.35,22.3,true
fan,Thermaltake, Riing Trio 12 RGB TT Premium Edition 3-Pack,259.94,37,120,Black,"500,1500",41.13,25.2,true
fan,Alphacool, Apex Stealth Metal,129.95,53,120,White / Black,"400,3000",70.98,40.1,true
fan,Scythe, Kaze Flex,80.68,14,120,Black,1800,79.76,35.8,false
fan,Corsair, ML Elite,108.24,20,120,White,"450,2000","14.86,58.1","10,30.4",true
fan,Corsair, ML140 Pro,266.48,13,140,Black / White,"400,2000","20,97","16,37",true
fan,Fractal Design, Aspect 14 RGB 3-Pack,187.75,30,140,Black,1000,41,19.5,false
fan,Corsair, ML120 Pro,163.61,6,120,Black / Blue,"400,2400","12,75","16,37",true
fan,GAMDIAS, AEOLUS M2-1203 LITE 3-Pack,121.28,26,120,Black,1200,46.7,,false
fan,Cooler Master, R4-SPS-20AK-GP,43.29,42,80,Black,2000,24.2,20,false
fan,Antec, Prizm 3+2+C 3-Pack,420.26,52,120,Black,2000,45.03,32.6,true
fan,Iceberg, Thermal IceGALE ARGB 3-Pack,151.61,16,120,Teal / White,"500,2200",94,"0,38",true
fan,Silverstone, Air Slimmer,79.64,4,92,Black,"500,2500","5.38,45.73","11.3,32",true
fan,Scythe, Kaze Flex RGB,69.28,42,120,Black / White,"300,1200","16.6,51.17","4,24.9",true
fan,be quiet!, Shadow Wings 2,76.22,11,140,White / Black,900,"49.8,85",14.9,true
fan,Thermaltake, Riing Quad 14 RGB Radiator TT Premium Edition 3-Pack,563.25,3,140,Black,"500,1400",60.17,26.1,true
fan,Iceberg, Thermal IceGALE ARGB,58.5,23,120,Teal / White,"500,2200",94,"0,38",true
fan,NZXT, FX,51.78,15,140,Black / White,"800,2000","54,98.3","21,37",true
fan,Noctua, R8 redux-1800,56.11,14,80,Black / Gray,1800,31.37,17.1,false
fan,Cooler Master, MasterFan MF Prismatic,134.41,32,120,Black / White,"650,2000",55,"8,27",true
fan,Thermaltake, Riing Quad 14 RGB Radiator TT Premium Edition 3-Pack,375.67,4,140,White,"500,1400",60.17,26.1,true
fan,ARCTIC, F14,47.4,34,140,White / Black,1300,77.3,,false
fan,Iceberg, Thermal IceGALE 2-Pack,77.91,31,140,Gray,"500,1600",96,"0,36",true
fan,be quiet!, Silent Wings 4,112.22,18,140,White,1900,78.4,29.3,true
fan,Scythe, Grand Tornado,86.57,52,120,Black,"400,2000","12.23,63.25","9.3,23.37",true
fan,ARCTIC, P8 PST CO,35.4,47,80,Black,"200,3000",23.4,,true
fan,Iceberg, Thermal IceGALE 3-Pack,90.99,4,120,Black,"500,1850",76,"0,35",true
fan,ADATA, Vento,38.95,16,120,Black,1200,45.3,23,false
fan,Cooler Master, MasterFan Pro Air Pressure,86.57,48,140,Black,"650,1550",46.2,"6,20",true
fan,Thermaltake, Pure Duo 2-Pack,177.57,58,140,Black,"500,1500",,33.5,true
fan,Iceberg, Thermal IceGALE Xtra,43.33,29,140,Gray / White,"500,2500",169,"0,47",true
fan,Alphacool, Apex Stealth Metal,129.95,20,120,Gold / Black,"400,3000",70.98,40.1,true
fan,Thermaltake, Riing,56.29,34,120,Black / Green,"1000,1500",40.6,"18.7,24.6",false
fan,Cooler Master, SickleFlow,56.24,19,80,Black,,,,true
fan,Thermaltake, Pure Duo 2-Pack,129.95,22,120,Black,"500,1500",,28,true
fan,Corsair, ML140 Pro,174.88,46,140,Black / Blue,"400,2000","20,97","16,37",true
fan,Scythe, Kaze Flex Slim,60.45,39,92,Black,"300,2500","4.96,41.3","1.8,23.2",true
fan,Corsair, ML140 LED ELITE Blue Premium,121.24,3,140,Black,"400,1600","15,82.9","10,31.8",true
fan,ARCTIC, P14 PST,56.29,23,140,White / Translucent White,"200,1700",72.8,22.5,true
fan,Thermaltake, Pure A12,97.62,11,120,Black,"500,1500",,,true
fan,Fractal Design, Prisma AL,121.32,16,140,White / Black,1000,63.33,19.4,false
fan,Iceberg, Thermal IceGALE,29.68,43,80,Teal / White,"800,2000",29,"0,26",true
fan,Aerocool, X-Blaster,39.26,20,80,Translucent Black,4000,52.8,45.6,false
fan,Cooler Master, SickleFlow,86.57,2,120,Clear,2000,69,19,false
fan,Iceberg, Thermal IceGALE Xtra,58.5,45,120,Black / White,"500,3000",127,"0,44",true
fan,Iceberg, Thermal IceGALE ARGB,58.5,14,120,Black / Teal,"500,2200",94,"0,38",true
fan,Thermaltake, Riing Plus TT 3-Pack,277.27,51,120,Black,"500,1500",48.34,24.7,true
fan,Fractal Design, Dynamic X2 GP,108.76,13,120,Black / White,"500,2000",87.6,32.2,true
fan,Cooler Master, Silencio FP,64.95,7,120,Black,2400,38,11,true
fan,Thermaltake, TOUGHFAN 14 3-Pack,441.92,48,140,Black,"500,2000",,30.7,false
fan,be quiet!, Shadow Wings 2,81.85,34,140,White / Black,1100,"49.8,85",14.7,false
fan,Thermalright, TL-9015,33.32,22,92,White,2700,42.58,22.4,true
fan,Fractal Design, Prisma AL 3-Pack,392.01,6,120,White / Black,"500,2000","20.68,85.71",,true
fan,Alphacool, Apex Stealth Metal,170.68,27,120,Black,"400,3000",70.98,40.1,true
fan,Cooler Master, JetFlo,129.95,8,120,Black,"1200,2000",95,36,true
fan,Super Flower, MEGACOOL,103.95,36,120,Black / Purple,"2000,3300","90.04,151.87","35.73,48.39",true
fan,ARCTIC, P12,47.62,22,120,Black / Transparent,"200,1800",56.3,22.5,true
fan,Iceberg, Thermal IceGALE Xtra,43.33,2,140,Black / White,"500,2500",169,"0,47",true
fan,Thermaltake, TOUGHFAN 12 Pro,108.28,44,120,Black,"500,2000","49.13,70.8","18.3,22.6",true
fan,Phanteks, F200SP,129.95,33,200,Black,850,110.1,25,false
fan,Corsair, RS140 MAX,173.28,40,140,Black,1600,"27.5,104",31,true
fan,Thermaltake, Pure A14,64.95,45,140,Black,"500,1500",,32,true
fan,ARCTIC, P14,71.67,30,140,White / Translucent White,"200,1700",72.8,22.5,true
fan,Prolimatech, Ultra Sleek Vortex,84.54,16,120,Black,"400,1300",55.7,"7,17",true
fan,In Win, Mercury AM120S,73.05,46,120,Black / White,"400,2000",60.71,"17,29",true
fan,Alphacool, Apex Stealth Metal,129.95,7,120,Silver / Black,"400,3000",70.98,40.1,true
fan,Bitspower, Notos 3-Pack,303.22,25,120,Black / White,"800,1800",,"25,28",true
fan,Thermaltake, SWAFAN 12 3-Pack,307.9,30,120,Black,"500,2000","53.02,54.85","30.5,36.5",false
fan,Corsair, ML140 LED ELITE Red Premium,77.91,52,140,Black,"400,1600","15,82.9","10,31.8",true
fan,Thermaltake, SWAFAN GT12,129.95,43,120,Black,"500,2000","54.71,58.17","26.5,29.8",true
fan,Alphacool, Apex Stealth Metal,129.95,59,120,Black,"400,2000",47,24.6,true
fan,be quiet!, Silent Wings 4,99.23,58,120,Black,1600,48.7,18.9,false
fan,In Win, Mercury AM120S 3-Pack,158.5,31,120,Black / White,"400,2000",60.71,"17,29",true
fan,Antec, True Quiet,82.24,27,120,Blue,"600,1000","21.5,35.79","8.9,19.89",false
fan,Silverstone, Shark Force,134.24,37,140,Black,,"0,120","0,38.3",true
fan,Silverstone, Air Penetrator,251.27,43,180,White,"500,2000","60,170","17,34",false
fan,Silverstone, Air Penetrator,200.05,21,180,Black,"700,1200","80,130","18,34",false
fan,ARCTIC, F12 PST,45.24,44,120,Black / White,1350,53,,true
fan,Thermaltake, Riing,64.95,50,140,Black / Red,"1000,1400",51.15,"22.1,28.1",false
fan,Thermaltake, TOUGHFAN 12 3-Pack,390.79,1,120,Black,"500,2000",53.75,21.2,false
fan,Thermaltake, Pure A12,82.24,29,120,Black,"500,1500",,,true
fan,ID-COOLING, NO-12015-XT,94.68,31,120,Black,"500,2000",54.6,"13.8,31.2",true
fan,ARCTIC, F8,111.66,31,80,White / Black,"850,2000",31,,true
fan,Thermaltake, Pure Duo 2-Pack,177.57,1,140,White,"500,1500",,33.5,true
fan,Iceberg, Thermal IceGALE 3-Pack,90.99,3,120,Gray,"500,1850",76,"0,35",true
fan,Corsair, AF140 (2018),79.6,0,140,Black / White,1150,62,26,false
fan,Iceberg, Thermal IceGALE Xtra,58.5,30,120,Gray / White,"500,3000",127,"0,44",true
fan,Iceberg, Thermal IceGALE ARGB,65.0,28,140,Black / Teal,"500,1600",96,"0,36",true
fan,Noctua, B9 redux-1600,60.45,7,92,Black / Gray,"350,1600",37.85,17.6,false
fan,Thermaltake, Pure Plus RGB TT Premium Edition 3-Pack,324.11,52,120,Black,"500,1500",56.45,25.8,true
fan,Thermaltake, Riing Plus TT 3-Pack,403.14,28,140,Black,"500,1400",63.19,27.2,true
fan,Scythe, Kaze Flex II Slim,73.44,3,120,Black,"300,1500","8.16,39.44","2.58,23.8",true
fan,Enermax, SquA RGB,43.33,12,120,Black,"300,1500","24.53,68.27","12,23",true
fan,Fractal Design, Silent R3,71.8,22,50,Black / White,3500,6.8,19,false
fan,Aerocool, DS,43.29,34,120,Black / Red,"1100,1500","62.5,81.5","14.8,23.1",false
fan,Thermaltake, TOUGHFAN,86.57,22,120,Green,"500,2000",58.35,22.3,true
fan,Thermaltake, TOUGHFAN 14 Pro,151.57,24,140,Black,"500,2000","87.6,119.6","24.5,31.6",true
fan,ADATA, XPG HURRICANE,86.62,42,140,Black,"700,1800",91,28.1,true
fan,Noctua, A9 FLX,82.11,52,92,Brown,"1050,1600","25.25,38.02","8.4,17.1",false
fan,EK, Quantum Impulse D-RGB,140.17,19,120,Black / White,"400,1800",57.5,24.3,true
fan,Iceberg, Thermal IceGALE Xtra 2-Pack,86.57,57,140,Teal,"500,2500",169,"0,47",true
fan,GAMDIAS, AEOLUS P2 3-Pack,433.26,6,120,Black,"1000,2400",74.97,,true
fan,Silverstone, FN,34.62,24,120,Black,1200,58.47,25.15,false
fan,Super Flower, MEGACOOL,125.61,20,140,Black / Purple,"1800,2700","110.33,175.03","39.24,50.59",true
fan,be quiet!, Shadow Wings 2,73.18,8,140,Black,900,49.8,14.7,false
fan,Iceberg, Thermal IceGALE 2-Pack,77.91,13,140,Teal,"500,1600",96,"0,36",true
fan,Corsair, SP120,149.36,35,120,Black,2350,62.74,35,true
fan,Fractal Design, Aspect 14,168.99,12,140,White,1000,41,19.5,false
fan,Thermaltake, Pure A14,64.95,10,140,Black,"500,1500",,32,true
fan,In Win, Sirius Extreme ASE120P 3-Pack,138.57,54,120,Black,"400,1500",54,"21,25",true
fan,RAIJINTEK, IRIS 12 RBW ADD-3 3-Pack,194.94,12,120,White / Black,"400,1800",35.8,28,true
fan,Thermaltake, Pure,43.29,3,120,Clear,1000,40.99,19.5,false
fan,Phanteks, F140SP,99.62,16,140,Black / White,1200,82.1,19,false
fan,Corsair, AF120 Quiet,204.91,37,120,Black,1100,39.88,21,false
fan,Iceberg, Thermal IceGALE ARGB 2-Pack,129.95,32,140,Teal / White,"500,1600",96,"0,36",true
fan,Aerocool, Shark,69.24,5,120,Red,"800,1500","32.5,82.6","12.6,26.5",false
fan,Silverstone, AP,194.94,46,180,Black,"400,1500","24.49,140.13","18,37",true
fan,Cooler Master, Silencio FP,86.57,56,120,Black,1400,"16.39,44","6.5,14",true
fan,Thermaltake, Pure Duo 2-Pack,151.57,11,120,White,"500,1500",,28,true
fan,In Win, Saturn ASN120 3-Pack,183.85,36,120,White / Black,"500,1800",,,true
fan,Thermaltake, Pure A14,64.95,4,140,Black,"500,1500",,32,true
fan,Corsair, ML140 LED ELITE Red Premium,60.58,5,140,White,"400,1600","15,82.9","10,31.8",true
fan,Cooler Master, SickleFlow,77.91,28,92,Black,,,,true
fan,In Win, Sirius Extreme Pure ASE120P 3-Pack,316.61,36,120,White,"400,1500",54,"21,25",true
fan,Iceberg, Thermal IceGALE,34.62,38,80,Black / White,"800,2000",29,"0,26",true
fan,Thermaltake, Pure A12,82.24,3,120,Black,"500,1500",,,true
fan,Iceberg, Thermal IceGALE,34.62,43,80,Gray / White,"800,2000",29,"0,26",true
fan,Thermaltake, Riing Plus TT Premium Edition,51.95,17,120,Black,"500,1400","5,14",24.7,true
fan,Silverstone, Air Penetrator,123.84,51,180,Black,"700,1200","80,130","18,34",false
fan,Scythe, Kaze Flex Slim,139.96,41,120,Gray / Black,"300,1800","8.28,50.79","2.7,30",true
fan,Thermaltake, Riing Quad 12 RGB Radiator TT Premium Edition 3-Pack,519.92,50,120,White,"500,1500",40.9,25,true
fan,Iceberg, Thermal IceGALE,39.0,13,140,Gray / White,"500,1600",96,"0,36",true
fan,be quiet!, Pure Wings 2,47.23,26,120,Black,2000,65.51,35.9,false
fan,Aerocool, Silent Master,77.91,53,200,Blue,800,76,18,false
fan,Cougar, Vortex,69.37,3,120,Black,1200,60.4,17.7,false
fan,Thermaltake, Blue-Eye,52.04,19,80,Transparent,"1300,2500",32.92,"17,28",false
fan,Enermax, SquA RGB,43.33,23,120,White,"300,1500","24.53,68.27","12,23",true
fan,Alphacool, Apex Stealth Metal,170.68,16,120,Gold / Black,"400,2000",47,24.6,true
fan,SeaSonic, MAGFLOW,141.0,26,120,Black,"600,2000",63.33,"9.9,33.78",true
fan,Phanteks, PH-F120MP V2 RADIATOR,64.95,29,120,Black / White,"500,2200",60.5,34.2,true
fan,Iceberg, Thermal IceGALE 3-Pack,90.99,47,120,Teal,"500,1850",76,"0,35",true
fan,Thermaltake, Riing,86.57,22,140,Black / White,"1000,1400",51.15,"22.1,28.1",false
fan,Thermaltake, Riing 3-Pack,315.96,10,140,Black,"1100,1400",51.15,"19,28.1",true
fan,Iceberg, Thermal IceGALE,43.33,49,120,Gray / White,"500,1850",76,"0,35",true
fan,Iceberg, Thermal IceGALE Xtra,38.95,27,80,Gray / White,"800,3000",37,"0,29",true
fan,Iceberg, Thermal IceGALE Xtra,58.5,49,120,Teal / White,"500,3000",127,"0,44",true
fan,In Win, Neptune DN140,100.87,4,140,Black,"900,1800","41.67,88.89",24.5,true
fan,Fractal Design, Dynamic X2,139.74,34,140,White / Black,"500,1700","47.9,105.9",33.7,true
fan,be quiet!, Shadow Wings 2,77.91,42,120,White / Black,1100,"38.5,65",15.7,false
fan,Aerocool, DS,63.65,22,120,Black / Blue,"1100,1500","62.5,81.5","14.8,23.1",false
fan,Fractal Design, Silent R3,69.24,33,140,Black / White,1000,56.1,21.6,false
fan,Thermaltake, Riing,64.95,2,140,Black / Orange,"1000,1400",51.15,"22.1,28.1",false
fan,Scythe, Kaze Flex,60.45,28,92,Black,"300,2300","6.75,48.88","7.3,28.83",true
fan,NZXT, Air Flow,56.29,38,120,Clear,1200,59.1,26.8,false
fan,Thermaltake, Riing,199.23,21,120,Black,"1000,1500",40.6,26.4,true
fan,Cougar, Dual-X,99.62,5,140,Green,1000,73.18,18,false
fan,Thermaltake, Pure A14,64.95,48,140,Black,"500,1500",,32,true
fan,Aerocool, Shark,60.45,32,120,Green,"800,1500","32.5,82.6","12.6,26.5",false
fan,ARCTIC, F Silent,42.2,23,120,White / Black,800,37,,false
fan,ARCTIC, F14 PST CO,82.24,14,140,Gray,"600,1350",74,22.5,true
fan,Iceberg, Thermal IceGALE ARGB,65.0,27,140,Teal / White,"500,1600",96,"0,36",true
fan,Scythe, Kaze Flex,90.6,23,120,Black,"300,800","16.6,43.03","4,14.05",true
fan,Fractal Design, Venturi HP-14,188.62,17,140,Black,1500,78.09,30.1,true
fan,ARCTIC, F12 CO,53.04,0,120,Black,"600,1350",74,,true
fan,Scythe, Kaze Flex RGB,56.11,20,92,Black,"300,2300","6.75,48.88","7.3,28.83",true
fan,Phanteks, F140SP,125.57,12,140,Black / White,1200,82.1,19,false
fan,Thermaltake, SWAFAN GT14,173.23,40,140,Black,"500,2000","54.71,58.17","26.5,29.8",true
fan,Silverstone, FHP,112.61,49,140,Black,"500,2000","42.8,171","13.4,43.5",true
fan,Thermaltake, Riing,77.91,15,120,Black / Red,"1000,1500",40.6,"18.7,24.6",false
fan,Scythe, Kaze Flex ARGB,100.96,4,120,Black / White,"300,1200","16.6,51.17","4,24.9",true
fan,Thermalright, TL-B9,141.99,45,92,White,2500,54,23,true
fan,Cooler Master, Silencio FP,356.26,4,120,Black,1200,38,11,false
fan,Iceberg, Thermal IceGALE,43.33,53,120,Teal / White,"500,1850",76,"0,35",true
fan,Scythe, Kaze Flex,113.61,30,120,Black,1200,51.17,24.9,false
fan,In Win, Neptune DN120,94.16,36,120,Black,"900,2200","23.87,60.1",20.5,true
fan,Silverstone, Shark Force 120,125.61,57,120,Black,,"0,100","0,41.2",true
fan,Phanteks, F120MP,86.57,41,120,Black,"500,1800",53.3,25,true
fan,Iceberg, Thermal IceGALE,39.0,9,140,Black / White,"500,1600",96,"0,36",true
fan,Enermax, T.B. Silence,104.82,19,120,Translucent Gray,900,42.13,11,false
fan,Silverstone, FN,58.28,19,120,Black / White,2000,32.6,23.5,false
fan,Thermaltake, Riing,86.57,46,140,Black / Blue,"1000,1400",51.15,"22.1,28.1",false
fan,ARCTIC, BioniX P120,80.2,59,120,Green / Black,"200,2100",67.56,,true
fan,Scythe, GlideStream,277.31,35,140,Black,800,49.95,21.4,false
fan,Thermaltake, Riing,86.53,12,140,Black / Green,"1000,1400",51.15,"22.1,28.1",false
fan,Iceberg, Thermal IceGALE Silent PWM 3-Pack,116.99,11,120,Black / Blue,"600,1600","50,55","20,25",true
fan,Aerocool, Shark,58.63,39,140,Green,"800,1500","50,96.5","14.5,29.6",false
fan,Iceberg, Thermal IceGALE Xtra 3-Pack,129.95,47,120,Teal,"500,3000",127,"0,44",true
fan,Cooler Master, MasterFan SF120P,86.57,53,120,Black,"650,2000",43,"8,30",true
fan,Cougar, Dual-X,125.57,1,140,Red,1000,73.18,18,false
fan,Silverstone, FW,56.29,44,120,Blue / White,"1000,1800","42.6,76.5","18.39,28.1",true
fan,Corsair, SP120 High Performance,324.89,55,120,White / Black,1400,52,26,true
fan,Scythe, Kaze Flex II,69.11,21,120,Black,"300,1500","16.9,67.62","4,28.6",true
fan,Noctua, P12-1300,120.54,46,120,Brown,"900,1300","37.33,54.36","12.6,19.8",false
fan,Aerocool, DS,75.7,40,120,Black / White,"1100,1500","62.5,81.5","14.8,23.1",false
fan,Silverstone, FQ,86.57,9,92,White / Blue,"1000,2500","19.8,44.2","15.3,24.8",true
fan,Enermax, T.B. Silence,95.5,13,92,Black,1400,27.18,13,false
fan,Scythe, Kaze Flex Slim,76.61,40,120,Gray / Black,"300,1200","8.28,33.86","2.7,23.9",true
fan,ADATA, Vento 3-Pack,121.28,8,120,Black / White,1200,45.3,23,false
fan,Thermaltake, TOUGHFAN,69.11,38,120,Turquoise,"500,2000",58.35,22.3,true
fan,Alphacool, Apex Stealth Metal,129.95,6,120,Silver / Black,"400,2000",47,24.6,true
fan,Alphacool, Apex Stealth Metal,129.95,54,120,White / Black,"400,2000",47,24.6,true
fan,Cooler Master, MasterFan MF140R,194.94,6,140,Black,"650,1500",90,33.5,true
fan,Scythe, Kaze Flex,60.45,54,120,Gray / Black,"300,1200","16.6,51.17","4,24.9",true
fan,Prolimatech, Vortex,86.57,45,140,Clear,1000,87,18.1,false
fan,Cougar, Dual-X,125.4,48,120,Green,,64.37,16.6,false
fan,ARCTIC, BioniX F120,70.93,35,120,Black / Yellow,"200,1800",69,24.4,true
fan,Scythe, Kaze Flex ARGB,95.11,44,120,Black / White,"300,1800","16.6,79.76","4,35.8",true
fan,Prolimatech, Vortex,108.2,8,120,Clear,"1200,1600",72.67,29.1,false
fan,Silverstone, FN,43.29,47,120,Clear,1200,58.47,25.15,false
fan,Phanteks, F140HP II,86.57,37,140,White,"500,1600",68.1,25,true
fan,Phanteks, F120SP,86.57,2,120,Black,1300,54.4,24.2,false
fan,Scythe, Kaze Flex,74.83,3,120,Black,800,43.03,14.5,false
fan,ARCTIC, F,64.95,42,120,Black,"230,1350",53,,true
fan,In Win, Neptune DN120 Pro,69.72,0,120,Black / Red,"900,2200","24.15,60.56",20.3,true
fan,Corsair, SP120 Quiet,248.5,45,120,Black,1450,37.85,23,false
fan,Aerocool, Shark,77.95,1,140,Black,"800,1500","50,96.5","14.5,29.6",false
fan,Xigmatek, XLF,142.64,29,120,Orange,1500,61,20,false
fan,Thermaltake, Luna Slim,69.28,32,140,Black / Red,1200,38.59,24,false
fan,Deepcool, UF,91.73,25,80,White / Blue,"900,2200",25.13,"17.8,24.7",false
fan,ARCTIC, BioniX F120,70.02,33,120,Black / Green,"200,1800",69,24.4,true
fan,ARCTIC, F12 TC,64.95,20,120,White / Black,1350,53,,false
fan,Silverstone, FN,98.27,23,120,Black,1500,25.06,18,false
fan,Iceberg, Thermal IceGALE Xtra,43.33,21,140,Teal / White,"500,2500",169,"0,47",true
fan,Zalman, SF120,43.29,41,120,Silver / Black,"800,1500",54,28,true
fan,Thermaltake, DuraMax,69.24,25,92,Black,2850,48.7,37.6,false
fan,Silverstone, AP,135.93,26,120,Black / White,"500,1800","6.37,25.5","19.25,23.54",true
fan,Thermaltake, Pure,69.28,37,120,Clear,1000,40.99,19.5,false
fan,Scythe, Slipstream,108.28,37,120,Black,"200,1300","9.8,74.25","3,26.5",true
fan,Corsair, SP140,86.57,16,140,Black / Red,1440,49.49,29.3,false
fan,Thermaltake, Luna Slim,69.28,41,140,Black / Blue,1200,38.59,24,false
fan,Iceberg, Thermal IceGALE,43.33,30,120,Black / White,"500,1850",76,"0,35",true
fan,Scythe, Kaze Flex II,69.11,23,120,Black,"300,1200","16.9,52.94","4,23.8",true
fan,Aerocool, Silent Master,98.27,3,200,Red,800,76,18,false
fan,ARCTIC, F8,56.29,23,80,White / Black,2000,31,,false
fan,Xigmatek, XAF,25.95,16,140,Orange,"800,1300",90.3,18,false
fan,Silverstone, FN,51.95,46,120,Clear,1200,58.47,25.15,false
fan,Silverstone, FW,129.99,59,120,Black,"500,1800","10.95,42.41","19.25,23.54",true
fan,Iceberg, Thermal IceGALE Xtra,38.95,46,80,Teal / White,"800,3000",37,"0,29",true
fan,Bitspower, Notos,46.32,49,120,Black / White,"800,1800",,"25,28",true
fan,ARCTIC, P12,49.14,29,120,White / Translucent White,"200,1800",56.3,22.5,true
fan,Silverstone, FW,67.03,15,92,Blue / White,"1500,2800","26.8,49.5","14.1,27.7",true
fan,Silverstone, FW,142.95,42,140,Black,"500,1800","18.77,60.54","18.48,23.33",true
fan,Phanteks, F140SP,125.57,47,140,Black / White,1200,82.1,19,false
fan,Silverstone, FM,69.28,32,92,White,"1200,3000","21.4,53.6","9.3,29.2",false
fan,Scythe, Gentle Typhoon,138.66,50,120,Gray,800,28.25,9,false
fan,Thermaltake, Blue-Eye,52.52,2,92,Transparent,"1300,2500",47,"18.6,28",false
fan,Cougar, CFD,137.79,14,140,Black / White,1000,73.18,18,false
fan,Aerocool, Streamliner,65.0,46,140,Blue,1000,54.7,19.6,false
fan,RAIJINTEK, Iris,55.07,54,120,,"800,1800",42.17,26.5,true
fan,In Win, Neptune DN140 Pro,86.1,38,140,Black / Red,"900,1800","43.74,91.66",24,true
fan,Silverstone, Air Penetrator,98.06,56,120,Clear,1500,35.36,22.4,false
fan,Silverstone, Air Penetrator,95.28,13,120,Clear,1500,35.36,22.4,false
fan,Silverstone, FHP,112.61,58,140,Black,"1200,2000","42.8,171",43.5,false
fan,Antec, 75002,65.0,13,92,Clear,2600,42.4,33,false
fan,Antec, 75001,65.0,35,80,Clear,2600,34,30,false
fan,Antec, True Quiet,43.29,23,120,Red,"600,1000","21.2,35.3","8.9,19.89",false
fan,Enermax, T.B. Silence,84.23,10,80,Black / White,1600,27.96,15,false
fan,Silverstone, FQ,99.62,28,120,White / Blue,"800,1500","37.79,63.8","15.9,24.9",true
fan,Silverstone, FQ,83.11,0,140,White / Blue,"500,1000","31.4,62","15.1,20.7",true
fan,Phanteks, F120SP,90.95,7,120,Black / White,1300,54.4,24.2,false
fan,Thermaltake, Luna Slim,60.62,43,120,Black / White,1400,27.53,24,false
fan,BitFenix, Spectre Xtreme,43.29,41,120,Black / Red,"950,2000",66,30,false
fan,RAIJINTEK, Iris,55.07,26,120,,"800,1800",42.17,26.5,true
fan,RAIJINTEK, Iris,55.07,52,120,,"800,1800",42.17,26.5,true
fan,Iceberg, Thermal IceGALE,39.0,43,140,Teal / White,"500,1600",96,"0,36",true
fan,Iceberg, Thermal IceGALE Xtra,38.95,27,80,Black / White,"800,3000",37,"0,29",true
