item_type,brand,name,price,chipset,memory,core_clock,boost_clock,color,length
gpu,MSI, GeForce RTX 3060 Ventus 2X 12G,1247.9,GeForce RTX 3060 12GB,12.0,1320.0,1777.0,Black,235.0
gpu,Gigabyte, WINDFORCE OC,2518.3,GeForce RTX 4070,12.0,1920.0,2490.0,Black,261.0
gpu,Asus, ROG STRIX GAMING OC,8579.3,GeForce RTX 4090,24.0,2235.0,2640.0,Black,358.0
gpu,Gigabyte, WINDFORCE OC,3466.36,GeForce RTX 4070 Ti SUPER,16.0,2340.0,2625.0,Black,261.0
gpu,Asus, DUAL OC,1343.19,GeForce RTX 4060,8.0,1830.0,2535.0,Black,227.0
gpu,Gigabyte, GAMING OC,2162.17,Radeon RX 7800 XT,16.0,1295.0,2565.0,Black,302.0
gpu,Gigabyte, WINDFORCE OC,2599.76,GeForce RTX 4070 SUPER,12.0,1980.0,2505.0,Black,261.0
gpu,ASRock, Challenger D,953.22,Radeon RX 6600,8.0,1626.0,,Black,269.0
gpu,PNY, VCNRTX6000ADA-PB,43325.67,RTX 6000 Ada Generation,48.0,915.0,2505.0,Black / Gold,267.0
gpu,XFX, Speedster SWFT 309,1299.86,Radeon RX 6700 XT,12.0,2321.0,2581.0,Black,304.0
gpu,NVIDIA, Founders Edition,8492.64,GeForce RTX 4090,24.0,2230.0,2520.0,Black / Silver,304.0
gpu,Gigabyte, EAGLE,1733.16,GeForce RTX 4060 Ti,8.0,2310.0,,Black,272.0
gpu,XFX, Speedster SWFT 210 Core,953.22,Radeon RX 6650 XT,8.0,2055.0,2635.0,Black / Silver,241.0
gpu,Asus, ROG STRIX GAMING OC,8579.3,GeForce RTX 4090,24.0,2235.0,2640.0,White,358.0
gpu,Gigabyte, AERO OC,1386.52,GeForce RTX 4060,8.0,1830.0,,White,281.0
gpu,Asus, TUF GAMING,5931.88,GeForce RTX 4080 SUPER,16.0,2210.0,2580.0,Black,348.0
gpu,Gigabyte, EAGLE,866.56,Radeon RX 6600,8.0,1626.0,2491.0,Black / Silver,282.0
gpu,Gigabyte, GAMING OC,1776.49,Radeon RX 7700 XT,12.0,1700.0,2599.0,Black,302.0
gpu,XFX, Speedster MERC 310 Black Edition,3973.1,Radeon RX 7900 XTX,24.0,2300.0,2615.0,Black / Silver,344.0
gpu,XFX, Speedster SWFT 319,1559.84,Radeon RX 6800,16.0,1700.0,2105.0,Black,340.0
gpu,Asus, DUAL OC,2638.8,GeForce RTX 4070 SUPER,12.0,1980.0,2550.0,Black,267.0
gpu,MSI, VENTUS 2X BLACK OC,1269.57,GeForce RTX 4060,8.0,1830.0,2505.0,Black,199.0
gpu,XFX, GTS XXX,563.25,Radeon RX 580,8.0,1366.0,1386.0,Black / Red,270.0
gpu,Gigabyte, WINDFORCE OC,1299.86,GeForce RTX 4060,8.0,1830.0,,Black,192.0
gpu,Sapphire, PULSE,3033.06,Radeon RX 7900 XT,20.0,2000.0,2450.0,Black / Red,313.0
gpu,Asus, TUF GAMING OC,3639.68,GeForce RTX 4070 Ti SUPER,16.0,2340.0,2670.0,Black,305.0
gpu,Asus, DUAL OC,2619.17,GeForce RTX 4070,12.0,2520.0,2550.0,Black,267.0
gpu,MSI, RTX 3060 Ventus 3X 12G OC,1299.86,GeForce RTX 3060 12GB,12.0,1320.0,1807.0,Black,316.0
gpu,ASRock, Challenger OC,1733.16,Radeon RX 7700 XT,12.0,1700.0,2584.0,Black,266.0
gpu,Asus, ROG Matrix Platinum,20360.77,GeForce RTX 4090,24.0,2670.0,2700.0,Black / Silver,286.0
gpu,Asus, DUAL OC,2469.77,GeForce RTX 4070,12.0,2520.0,2550.0,White,267.0
gpu,Zotac, GAMING Trinity,4714.0,GeForce RTX 4080 SUPER,16.0,2210.0,2550.0,Black,307.0
gpu,XFX, Speedster QICK 319 Core,1299.86,Radeon RX 6750 XT,12.0,2150.0,2600.0,Black,323.0
gpu,Asus, DUAL OC,1668.16,GeForce RTX 4060 Ti,8.0,2310.0,2595.0,Black,227.0
gpu,MSI, VENTUS 3X OC,4462.95,GeForce RTX 4080 SUPER,16.0,2210.0,2595.0,Black,322.0
gpu,Zotac, GAMING Trinity OC,3639.68,GeForce RTX 4070 Ti SUPER,16.0,2340.0,2625.0,White,307.0
gpu,Sapphire, PULSE,2253.12,Radeon RX 7800 XT,16.0,1295.0,,Black / Red,280.0
gpu,Gigabyte, GAMING OC,2383.11,Radeon RX 7900 GRE,16.0,1270.0,2391.0,Black,302.0
gpu,Gigabyte, AERO OC,2946.4,GeForce RTX 4070 SUPER,12.0,1980.0,2565.0,White / Silver,300.0
gpu,Gigabyte, GAMING OC,1429.85,Radeon RX 7600 XT,16.0,1720.0,,Black / Gray,281.0
gpu,Asus, TUF GAMING OC,7708.41,GeForce RTX 4090,24.0,2235.0,2595.0,Black,348.0
gpu,Sapphire, NITRO+,4462.95,Radeon RX 7900 XTX,24.0,2300.0,2680.0,Silver / Black,320.0
gpu,NVIDIA, Founders Edition,2101.5,GeForce RTX 3060 Ti,8.0,1410.0,1670.0,Black / Silver,242.0
gpu,Sapphire, PURE,2339.78,Radeon RX 7800 XT,16.0,1295.0,2475.0,White,320.0
gpu,Sapphire, PULSE,4029.65,Radeon RX 7900 XTX,24.0,2300.0,2525.0,Black / Red,313.0
gpu,Gigabyte, WINDFORCE V2,5342.59,GeForce RTX 4080 SUPER,16.0,2210.0,2550.0,Black,330.0
gpu,Sapphire, PULSE,1733.16,Radeon RX 7700 XT,12.0,1700.0,2544.0,Black / Red,280.0
gpu,Asus, ProArt OC,4982.91,GeForce RTX 4080 SUPER,16.0,2210.0,2640.0,Black / Gold,300.0
gpu,ASRock, Challenger OC,2166.46,Radeon RX 7800 XT,16.0,1295.0,2475.0,Black,267.0
gpu,Gigabyte, GAMING OC,7799.36,GeForce RTX 4090,24.0,2235.0,,Black,340.0
gpu,Sapphire, PULSE,2383.11,Radeon RX 7900 GRE,16.0,1270.0,2290.0,Black / Red,320.0
gpu,PowerColor, Fighter,866.56,Radeon RX 6600,8.0,1626.0,2491.0,Black,200.0
gpu,NVIDIA, Founders Edition,3098.05,GeForce RTX 4070,12.0,1920.0,2480.0,Black / Silver,244.0
gpu,Asus, ROG STRIX GAMING OC,5632.86,GeForce RTX 4080 SUPER,16.0,2210.0,2670.0,White,358.0
gpu,Zotac, GAMING Trinity,3379.7,GeForce RTX 4070 Ti SUPER,16.0,2340.0,2610.0,Black,307.0
gpu,Asus, TUF GAMING OC,4766.26,GeForce RTX 4080 SUPER,16.0,2210.0,2640.0,Black,348.0
gpu,MSI, VENTUS 2X BLACK OC,2075.77,GeForce RTX 4060 Ti,16.0,2310.0,2625.0,Black,199.0
gpu,XFX, Speedster SWFT 210,866.56,Radeon RX 6600,8.0,1626.0,2491.0,Black,241.0
gpu,MSI, VENTUS 2X OC,779.9,GeForce RTX 3050 6GB,6.0,1040.0,1492.0,Black,189.0
gpu,Zotac, GAMING Trinity OC,4636.27,GeForce RTX 4080 SUPER,16.0,2210.0,2565.0,White,307.0
gpu,Zotac, Twin Edge,2556.43,GeForce RTX 4070 SUPER,12.0,1980.0,2475.0,Black,234.0
gpu,Sapphire, PULSE,1169.87,Radeon RX 7600,8.0,1720.0,2755.0,Black / Red,240.0
gpu,Asus, Dual GeForce RTX 3060 V2 OC Edition,1256.53,GeForce RTX 3060 12GB,12.0,1320.0,1867.0,Black,200.0
gpu,Asus, ROG STRIX GAMING OC,5416.21,GeForce RTX 4080 SUPER,16.0,2210.0,2670.0,Black,358.0
gpu,Gigabyte, GAMING OC Rev 2.0,2318.11,GeForce RTX 3070 LHR,8.0,1500.0,1815.0,Black,286.0
gpu,XFX, RX-79GMERCB9,2342.12,Radeon RX 7900 GRE,16.0,1270.0,2395.0,Black,335.0
gpu,Gigabyte, WINDFORCE OC,3553.02,GeForce RTX 4070 Ti,12.0,2310.0,2625.0,Black / Silver,261.0
gpu,PNY, VERTO OC,4332.91,GeForce RTX 4080 SUPER,16.0,2210.0,2565.0,Black,340.0
gpu,XFX, Speedster SWFT 319 Core,1733.16,Radeon RX 6800,16.0,1700.0,2105.0,Black,340.0
gpu,PowerColor, Hellhound,4116.31,Radeon RX 7900 XTX,24.0,2300.0,2525.0,Black,320.0
gpu,ASRock, Phantom Gaming OC,3033.06,Radeon RX 7900 XT,20.0,2000.0,2450.0,Black,330.0
gpu,Sapphire, PURE,1819.82,Radeon RX 7700 XT,12.0,1700.0,2584.0,White,320.0
gpu,XFX, Speedster QICK 319 Core,2166.46,Radeon RX 7800 XT,16.0,1295.0,2430.0,Black,335.0
gpu,MSI, GAMING X SLIM,3683.01,GeForce RTX 4070 Ti SUPER,16.0,2340.0,2685.0,Black / Silver,307.0
gpu,ASRock, Phantom Gaming OC,3076.39,Radeon RX 7900 XT,20.0,2000.0,2450.0,White,330.0
gpu,MSI, VENTUS 3X OC,2686.42,GeForce RTX 4070 SUPER,12.0,1980.0,2520.0,Black,308.0
gpu,Asus, DUAL,2599.76,GeForce RTX 4070,12.0,2475.0,2505.0,Black,267.0
gpu,MSI, SUPRIM LIQUID X,8228.37,GeForce RTX 4090,24.0,2235.0,,Black / Silver,280.0
gpu,Gigabyte, AERO OC,3813.0,GeForce RTX 4070 Ti SUPER,16.0,2340.0,2655.0,White / Silver,300.0
gpu,PowerColor, Hellhound OC,2253.12,Radeon RX 7800 XT,16.0,1295.0,2520.0,Black,322.0
gpu,Asus, ProArt OC,2209.79,GeForce RTX 4060 Ti,16.0,2310.0,2685.0,Black / Gold,300.0
gpu,Gigabyte, EAGLE OC,1321.52,GeForce RTX 4060,8.0,1830.0,,Black,272.0
gpu,Asus, TUF GAMING OC,3726.34,GeForce RTX 4070 Ti SUPER,16.0,2340.0,2670.0,White,305.0
gpu,XFX, Speedster SWFT 210 Core,1126.54,Radeon RX 7600,8.0,1875.0,2655.0,Black,241.0
gpu,Gigabyte, AERO OC,4982.91,GeForce RTX 4080 SUPER,16.0,2210.0,2595.0,White / Silver,342.0
gpu,Gigabyte, AERO OC,1854.48,GeForce RTX 4060 Ti,8.0,2310.0,,White / Silver,281.0
gpu,Gigabyte, AERO OC,8014.84,GeForce RTX 4090,24.0,2520.0,2535.0,Silver / White,342.0
gpu,Asus, TUF GAMING,9489.18,GeForce RTX 4090,24.0,2235.0,2550.0,Black,348.0
gpu,ASRock, Challenger D OC,1039.88,Radeon RX 6600 XT,8.0,1968.0,,Black,269.0
gpu,Sapphire, NITRO+,2469.77,Radeon RX 7800 XT,16.0,1295.0,,Black,320.0
gpu,MSI, VENTUS 2X OC,1321.52,GeForce RTX 4060,8.0,1830.0,2505.0,White / Silver,199.0
gpu,Sapphire, PURE,2426.44,Radeon RX 7900 GRE,16.0,1270.0,2333.0,White,320.0
gpu,Gigabyte, GAMING OC,2595.47,GeForce RTX 4070 SUPER,12.0,1980.0,2565.0,Black,300.0
gpu,Asus, DUAL OC,2686.42,GeForce RTX 4070 SUPER,12.0,1980.0,2550.0,White,267.0
gpu,EVGA, FTW3 ULTRA GAMING,3119.72,GeForce RTX 3080 10GB,10.0,1440.0,1800.0,Black,300.0
gpu,Gigabyte, GAMING OC,4766.26,GeForce RTX 4080 SUPER,16.0,2210.0,2595.0,Black,342.0
gpu,MSI, VENTUS XS OC,1299.42,GeForce GTX 1660 SUPER,6.0,1530.0,1815.0,Black / Silver,204.0
gpu,ASRock, Challenger,974.88,Radeon RX 6600,8.0,1626.0,2491.0,White,269.0
gpu,MSI, GAMING X SLIM,3046.49,GeForce RTX 4070,12.0,1920.0,2625.0,Black / Gray,307.0
gpu,Zotac, GAMING Twin Edge OC,2599.76,GeForce RTX 4070 SUPER,12.0,1980.0,2490.0,Black,234.0
gpu,MSI, VENTUS 2X XS OC,866.56,GeForce RTX 3050 8GB,8.0,1550.0,1807.0,Black / Gray,205.0
gpu,PNY, VERTO OC,3466.36,GeForce RTX 4070 Ti SUPER,16.0,2340.0,2625.0,Black,305.0
gpu,ASRock, Challenger Pro OC,1646.5,Radeon RX 6750 XT,12.0,2150.0,2618.0,Black,303.0
gpu,NVIDIA, Founders Edition,6022.83,GeForce RTX 4080,16.0,2210.0,2510.0,Black / Silver,304.0
gpu,Zotac, GAMING Twin Edge OC,1386.52,GeForce RTX 4060,8.0,1830.0,2490.0,White,221.0
gpu,MSI, VENTUS 2X OC,1122.25,GeForce RTX 3060 8GB,8.0,1320.0,1807.0,Black,235.0
gpu,Asus, DUAL OC,779.9,GeForce RTX 3050 6GB,6.0,1040.0,1537.0,Black,201.0
gpu,MSI, GAMING TRIO CLASSIC,4332.96,Radeon RX 7900 XTX,24.0,2300.0,2500.0,Black / Silver,325.0
gpu,Asus, DUAL V2,996.55,Radeon RX 6600,8.0,1626.0,2491.0,Black,243.0
gpu,Gigabyte, GAMING OC Rev 2.0,1669.63,GeForce RTX 3060 12GB,12.0,1320.0,1837.0,Black / Gray,282.0
gpu,ASRock, Challenger D OC,866.56,Radeon RX 5700 XT,8.0,1650.0,1905.0,Black / Yellow,281.0
gpu,XFX, Speedster QICK 319 Core,1516.51,Radeon RX 6750 XT,12.0,2150.0,2600.0,Black / Silver,323.0
gpu,XFX, Speedster MERC 310,3033.06,Radeon RX 7900 XT,20.0,2000.0,2535.0,Black / Silver,344.0
gpu,Gigabyte, GAMING OC,1343.19,GeForce RTX 4060,8.0,1830.0,,Black,281.0
gpu,MSI, GAMING X SLIM,2621.42,GeForce RTX 4070 SUPER,12.0,1980.0,2655.0,Black,307.0
gpu,MSI, GeForce RTX 2060 VENTUS GP OC,1425.56,GeForce RTX 2060,6.0,1365.0,1710.0,Gray / Black,231.0
gpu,ASRock, Taichi OC,4982.91,Radeon RX 7900 XTX,24.0,2300.0,2680.0,White,345.0
gpu,Gigabyte, WINDFORCE V2,8449.13,GeForce RTX 4090,24.0,2235.0,2520.0,Black,331.0
gpu,Asus, TUF GAMING OC,2816.41,GeForce RTX 4070,12.0,2550.0,2580.0,Black,301.0
gpu,NVIDIA, Founders Edition,4072.98,GeForce RTX 3080 Ti,12.0,1370.0,1670.0,Silver / Black,285.0
gpu,Asus, TUF GAMING OC,3033.49,Radeon RX 7800 XT,16.0,1295.0,2565.0,Black,320.0
gpu,Gigabyte, AERO OC,2231.45,GeForce RTX 4060 Ti,16.0,2310.0,2595.0,White / Silver,281.0
gpu,Gigabyte, EAGLE OC,3596.35,GeForce RTX 4070 Ti SUPER,16.0,2340.0,2640.0,Black,261.0
gpu,Asus, TUF GAMING OC,4332.96,GeForce RTX 4070 Ti,12.0,2310.0,2760.0,Black,305.0
gpu,ASRock, Challenger OC,736.57,Arc A580,8.0,1700.0,2000.0,Black,271.0
gpu,Asus, Phoenix OC,933.46,GeForce GTX 1650 G6,4.0,1410.0,1665.0,Black,178.0
gpu,Asus, DUAL OC,1473.18,Radeon RX 7600 XT,16.0,1720.0,2801.0,Black,227.0
gpu,MSI, VENTUS 2X OC,2361.44,GeForce RTX 4070,12.0,1920.0,2520.0,White / Silver,242.0
gpu,Gigabyte, GAMING OC,3986.32,Radeon RX 7900 XTX,24.0,2300.0,2525.0,Black,331.0
gpu,Acer, Predator BiFrost OC,1516.51,Arc A770,16.0,2200.0,2400.0,Black / Silver,267.0
gpu,XFX, Speedster MERC 310 Black Edition,3163.05,Radeon RX 7900 XT,20.0,2000.0,2560.0,Black / Silver,344.0
gpu,Asus, TUF GAMING OC,4636.27,Radeon RX 7900 XTX,24.0,2300.0,2615.0,Black,353.0
gpu,Gigabyte, WINDFORCE OC,2700.15,GeForce RTX 4060 Ti,16.0,2310.0,2565.0,Black / Silver,201.0
gpu,MSI, GAMING X SLIM,4766.26,GeForce RTX 4080 SUPER,16.0,2210.0,2625.0,Black,322.0
gpu,Sapphire, PULSE,1473.18,Radeon RX 7600 XT,16.0,1720.0,2810.0,Black / Red,250.0
gpu,Intel, Limited Edition,1003.39,Arc A750,8.0,2050.0,,Black,250.0
gpu,Zotac, Twin Edge OC,1299.86,GeForce RTX 4060,8.0,1830.0,2475.0,Black / Silver,221.0
gpu,PNY, RTX A-Series,19671.78,RTX A6000,48.0,1455.0,1860.0,Black / Gold,267.0
gpu,ASRock, Challenger OC,2383.11,Radeon RX 7900 GRE,16.0,1270.0,2293.0,Black,269.0
gpu,Gigabyte, WINDFORCE OC Rev 2.0,1278.19,GeForce RTX 3060 12GB,12.0,1320.0,1792.0,Black,198.0
gpu,MSI, RTX 4090 GAMING SLIM 24G,7799.36,GeForce RTX 4090,24.0,2235.0,2535.0,Black,322.0
gpu,Sapphire, NITRO+,2599.76,Radeon RX 7900 GRE,16.0,1270.0,2391.0,Black,320.0
gpu,MSI, GAMING X TRIO,7886.02,GeForce RTX 4090,24.0,2235.0,,Black,337.0
gpu,XFX, Speedster MERC 319 Black,2209.79,Radeon RX 7800 XT,16.0,1295.0,2565.0,Black / Silver,326.0
gpu,NVIDIA, 9001G4112520001,931.55,GeForce GTX 1070,8.0,1506.0,1683.0,Black / Silver,267.0
gpu,MSI, VENTUS 2X OC,2599.76,GeForce RTX 4070 SUPER,12.0,1980.0,2520.0,Black,242.0
gpu,Asus, DUAL OC,1343.19,GeForce RTX 4060,8.0,1830.0,2535.0,White,227.0
gpu,Sapphire, PULSE,866.56,Radeon RX 6600,8.0,1626.0,2491.0,Black / Red,193.0
gpu,ASRock, Phantom Gaming D OC,606.58,Radeon RX 6500 XT,4.0,2365.0,2820.0,Black,240.0
gpu,Sapphire, PULSE,578.2,Radeon RX 550 - 512,4.0,1100.0,1206.0,Black / Red,158.0
gpu,MSI, GT 710 2GD3H LP,270.94,GeForce GT 710,2.0,954.0,954.0,Black,146.0
gpu,Asus, ROG STRIX GAMING OC,4116.31,GeForce RTX 4070 Ti SUPER,16.0,2340.0,2700.0,Black,336.0
gpu,Gigabyte, EAGLE OC,2599.76,GeForce RTX 4070 SUPER,12.0,1980.0,2535.0,Black,261.0
gpu,PowerColor, Fighter,1429.85,Radeon RX 7600 XT,16.0,1720.0,2755.0,Black,217.0
gpu,XFX, Speedster SWFT 210,1386.52,Radeon RX 7600 XT,16.0,1720.0,2755.0,Black,272.0
gpu,MSI, D6 VENTUS XS OCV3,606.58,GeForce GTX 1650 G6,4.0,1410.0,1620.0,Silver / Black,179.0
gpu,MSI, GAMING X,1386.52,GeForce RTX 4060,8.0,1830.0,2610.0,Black,247.0
gpu,MSI, VENTUS 2X BLACK OC,1689.83,GeForce RTX 4060 Ti,8.0,2310.0,,Black,199.0
gpu,Gigabyte, GAMING OC,3596.35,GeForce RTX 4070 Ti SUPER,16.0,2340.0,2655.0,Black,300.0
gpu,ASRock, Steel Legend OC,2989.73,Radeon RX 7800 XT,16.0,1295.0,2520.0,White,304.0
gpu,MSI, VENTUS 3X OC,3385.5,GeForce RTX 4070 Ti,12.0,2310.0,2655.0,Silver / Black,308.0
gpu,Asus, DUAL OC,2166.46,Radeon RX 7800 XT,16.0,1295.0,2520.0,Black,280.0
gpu,MSI, SUPRIM X,10333.38,GeForce RTX 4090,24.0,2235.0,,Black / Silver,336.0
gpu,EVGA, FTW3 ULTRA GAMING,2859.95,GeForce RTX 3070 Ti,8.0,1575.0,1860.0,Black,300.0
gpu,MSI, SUPRIM X,5199.56,GeForce RTX 4080 SUPER,16.0,2210.0,2655.0,Silver / Black,336.0
gpu,MSI, GeForce RTX 3080 VENTUS 3X 10G OC,3661.34,GeForce RTX 3080 10GB,10.0,1440.0,,Black,305.0
gpu,MSI, EXPERT,4549.61,GeForce RTX 4080 SUPER,16.0,2210.0,2625.0,Copper / Black,312.0
gpu,PowerColor, Hellhound OC,2513.1,Radeon RX 7900 GRE,16.0,1270.0,2366.0,Black,332.0
gpu,MSI, GAMING X SLIM,8055.05,GeForce RTX 4090,24.0,2235.0,2610.0,Black,322.0
gpu,MSI, GT 710 2GD3 LP,212.32,GeForce GT 710,2.0,954.0,,Black,146.0
gpu,Zotac, GAMING Twin Edge,3838.95,GeForce RTX 3060 12GB,12.0,1320.0,1777.0,Black,224.0
gpu,Asus, ProArt OC,3726.34,GeForce RTX 4070 Ti SUPER,16.0,2340.0,2670.0,Black / Gold,300.0
gpu,Gigabyte, AORUS XTREME WATERFORCE,8665.96,GeForce RTX 4090,24.0,2235.0,,Black,238.0
gpu,Gigabyte, GAMING OC,1126.54,Radeon RX 7600,8.0,1720.0,2755.0,Black / Silver,282.0
gpu,PowerColor, Hellhound,3163.05,Radeon RX 7900 XT,20.0,2000.0,2500.0,Black,320.0
gpu,ASRock, Phantom Gaming OC,4029.65,Radeon RX 7900 XTX,24.0,2300.0,2615.0,Black,330.0
gpu,Asus, DUAL OC,1733.16,GeForce RTX 4060 Ti,8.0,2310.0,2595.0,White,227.0
gpu,NVIDIA, Founders Edition,6482.12,GeForce RTX 3090 Ti,24.0,1560.0,1860.0,Silver / Black,313.0
gpu,MSI, VENTUS 2X OC,2686.42,GeForce RTX 4070 SUPER,12.0,1980.0,2520.0,White,242.0
gpu,ASRock, Challenger OC,1213.2,Arc A770,16.0,2100.0,2150.0,Black,271.0
gpu,Asus, TUF Gaming OG OC,7708.41,GeForce RTX 4090,24.0,2235.0,2595.0,Black,326.0
gpu,MSI, VENTUS 3X OC,3596.35,GeForce RTX 4070 Ti SUPER,16.0,2340.0,2655.0,Black / Silver,308.0
gpu,XFX, Speedster MERC 319 CORE,1863.15,Radeon RX 6800 XT,16.0,1825.0,2250.0,Black / Silver,340.0
gpu,ASRock, Intel Arc A380 Challenger ITX,476.59,Arc A380,6.0,2250.0,,Black,190.0
gpu,ASRock, Steel Legend OC,1169.87,Radeon RX 7600,8.0,1720.0,2725.0,White,303.0
gpu,Gigabyte, OC Low Profile,1386.52,GeForce RTX 4060,8.0,1830.0,2475.0,Black,182.0
gpu,PowerColor, Fighter OC,2383.11,Radeon RX 7900 GRE,16.0,1270.0,2293.0,Black,303.0
gpu,PNY, VERTO OC,2599.76,GeForce RTX 4070 SUPER,12.0,1980.0,2490.0,Black,247.0
gpu,MSI, VENTUS 3X OC,1728.87,GeForce RTX 4060 Ti,8.0,2310.0,,Black,308.0
gpu,PNY, VERTO,1256.53,GeForce RTX 4060,8.0,1830.0,2460.0,Black,210.0
gpu,Zotac, GAMING SOLO,1578.47,GeForce RTX 4060,8.0,1830.0,2460.0,Black,163.0
gpu,Gigabyte, GAMING OC,3249.71,Radeon RX 7900 XT,20.0,2000.0,2535.0,Black,331.0
gpu,Zotac, GAMING Trinity OC,3596.35,GeForce RTX 4070 Ti,12.0,2310.0,2625.0,Black,307.0
gpu,Asus, TUF GAMING OC,2855.45,GeForce RTX 4070 SUPER,12.0,1980.0,2595.0,Black,301.0
gpu,Gigabyte, GAMING OC,2556.43,GeForce RTX 4070,12.0,1920.0,2565.0,Black,300.0
gpu,Asus, TUF GAMING OC,1414.51,GeForce GTX 1660 SUPER,6.0,1530.0,1845.0,Black,206.0
gpu,ASRock, Taichi OC,4289.63,Radeon RX 7900 XTX,24.0,2300.0,2680.0,Black,345.0
gpu,Asus, GT730-4H-SL-2GD5,481.83,GeForce GT 730,2.0,902.0,927.0,Blue,148.0
gpu,XFX, Speedster QICK 319 BLACK,1763.27,Radeon RX 7700 XT,12.0,1700.0,2599.0,Black,335.0
gpu,MSI, GeForce RTX 2070 SUPER VENTUS GP OC,2942.11,GeForce RTX 2070 SUPER,8.0,1605.0,1785.0,Silver / Black,258.0
gpu,EVGA, FTW3 ULTRA GAMING,5697.85,GeForce RTX 3090,24.0,1395.0,1800.0,Black,300.0
gpu,PowerColor, Fighter,1516.51,Radeon RX 6750 XT,12.0,2150.0,2600.0,Black,230.0
gpu,PowerColor, Hellhound Spectral,2513.1,Radeon RX 7800 XT,16.0,1295.0,2520.0,White,322.0
gpu,Asus, TUF GAMING OC,2503.69,GeForce RTX 3070,8.0,1500.0,1845.0,Black,300.0
gpu,MSI, VENTUS 3X OC,2079.8,GeForce RTX 4060 Ti,16.0,2310.0,2625.0,Silver / Black,308.0
gpu,MSI, GTX 1050 Ti 4GT OC,1135.25,GeForce GTX 1050 Ti,4.0,1341.0,1455.0,Black / White,215.0
gpu,Asus, STRIX GAMING,2595.47,GeForce GTX 1080 Ti,11.0,1493.0,1632.0,Black,298.0
gpu,PowerColor, Red Devil OC,2253.12,Radeon RX 7800 XT,16.0,1295.0,2565.0,Black,332.0
gpu,ASRock, Steel Legend OC,2469.77,Radeon RX 7900 GRE,16.0,1270.0,2333.0,White,304.0
gpu,Asus, TUF GAMING OC,1646.5,Radeon RX 7600 XT,16.0,1720.0,2830.0,Black,300.0
gpu,MSI, VENTUS 3X E OC,8232.66,GeForce RTX 4090,24.0,2235.0,2565.0,Silver / Black,322.0
gpu,Asus, DUAL Advanced,1949.81,GeForce RTX 4060 Ti,16.0,2310.0,2580.0,Black,227.0
gpu,Gigabyte, AORUS MASTER,5199.56,GeForce RTX 4080 SUPER,16.0,2210.0,2625.0,Black,357.0
gpu,MSI, VENTUS 2X OC,2383.11,GeForce RTX 4070,12.0,1920.0,2520.0,Silver / Black,242.0
gpu,Asus, DUAL OC V2,1213.2,Radeon RX 7600,8.0,1720.0,2715.0,Black,245.0
gpu,Gigabyte, GAMING OC,2422.15,GeForce RTX 3070,8.0,1500.0,1815.0,Black / Silver,286.0
gpu,Asus, DUAL EVO OC,2599.76,GeForce RTX 4070 SUPER,12.0,1980.0,2550.0,Black,227.0
gpu,MSI, VENTUS 3X OC,1715.82,GeForce RTX 3060 Ti LHR,8.0,1410.0,1695.0,Black / Gray,316.0
gpu,PowerColor, Red Devil,4332.96,Radeon RX 7900 XTX,24.0,2300.0,2565.0,Black,338.0
gpu,PNY, VERTO,1906.48,GeForce RTX 4060 Ti,16.0,2310.0,2535.0,Black,245.0
gpu,Zotac, GAMING Twin Edge OC,1945.52,GeForce RTX 3070,8.0,1500.0,1755.0,Black,232.0
gpu,Asus, DUAL,2643.09,GeForce RTX 4070 SUPER,12.0,1980.0,2505.0,Black,267.0
gpu,Sapphire, 21330-01-20G,2209.79,Radeon RX 7800 XT,16.0,1295.0,2430.0,Black,267.0
gpu,Asus, TUF GAMING OC,3466.36,Radeon RX 7900 XT,20.0,2000.0,,Black,353.0
gpu,PNY, VERTO,7582.71,GeForce RTX 4090,24.0,2235.0,2520.0,Black,337.0
gpu,PowerColor, Fighter,1083.21,Radeon RX 6650 XT,8.0,2055.0,2635.0,Black,200.0
gpu,MSI, VENTUS 3X OC,2404.77,GeForce RTX 4070,12.0,1920.0,,Silver / Black,308.0
gpu,PNY, XLR8 Gaming VERTO EPIC-X RGB OC,4462.95,GeForce RTX 4080 SUPER,16.0,2210.0,2595.0,Black,332.0
gpu,Gigabyte, AERO OC V2,3509.69,GeForce RTX 4070 Ti,12.0,2310.0,2640.0,White / Silver,300.0
gpu,PowerColor, Fighter OC,1733.16,Radeon RX 7700 XT,12.0,1700.0,2584.0,Black,290.0
gpu,MSI, GAMING X SLIM,2625.8,GeForce RTX 4060 Ti,16.0,2310.0,2685.0,White,307.0
gpu,ASRock, Phantom Gaming D OC,2166.46,Radeon RX 6800 XT,16.0,1825.0,,Black / Silver,330.0
gpu,PNY, VERTO,2528.78,GeForce RTX 4070,12.0,1920.0,2475.0,Black,247.0
gpu,EVGA, FTW3 ULTRA GAMING LE iCX3,4116.31,GeForce RTX 3080 Ti,12.0,1365.0,1800.0,Black,300.0
gpu,EVGA, FTW3 ULTRA GAMING,2478.43,GeForce RTX 3070,8.0,1500.0,1815.0,Black / Silver,300.0
gpu,Asus, DUAL OC,3466.36,GeForce RTX 4070 Ti SUPER,16.0,2340.0,2655.0,Black,267.0
gpu,MSI, VENTUS 3X,3466.36,GeForce RTX 4070 Ti SUPER,16.0,2340.0,2625.0,Silver / Black,308.0
gpu,Sapphire, PULSE,606.58,Radeon RX 6500 XT,4.0,2310.0,2825.0,Black / Red,194.0
gpu,Gigabyte, EAGLE OC,723.61,GeForce RTX 3050 6GB,6.0,1040.0,1500.0,Black,192.0
gpu,Asus, ROG STRIX GAMING,8579.3,GeForce RTX 4090,24.0,2235.0,2550.0,White,358.0
gpu,Asus, ROG STRIX OC,1685.54,GeForce RTX 4060,8.0,1830.0,2700.0,Black,311.0
gpu,PowerColor, Hellhound OC,1906.48,Radeon RX 7700 XT,12.0,1700.0,2599.0,Black,332.0
gpu,XFX, Speedster QICK 309,1425.56,Radeon RX 7600 XT,16.0,1720.0,2810.0,Black,302.0
gpu,ASRock, Challenger D,866.56,Arc A750,8.0,2200.0,,Black,271.0
gpu,PowerColor, Fighter OC,2209.79,Radeon RX 7800 XT,16.0,1295.0,2475.0,Black,290.0
gpu,MSI, GAMING X,1252.24,GeForce GTX 1660 SUPER,6.0,1530.0,1830.0,Black,247.0
gpu,Asus, DUAL OC,1906.48,Radeon RX 7700 XT,12.0,1700.0,2599.0,Black,280.0
gpu,Gigabyte, AERO OC,2123.13,GeForce RTX 4070,12.0,1920.0,2565.0,White / Silver,300.0
gpu,MSI, VENTUS 3X OC,2599.76,GeForce RTX 3070 Ti,8.0,1575.0,1800.0,Black / Silver,316.0
gpu,PowerColor, Hellhound Spectral,6061.87,Radeon RX 7900 XTX,24.0,2300.0,2525.0,White,338.0
gpu,Zotac, GAMING Twin Edge OC,1364.85,GeForce RTX 3060 12GB,12.0,1320.0,1807.0,Black,224.0
gpu,EVGA, XC3 ULTRA GAMING,2140.59,GeForce RTX 3070,8.0,1500.0,1770.0,Black / Silver,285.0
gpu,EVGA, XC GAMING,1720.2,GeForce RTX 3060 12GB,12.0,1320.0,1882.0,Black,202.0
gpu,Asus, Noctua OC,5849.51,GeForce RTX 4080 SUPER,16.0,2210.0,2640.0,Brown / Black,310.0
gpu,Gigabyte, GAMING OC,2671.12,GeForce RTX 4060 Ti,16.0,2310.0,2595.0,Black,281.0
gpu,Gigabyte, AORUS MASTER,8232.66,GeForce RTX 4090,24.0,2235.0,,Black,358.0
gpu,Sapphire, PULSE,2538.92,Radeon RX 6700 XT,12.0,2321.0,2581.0,Black,260.0
gpu,XFX, Speedster MERC 319,2383.11,Radeon RX 6950 XT,16.0,2009.0,2368.0,Black,340.0
gpu,MSI, VENTUS 2X OC,4074.36,GeForce RTX 4070 Ti SUPER,16.0,2340.0,2655.0,Black / Silver,242.0
gpu,MSI, GeForce GTX 1650 SUPER,1642.21,GeForce GTX 1650 SUPER,4.0,1530.0,1755.0,Black / Silver,248.0
gpu,Zotac, Twin Edge OC,1425.56,GeForce RTX 3060 Ti,8.0,1410.0,1695.0,Black,222.0
gpu,NVIDIA, Founders Edition,2036.42,GeForce RTX 2080,8.0,1515.0,1800.0,Black / Silver,267.0
gpu,MSI, GAMING X SLIM,5069.57,GeForce RTX 4080,16.0,2205.0,2610.0,White / Silver,322.0
gpu,MSI, VENTUS 3X OC,5056.13,GeForce RTX 4080,16.0,2205.0,,Black,322.0
gpu,XFX, Speedster QICK 308 Black,1169.87,Radeon RX 7600,8.0,1875.0,2755.0,Black,272.0
gpu,Sparkle, ORC OC,693.24,Arc A580,8.0,1700.0,2000.0,Blue / Black,222.0
gpu,Gigabyte, WINDFORCE OC,1573.75,GeForce RTX 3060 12GB,12.0,1320.0,1792.0,Black,198.0
gpu,Asus, Phoenix OC,1048.59,GeForce GTX 1660 SUPER,6.0,1530.0,1830.0,Black / White,174.0
gpu,Asus, ProArt OC,2513.1,GeForce RTX 4070,12.0,1920.0,2565.0,Black,300.0
gpu,ASRock, Low Profile,519.92,Arc A380,6.0,2000.0,,Black,169.0
gpu,Asus, ROG STRIX GAMING OC,3245.42,GeForce RTX 4070 SUPER,12.0,1980.0,2670.0,Black,339.0
gpu,EVGA, SC ULTRA GAMING,909.93,GeForce GTX 1660,6.0,1530.0,1830.0,Silver / Black,202.0
gpu,Zotac, GAMING Twin Edge OC,2746.34,GeForce RTX 4070,12.0,1920.0,2490.0,White,226.0
gpu,MSI, VENTUS 2X OC,3553.02,GeForce RTX 4070 Ti SUPER,16.0,2340.0,2655.0,White / Silver,242.0
gpu,Gigabyte, WINDFORCE OC,1694.16,GeForce RTX 4060 Ti,8.0,2310.0,2550.0,Black / Silver,201.0
gpu,Asus, Phoenix GeForce RTX 3060 V2,1499.69,GeForce RTX 3060 12GB,12.0,1320.0,1807.0,Black,177.0
gpu,Gigabyte, OC,1646.54,GeForce GTX 1660 Ti,6.0,1500.0,1800.0,Black / Gray,226.0
gpu,MSI, VENTUS 2X OC,3249.71,GeForce RTX 4070 Ti,12.0,2310.0,2655.0,Silver / Black,242.0
gpu,Asus, DUAL,1208.91,Radeon RX 6600,8.0,1626.0,2491.0,Black / Silver,243.0
gpu,Gigabyte, GAMING OC,3462.11,GeForce RTX 3070 Ti,8.0,1575.0,1830.0,Black / Silver,320.0
gpu,Asus, DUAL OC,2162.17,GeForce RTX 4060 Ti,16.0,2310.0,2625.0,Black,227.0
gpu,Asus, TUF GAMING OC,3813.0,GeForce RTX 4070 Ti,12.0,2310.0,2760.0,White,305.0
gpu,MSI, GAMING X SLIM,2700.15,GeForce RTX 4060 Ti,16.0,2310.0,2685.0,Black,307.0
gpu,Gigabyte, GAMING OC,3466.36,GeForce RTX 4070 Ti,12.0,2310.0,2640.0,Black,336.0
gpu,Zotac, GAMING Trinity OC,3895.37,GeForce RTX 3090,24.0,1395.0,1710.0,Black,318.0
gpu,Asus, TUF GAMING OC,2664.8,GeForce RTX 3060 Ti,8.0,1410.0,1785.0,Black,302.0
gpu,PNY, VERTO,1695.76,GeForce RTX 3060 Ti LHR,8.0,1410.0,1665.0,Black,247.0
gpu,Sparkle, TITAN OC,1386.52,Arc A770,16.0,2100.0,2300.0,Blue / Black,306.0
gpu,PNY, XLR8 Gaming VERTO EPIC-X RGB OC,7630.67,GeForce RTX 4090,24.0,2230.0,2565.0,Black,332.0
gpu,Asus, ROG STRIX OC EVA-02,21771.59,GeForce RTX 4090,24.0,2235.0,2640.0,Red / Black,358.0
gpu,MSI, D3H LP,203.22,GeForce GT 710,1.0,954.0,,Black,146.0
gpu,EVGA, KO ULTRA GAMING,1404.76,GeForce RTX 2060,6.0,1365.0,1755.0,Black,202.0
gpu,MSI, RX 6600 XT MECH 2X 8G OC,1878.4,Radeon RX 6600 XT,8.0,1968.0,2602.0,Black / Silver,235.0
gpu,MSI, RTX 3070 GAMING X TRIO,2386.01,GeForce RTX 3070,8.0,1500.0,1830.0,Black / Silver,323.0
gpu,MSI, GAMING TRIO,8146.0,GeForce RTX 4090,24.0,2235.0,,Black,337.0
gpu,Gigabyte, GAMING OC,1733.16,Radeon RX 5700 XT,8.0,1650.0,1905.0,Black,280.0
gpu,Zotac, GAMING Twin Edge,2110.47,GeForce RTX 4060 Ti,8.0,2310.0,2535.0,Black,226.0
gpu,Asus, ROG STRIX GAMING OC,4549.61,GeForce RTX 4070 Ti,12.0,2310.0,2790.0,Black,336.0
gpu,Asus, STRIX GAMING OC,4242.01,GeForce RTX 2080 Ti,11.0,1350.0,1665.0,Black,305.0
gpu,ASRock, Phantom Gaming OC,1299.86,Arc A770,16.0,2100.0,,Black,305.0
gpu,Gigabyte, GAMING OC,1126.54,GeForce RTX 3050 8GB,8.0,1550.0,,Black,282.0
gpu,PowerColor, Hellhound OC,3596.35,Radeon RX 7900 XT,20.0,2000.0,2500.0,White,320.0
gpu,MSI, GAMING X TRIO,6876.47,GeForce RTX 4080,16.0,2205.0,2610.0,Black,337.0
gpu,Asus, TUF GAMING OC,1906.48,GeForce RTX 4060 Ti,8.0,2310.0,2655.0,Black,300.0
gpu,MSI, GAMING X SLIM,3720.23,GeForce RTX 4070 SUPER,12.0,1980.0,2655.0,White,307.0
gpu,MSI, LP OC,779.9,GeForce RTX 3050 6GB,6.0,1040.0,1492.0,Black,174.0
gpu,NVIDIA, Founders Edition,3236.58,GeForce RTX 2070 SUPER,8.0,1605.0,1770.0,Silver,267.0
gpu,MSI, GAMING X,1776.49,GeForce RTX 4060 Ti,8.0,2310.0,,Black,247.0
gpu,Gigabyte, GAMING OC,1776.49,GeForce RTX 4060 Ti,8.0,2310.0,,Black,281.0
gpu,Asus, ROG STRIX GAMING OC,3024.65,GeForce RTX 4070,12.0,1920.0,2640.0,Black / Red,339.0
gpu,ASRock, Challenger ITX,541.58,Radeon RX 6400,4.0,1923.0,,Black / Silver,162.0
gpu,ASRock, Phantom Gaming OC,2296.45,Radeon RX 7800 XT,16.0,1295.0,2565.0,Black,328.0
gpu,Asus, ROG STRIX LC GAMING OC,14985.64,GeForce RTX 4090,24.0,2235.0,2640.0,Black / Silver,293.0
gpu,Asus, ROG STRIX-GTX1070-O8G-GAMING,2469.68,GeForce GTX 1070,8.0,1632.0,1860.0,Black,298.0
gpu,XFX, Speedster SWFT 210 Core,996.55,Radeon RX 6650 XT,8.0,2055.0,2635.0,Black,241.0
gpu,Asus, DUAL,2220.36,GeForce GTX 1060 6GB,6.0,1594.0,1809.0,White,242.0
gpu,MSI, RX 580 8G,1126.58,Radeon RX 580,8.0,1257.0,1340.0,Black / Red,243.0
gpu,Asus, GT1030-2G-CSM,389.93,GeForce GT 1030,2.0,1266.0,1506.0,Black / Blue,173.0
gpu,Gigabyte, GV-N1030D4-2GL,281.56,GeForce GT 1030 DDR4,2.0,1151.0,1417.0,Black,150.0
gpu,EVGA, SC2,2101.5,GeForce GTX 1080 Ti,11.0,1556.0,1670.0,Silver,267.0
gpu,MSI, MECH 2X OC,1213.2,Radeon RX 6650 XT,8.0,2055.0,,Silver / Black,235.0
gpu,Gigabyte, AORUS MASTER,3899.66,GeForce RTX 4070 Ti SUPER,16.0,2340.0,2670.0,Black,342.0
gpu,Asus, ProArt OC,3683.01,GeForce RTX 4070 Ti,12.0,2310.0,2760.0,Black / Gold,300.0
gpu,Sapphire, NITRO+,4105.43,Radeon RX 7900 XT,20.0,2000.0,2560.0,Silver / Black,320.0
gpu,Asus, DUAL OC,2299.31,GeForce RTX 3060 Ti,8.0,1410.0,1710.0,White,230.0
gpu,XFX, Speedster SWFT 319,1776.49,Radeon RX 6800 XT,16.0,1825.0,2250.0,Black,340.0
gpu,Asus, DUAL OC,1945.52,GeForce RTX 3060 12GB,12.0,1320.0,1867.0,White,200.0
gpu,Asus, ROG STRIX GAMING OC,6969.54,GeForce RTX 4080,16.0,2205.0,2655.0,Black / Red,358.0
gpu,ASRock, Challenger OC,1126.54,Radeon RX 7600,8.0,1720.0,2695.0,Black,269.0
gpu,PNY, XLR8 Gaming VERTO EPIC-X RGB,1689.83,GeForce RTX 4060 Ti,8.0,2310.0,2535.0,Black,305.0
gpu,MSI, GAMING X SLIM,3552.28,GeForce RTX 4070,12.0,1920.0,2625.0,White,307.0
gpu,Asus, STRIX GAMING OC,6239.48,GeForce RTX 3090,24.0,1395.0,1890.0,Black,318.0
gpu,Asus, DUAL OC,2028.28,GeForce RTX 3070,8.0,1500.0,,Black,267.0
gpu,EVGA, XC3 ULTRA GAMING,3335.98,GeForce RTX 3080 10GB,10.0,1440.0,1755.0,Black,285.0
gpu,Asus, ROG STRIX GAMING,8449.31,GeForce RTX 4090,24.0,2235.0,2550.0,Black,358.0
gpu,PowerColor, Red Dragon OC,3024.43,Radeon RX 6800 XT,16.0,1825.0,2310.0,Black,310.0
gpu,MSI, GAMING X SLIM,3769.67,GeForce RTX 4070 Ti SUPER,16.0,2340.0,2685.0,White / Silver,307.0
gpu,ASRock, Challenger D OC,602.29,Radeon RX 5500 XT,4.0,1685.0,1845.0,Black / Yellow,241.0
gpu,Asus, DUAL EVO OC,1343.19,GeForce RTX 4060,8.0,1830.0,2535.0,Black,227.0
gpu,Asus, ROG STRIX GAMING OC,6235.14,GeForce RTX 3080 Ti,12.0,1365.0,1845.0,Black / Silver,318.0
gpu,MSI, Ventus XS OCV1,693.24,GeForce GTX 1650 G6,4.0,1410.0,1620.0,Black / Silver,179.0
gpu,MSI, GAMING X SLIM MLG,2621.42,GeForce RTX 4070 SUPER,12.0,1980.0,2655.0,Black / Red,307.0
gpu,Zotac, GAMING AMP,996.55,GeForce GTX 1660 SUPER,6.0,1530.0,1845.0,Black,210.0
gpu,Gigabyte, OC Low Profile,823.23,GeForce RTX 3050 6GB,6.0,1040.0,1477.0,Black,181.0
gpu,Gigabyte, WINDFORCE 2X OC,2383.11,GeForce RTX 4070,12.0,2475.0,2490.0,Black / Silver,201.0
gpu,Gigabyte, AERO OC,6369.47,GeForce RTX 4080,16.0,2205.0,2535.0,White,342.0
gpu,Asus, TUF GAMING,4332.57,GeForce RTX 4070 Ti,12.0,2310.0,2640.0,Black,305.0
gpu,PowerColor, Fighter,1126.54,Radeon RX 7600,8.0,1720.0,2655.0,Black,212.0
gpu,Zotac, GAMING AMP Holo,3769.67,GeForce RTX 4070 Ti SUPER,16.0,2340.0,2640.0,Black,356.0
gpu,ASRock, Low Profile,433.26,Arc A310,4.0,2000.0,,Black,169.0
gpu,Zotac, GAMING AMP Extreme AIRO,12977.34,GeForce RTX 4090,24.0,2235.0,2580.0,Black / Silver,356.0
gpu,MSI, GAMING X TRIO,3033.06,GeForce RTX 3070 Ti,8.0,1575.0,1830.0,Black / Silver,323.0
gpu,PNY, XLR8 Gaming VERTO EPIC-X RGB OC,3596.35,GeForce RTX 4070 Ti SUPER,16.0,2340.0,2655.0,Black,333.0
gpu,Asus, TUF GAMING OC V2,1338.85,GeForce RTX 3060 12GB,12.0,1320.0,1882.0,Black,301.0
gpu,MSI, GAMING X,1071.33,GeForce GTX 1050 Ti,4.0,1290.0,1493.0,Black / Red,229.0
gpu,Gigabyte, GAMING OC V2,4396.96,GeForce RTX 4070 Ti,12.0,2310.0,2640.0,Black,300.0
gpu,Asus, ROG STRIX GAMING OC,7149.02,GeForce RTX 4080,16.0,2205.0,2655.0,White,358.0
gpu,Gigabyte, GAMING OC,5326.43,GeForce RTX 3080 Ti,12.0,1365.0,1770.0,Black / Silver,320.0
gpu,MSI, VENTUS 2X E OC,3011.09,GeForce RTX 4070,12.0,1920.0,2520.0,Silver / Black,245.0
gpu,ASRock, Phantom Gaming D,606.19,Radeon RX 570,4.0,1168.0,1244.0,Black,236.0
gpu,Zotac, GAMING Twin Edge,2342.07,GeForce RTX 4060 Ti,16.0,2310.0,2535.0,Black,226.0
gpu,Asus, TUF GAMING OC V2,4025.36,GeForce RTX 3080 10GB LHR,10.0,1440.0,1815.0,Black,300.0
gpu,Sapphire, NITRO+,2386.57,Radeon RX 7700 XT,12.0,1700.0,,Black,320.0
gpu,MSI, GAMING X,2166.46,GeForce GTX 1070,8.0,1506.0,1797.0,Black / Red,279.0
gpu,NVIDIA, Founders Edition,4237.67,GeForce RTX 2080 Ti,11.0,1350.0,1635.0,,267.0
gpu,PNY, VERTO,1646.5,GeForce RTX 4060 Ti,8.0,2310.0,2535.0,Black,245.0
gpu,Acer, Predator BiFrost OC,996.55,Arc A750,8.0,2050.0,,Black,267.0
gpu,MSI, GeForce RTX 3090 TI GAMING X TRIO 24G,6698.6,GeForce RTX 3090 Ti,24.0,1560.0,1920.0,Black,325.0
gpu,MSI, GAMING X TRIO,4527.98,GeForce RTX 4070 Ti,12.0,2310.0,2760.0,Black,337.0
gpu,Inno3D, Twin X2,1502.25,GeForce RTX 3060 12GB,12.0,1320.0,1777.0,Black,240.0
gpu,Asus, TUF GAMING OC,2461.71,Radeon RX 7700 XT,12.0,1700.0,2599.0,Black,320.0
gpu,Gigabyte, WINDFORCE,9311.62,GeForce RTX 4090,24.0,2235.0,2520.0,Black,331.0
gpu,MSI, GAMING X SLIM,3379.7,GeForce RTX 4070 Ti,12.0,2310.0,2745.0,Black,307.0
gpu,PowerColor, Red Devil,2475.27,Radeon RX 6700 XT,12.0,2321.0,2622.0,Black,320.0
gpu,Sapphire, NITRO+,1988.85,Radeon RX 580,8.0,1257.0,1411.0,Black,260.0
gpu,Asus, ProArt OC,2903.07,GeForce RTX 4070 SUPER,12.0,1980.0,2565.0,Black / Gold,300.0
gpu,EVGA, BLACK GAMING,5260.22,GeForce RTX 2080 SUPER,8.0,1650.0,1815.0,Black,270.0
gpu,Zotac, GAMING Trinity OC,3466.36,GeForce RTX 4070 Ti,12.0,2310.0,2625.0,White,307.0
gpu,ASRock, Phantom Gaming OC,1949.81,Radeon RX 7700 XT,12.0,1700.0,2599.0,Black,328.0
gpu,Asus, TUF GAMING OC,1347.74,GeForce GTX 1650 SUPER,4.0,1530.0,1800.0,Black,206.0
gpu,PowerColor, Hellhound Sakura OC,2599.76,Radeon RX 7800 XT,16.0,1295.0,2520.0,White / Pink,322.0
gpu,MSI, VENTUS 2X OC,2122.74,GeForce RTX 3060 Ti,8.0,1410.0,1695.0,Black / Silver,232.0
gpu,Asus, ROG STRIX GAMING OC,3899.66,GeForce RTX 3070 Ti,8.0,1575.0,,Black / Silver,318.0
gpu,Asus, DUAL OC,1432.97,GeForce RTX 3050 8GB,8.0,1550.0,1852.0,Black,200.0
gpu,ASRock, Steel Legend OC,2389.26,Radeon RX 7700 XT,12.0,1700.0,2599.0,White,304.0
gpu,EVGA, FTW3 ULTRA GAMING,6715.93,GeForce RTX 3090 Ti,24.0,1560.0,1920.0,Black,300.0
gpu,Zotac, GAMING Twin Edge OC,1819.82,GeForce RTX 4060 Ti,8.0,2310.0,2565.0,White,226.0
gpu,Asus, TUF GAMING OC,3033.06,GeForce RTX 3070 Ti,8.0,1575.0,1815.0,Black / Silver,300.0
gpu,EVGA, XC3 ULTRA GAMING,2946.4,GeForce RTX 3070 Ti,8.0,1575.0,1815.0,Black,285.0
gpu,Gigabyte, AORUS MASTER,3033.06,GeForce RTX 4070 SUPER,12.0,1980.0,2655.0,Black,342.0
gpu,PNY, VCQRTX8000-PB,15598.63,Quadro RTX 8000,48.0,1395.0,1770.0,Black / White,267.0
gpu,PNY, XLR8 Gaming VERTO EPIC-X RGB OC,2686.42,GeForce RTX 4070 SUPER,12.0,1980.0,2505.0,Black,305.0
gpu,MSI, MECH 2X OC,823.23,Radeon RX 6500 XT,4.0,2310.0,2825.0,Black / Silver,172.0
gpu,Asus, ROG STRIX WHITE OC,6586.12,GeForce RTX 3090,24.0,1395.0,1890.0,White / Black,318.0
gpu,Sparkle, ELF,519.92,Arc A380,6.0,2000.0,2000.0,Blue / Black,153.0
gpu,PowerColor, Red Devil OC,3032.97,Radeon RX 6800 XT,16.0,1825.0,2340.0,Black,320.0
gpu,Zotac, Twin Edge OC,2426.44,GeForce RTX 4070,12.0,1920.0,2490.0,Black,226.0
gpu,Gigabyte, D6 OC Rev 2.0,828.6,GeForce GTX 1650 G6,4.0,1410.0,1635.0,Black / Silver,172.0
gpu,PNY, RTX A-Series,4242.01,RTX A4000,16.0,735.0,1560.0,Black / Gold,241.0
gpu,Gigabyte, GV-N1030OC-2GI,465.54,GeForce GT 1030,2.0,1290.0,1544.0,Black / Orange,168.0
gpu,Zotac, Trinity Black Edition,2816.41,GeForce RTX 4070 SUPER,12.0,1980.0,2475.0,Black,307.0
gpu,Gigabyte, EAGLE OC,3764.6,GeForce RTX 4070,12.0,1920.0,2505.0,Black,261.0
gpu,PNY, RTX A-Series,2556.43,RTX A2000 12GB,12.0,562.0,1200.0,Black,167.0
gpu,Asus, ProArt OC,1581.5,GeForce RTX 4060,8.0,1830.0,2580.0,Black / Gold,300.0
gpu,Asus, ROG STRIX,2595.42,GeForce GTX 1080,8.0,1670.0,1835.0,Black,298.0
gpu,Asus, DUAL EVO OC,2635.16,GeForce RTX 4070,12.0,1920.0,2550.0,Black,227.0
gpu,PNY, VERTO,1126.54,GeForce RTX 3060 8GB,8.0,1320.0,1777.0,Black,247.0
gpu,Zotac, GAMING Trinity OC,9874.91,GeForce RTX 4090,24.0,2235.0,2535.0,White,356.0
gpu,PNY, VERTO,2166.46,GeForce RTX 3070 Ti,8.0,1575.0,1770.0,Black,305.0
gpu,XFX, Speedster SWFT 210,1733.16,Radeon RX 6600 XT,8.0,2092.0,2589.0,Black,241.0
gpu,Zotac, GAMING Trinity OC,5665.31,GeForce RTX 3080 Ti,12.0,1365.0,1695.0,Black / Silver,318.0
gpu,AMD, 100-300000074,17047.37,Radeon PRO W7900,48.0,1855.0,2495.0,Black,280.0
gpu,EVGA, SC ULTRA GAMING,1126.54,GeForce GTX 1660 SUPER,6.0,1530.0,1830.0,Black,202.0
gpu,Zotac, GAMING Twin Fan,953.22,GeForce GTX 1660,6.0,1530.0,1785.0,Black,216.0
gpu,Gigabyte, EAGLE OC,1776.49,GeForce RTX 4060 Ti,8.0,2310.0,,Black,272.0
gpu,MSI, MECH 2X OC,3607.22,Radeon RX 6700 XT,12.0,2321.0,,Black / Silver,247.0
gpu,Asus, DUAL EVO OC,1494.88,GeForce RTX 2060,6.0,1365.0,1785.0,Black,242.0
gpu,Palit, Dual,3017.89,GeForce RTX 4070 SUPER,12.0,1980.0,2475.0,Black,269.0
gpu,NVIDIA, Founders Edition,2552.14,GeForce GTX 1070 Ti,8.0,1607.0,1683.0,Silver / Black,267.0
gpu,MSI, Radeon RX 6900 XT GAMING X TRIO 16G,4382.09,Radeon RX 6900 XT,16.0,1825.0,2340.0,Silver / Black,324.0
gpu,Asus, ROG STRIX GAMING,6476.67,GeForce RTX 4080 SUPER,16.0,2210.0,2580.0,Black,358.0
gpu,Gigabyte, AORUS MASTER,2526.66,GeForce RTX 3070,8.0,1500.0,1845.0,Black,290.0
gpu,Asus, DUAL OC,2564.27,Radeon RX 6750 XT,12.0,2150.0,2618.0,Black / Silver,295.0
gpu,MSI, VENTUS 2X OC,3202.09,GeForce RTX 4070 Ti,12.0,2310.0,2655.0,White / Silver,242.0
gpu,EVGA, SC GAMING,1468.89,GeForce RTX 2060,6.0,1365.0,1710.0,Black,190.0
gpu,MSI, AERO,3553.02,GeForce RTX 4070 Ti SUPER,16.0,2340.0,2610.0,Black,263.0
gpu,MSI, GeForce RTX 3090 GAMING X TRIO 24G,5632.86,GeForce RTX 3090,24.0,1395.0,,Black,335.0
gpu,Palit, Dual,1536.31,GeForce RTX 3060 12GB,12.0,1320.0,,Black,245.0
gpu,MSI, GAMING X TRIO,8020.38,GeForce RTX 3080 Ti,12.0,1365.0,1770.0,Black / Silver,324.0
gpu,Zotac, GAMING AMP Extreme AIRO,4636.27,GeForce RTX 4080 SUPER,16.0,2210.0,2610.0,Black,356.0
gpu,Acer, Predator BiFrost OC,1299.86,Radeon RX 7600,8.0,1720.0,2725.0,Black,267.0
gpu,MSI, GAMING X,2417.47,GeForce RTX 4060 Ti,16.0,2310.0,2655.0,Black,247.0
gpu,Asus, ROG STRIX GAMING OC,2982.01,GeForce RTX 4060 Ti,16.0,2310.0,2745.0,Black / Red,311.0
gpu,PNY, XLR8 Gaming VERTO EPIC-X RGB OC,3379.7,GeForce RTX 4070 Ti,12.0,2310.0,2670.0,Black,332.0
gpu,MSI, GAMING X TRIO,2513.1,Radeon RX 6750 XT,12.0,2150.0,2623.0,Silver / Black,327.0
gpu,EVGA, SC GAMING,1920.56,GeForce GTX 1060 6GB,6.0,1607.0,1835.0,Black / Gray,173.0
gpu,Asus, STRIX GAMING OC,2491.48,GeForce RTX 2070,8.0,1410.0,1845.0,Black,305.0
gpu,MSI, VENTUS 3X E OC,3379.18,GeForce RTX 4070 Ti,12.0,2310.0,2655.0,Silver / Black,308.0
gpu,Asus, ROG STRIX GAMING,3683.01,GeForce RTX 4070 Ti,12.0,2310.0,2640.0,Black,336.0
gpu,XFX, Speedster MERC 319 Black,3336.37,Radeon RX 6900 XT,16.0,1950.0,2365.0,Black / Silver,340.0
gpu,Gigabyte, Vision OC,4322.17,GeForce RTX 3070 Ti,8.0,1575.0,1830.0,White / Silver,320.0
gpu,Sapphire, NITRO+,2599.76,Radeon RX 6700 XT,12.0,2321.0,2622.0,Silver / Black,310.0
gpu,Asus, TUF Gaming EVO OC,1559.84,GeForce GTX 1660 Ti,6.0,1500.0,1845.0,Black / Gray,206.0
gpu,Asus, ROG STRIX GAMING OC,3202.09,GeForce RTX 3070,8.0,1500.0,1905.0,Black,318.0
gpu,MSI, Radeon RX 5500 XT MECH 8G OC,1516.51,Radeon RX 5500 XT,8.0,1647.0,1845.0,Black,215.0
gpu,XFX, Speedster MERC 308 Black,1733.16,Radeon RX 6650 XT,8.0,2055.0,2694.0,Silver / Black,274.0
gpu,PowerColor, Hellhound OC,1516.51,Radeon RX 7600 XT,16.0,1720.0,2810.0,Black,220.0
gpu,MSI, GeForce RTX 2060 VENTUS GP 12G OC,1289.07,GeForce RTX 2060 12GB,12.0,1470.0,1695.0,Gray / Black,231.0
gpu,NVIDIA, TITAN RTX,6143.67,TITAN RTX,24.0,1350.0,1770.0,Gold / Black,267.0
gpu,MSI, GAMING Z TRIO,4116.13,GeForce RTX 3080 10GB LHR,10.0,1440.0,1830.0,Black,323.0
gpu,MSI, VENTUS XS OC,996.55,GeForce GTX 1650 G5,4.0,1485.0,1740.0,Black / White,170.0
gpu,Acer, Predator BiFrost OC,996.55,Arc A750,8.0,2200.0,2400.0,Black,267.0
gpu,Zotac, GAMING Twin Fan,965.65,GeForce GTX 1660 SUPER,6.0,1530.0,1785.0,Black,173.0
gpu,Gigabyte, Vision OC,2335.49,GeForce RTX 3060 Ti,8.0,1665.0,1755.0,Silver / White,281.0
gpu,Asus, ROG STRIX GAMING OC V2,2903.07,GeForce RTX 3060 12GB,12.0,1320.0,1912.0,Black / Silver,300.0
gpu,MSI, VENTUS 2X OCV1,2162.17,GeForce RTX 3060 Ti LHR,8.0,1410.0,1695.0,Black / Gray,235.0
gpu,MSI, VENTUS XS OC,1646.5,GeForce GTX 1660 Ti,6.0,1500.0,1830.0,,204.0
gpu,MSI, ARMOR OC,2122.95,Radeon RX 580,8.0,1257.0,1366.0,Black / White,269.0
gpu,MSI, MECH 2X OC,2292.16,Radeon RX 6750 XT,12.0,2150.0,2618.0,Silver / Black,249.0
gpu,Asus, ProArt OC,6746.39,GeForce RTX 4080,16.0,2205.0,2625.0,Black / Gold,300.0
gpu,Asus, TUF GAMING,2595.47,GeForce RTX 3070 Ti,8.0,1575.0,1800.0,Black / Silver,300.0
gpu,Asus, Phoenix,996.55,GeForce RTX 3050 8GB,8.0,1550.0,1807.0,Black,177.0
gpu,MSI, GeForce RTX 3070 VENTUS 3X OC,3001.82,GeForce RTX 3070,8.0,1500.0,1755.0,Black / Silver,305.0
gpu,Asus, Phoenix,1078.92,GeForce GTX 1050 Ti,4.0,1290.0,1392.0,Black / White,192.0
gpu,Zotac, GAMING AMP Extreme AIRO,3249.71,GeForce RTX 4070 Ti,12.0,2310.0,2700.0,Black,356.0
gpu,Inno3D, Twin X2,2885.3,GeForce RTX 4070,12.0,1920.0,2475.0,Black / Silver,250.0
gpu,MSI, SUPRIM LIQUID,8315.03,GeForce RTX 4090,24.0,2235.0,2610.0,Black / Silver,280.0
gpu,MSI, VENTUS 2X OC,1687.05,GeForce RTX 3050 8GB,8.0,1550.0,,Black,235.0
gpu,EVGA, FTW3 ULTRA GAMING,4146.64,GeForce RTX 3080 12GB LHR,12.0,1260.0,1800.0,Black,300.0
gpu,Asus, TUF GAMING OC,6152.64,GeForce RTX 3090,24.0,1395.0,,Black,300.0
gpu,Asus, TUF GAMING OC,4484.61,GeForce RTX 3080 Ti,12.0,1365.0,1695.0,Black,300.0
gpu,Zotac, Twin Edge,3070.02,GeForce RTX 4070,12.0,1920.0,2475.0,Black,226.0
gpu,Sparkle, ORC OC,866.56,Arc A750,8.0,2050.0,2200.0,Blue / Black,222.0
gpu,Gigabyte, GAMING OC,2543.47,Radeon RX 6600 XT,8.0,1968.0,2593.0,Black / Silver,282.0
gpu,Gigabyte, GAMING OC,6131.15,GeForce RTX 3090,24.0,1395.0,1755.0,Black / Gray,320.0
gpu,Asus, TUF GAMING,2729.75,GeForce RTX 4070,12.0,2475.0,2505.0,Black,301.0
gpu,EVGA, XC GAMING,3111.09,GeForce RTX 3060 Ti,8.0,1410.0,1710.0,Black,202.0
gpu,Gigabyte, WINDFORCE,862.27,GeForce GTX 980,4.0,1228.0,1329.0,Black,312.0
gpu,EVGA, FTW GAMING ACX 3.0,2599.76,GeForce GTX 1080,8.0,1721.0,1860.0,Black / Silver,267.0
gpu,Asus, TUF GAMING,1949.81,GeForce RTX 4060 Ti,8.0,2310.0,2565.0,Black,300.0
gpu,MSI, VENTUS 2X OC,3462.07,GeForce RTX 3070,8.0,1500.0,1755.0,Black / Silver,232.0
gpu,Palit, StormX,2080.79,GeForce RTX 4060 Ti,8.0,2310.0,2535.0,Black,170.0
gpu,Gigabyte, GAMING OC,4332.96,Radeon RX 6800 XT,16.0,1825.0,2285.0,Black / Silver,286.0
gpu,NVIDIA, 9001G4012510000,2032.18,GeForce GTX 970,4.0,1050.0,1178.0,Black / Silver,267.0
gpu,Gigabyte, GAMING OC,6274.18,GeForce RTX 4080,16.0,2205.0,2535.0,Black,342.0
gpu,Asus, DUAL,2643.09,GeForce RTX 4070 SUPER,12.0,1980.0,2505.0,White,267.0
gpu,Gigabyte, GAMING OC,2034.34,GeForce GTX 1660 SUPER,6.0,1530.0,1860.0,Black / Silver,280.0
gpu,Asus, DUAL,1512.22,GeForce GTX 1060 3GB,3.0,1594.0,1809.0,White,242.0
gpu,Zotac, GAMING Trinity OC,11261.47,GeForce RTX 4090,24.0,2235.0,2535.0,Black / Silver,356.0
gpu,MSI, VENTUS XS OC,2812.12,GeForce RTX 2080 SUPER,8.0,1650.0,1830.0,Silver / Black,257.0
gpu,XFX, Speedster SWFT 105,606.58,Radeon RX 6400,4.0,1923.0,,Black,155.0
gpu,PNY, XLR8 Gaming VERTO EPIC-X RGB,3202.95,GeForce RTX 4070,12.0,1920.0,2475.0,Black,305.0
gpu,MSI, EXPERT,3596.35,GeForce RTX 4070 Ti SUPER,16.0,2340.0,2685.0,Silver,312.0
gpu,Gigabyte, EAGLE OC,2556.95,GeForce RTX 3070,8.0,1500.0,1770.0,Black / Silver,282.0
gpu,Zotac, GAMING AMP Holo,2859.35,GeForce RTX 3070 Ti,8.0,1575.0,1830.0,Black / Silver,317.0
gpu,MSI, GAMING X,996.55,GeForce RTX 3050 8GB,8.0,1550.0,,Black,278.0
gpu,Gigabyte, GV-N1030D5-2GL,461.38,GeForce GT 1030,2.0,1252.0,1506.0,Black,150.0
gpu,MSI, VENTUS 3X E OC,3174.1,GeForce RTX 4070,12.0,1920.0,2520.0,Silver / Black,308.0
gpu,Asus, ROG STRIX OC,2079.8,GeForce RTX 4060 Ti,8.0,2310.0,2715.0,Black,311.0
gpu,MSI, Radeon RX 6800 XT Gaming X Trio 16G,3899.66,Radeon RX 6800 XT,16.0,1850.0,2285.0,Silver / Black,324.0
gpu,Gigabyte, EAGLE,1815.53,Radeon RX 6700 XT,12.0,2321.0,,Black,282.0
gpu,Asus, STRIX GAMING,2946.4,GeForce RTX 4070,12.0,2475.0,2505.0,Black,339.0
gpu,MSI, GAMING X TRIO,3466.36,GeForce RTX 4070,12.0,1920.0,,Black / Gray,338.0
gpu,Sapphire, PULSE Low Profile,801.22,Radeon RX 6400,4.0,1923.0,,Black / Red,170.0
gpu,Palit, StormX,1581.07,GeForce RTX 4060,8.0,1830.0,2460.0,Black,170.0
gpu,MSI, GT 710 1GD3H LP,302.1,GeForce GT 710,1.0,954.0,,Black,146.0
gpu,EVGA, XC3 BLACK GAMING,3639.72,GeForce RTX 3080 10GB,10.0,1440.0,1710.0,Black,285.0
gpu,Asus, TUF Gaming OG,9749.16,GeForce RTX 4090,24.0,2235.0,2550.0,Black,326.0
gpu,Sparkle, ECO,433.26,Arc A310,4.0,1750.0,1000.0,Blue,156.0
gpu,AMD, â€Ž100-438373,4332.96,Radeon RX 6900 XT,16.0,1825.0,2250.0,Black / Silver,267.0
gpu,PNY, VCNRTX4000ADALP-PB,5669.25,RTX 4000 SFF Ada Generation,20.0,1290.0,1565.0,Black,168.0
gpu,MSI, GAMING X,2591.13,GeForce GTX 1080,8.0,1607.0,1847.0,Black / Red,279.0
gpu,Acer, Predator BiFrost OC,2426.44,Radeon RX 7800 XT,16.0,1295.0,2565.0,Black,282.0
gpu,PNY, XLR8 Gaming VERTO EPIC-X RGB,1429.85,GeForce RTX 4060,8.0,1830.0,2460.0,Black,260.0
gpu,Asus, DUAL,2662.54,Radeon RX 6700 XT,12.0,2321.0,,Black,295.0
gpu,Zotac, GAMING,1216.84,GeForce GTX 1660 Ti,6.0,1500.0,1770.0,Black,173.0
gpu,Gigabyte, EAGLE,1053.7,Radeon RX 6500 XT,4.0,2310.0,2815.0,Black,192.0
gpu,Gainward, 426018336-3798,21755.99,GeForce GTX 1060 3GB,3.0,1506.0,1708.0,Black,252.0
gpu,EVGA, XC GAMING,1126.49,GeForce RTX 3050 8GB,8.0,1550.0,1845.0,Black,202.0
gpu,Asus, Noctua OC,8665.96,GeForce RTX 4080,16.0,2205.0,2625.0,Brown / Beige,310.0
gpu,Sparkle, GENIE,541.58,Arc A380,6.0,2000.0,2000.0,Blue,145.0
gpu,Asus, DUAL,1733.16,GeForce RTX 4060 Ti,8.0,2310.0,2565.0,White,227.0
gpu,Asus, TUF-RX6800XT-O16G-GAMING,4670.97,Radeon RX 6800 XT,16.0,1825.0,2340.0,Black,320.0
gpu,AMD, 100-505999,525.33,Radeon Pro WX 3100,4.0,925.0,1219.0,Blue,168.0
gpu,Asus, ROG STRIX,2595.47,GeForce GTX 1070 Ti,8.0,1607.0,1759.0,Black,298.0
gpu,PNY, XLR8 Gaming VERTO EPIC-X RGB,7756.03,GeForce RTX 4090,24.0,2230.0,2520.0,Black,332.0
gpu,NVIDIA, Founders Edition,3236.58,GeForce RTX 2070,8.0,1410.0,1710.0,Silver / Black,229.0
gpu,EVGA, FTW3 ULTRA GAMING,2122.74,GeForce RTX 3060 Ti LHR,8.0,1410.0,1800.0,Black,285.0
gpu,MSI, GeForce RTX 3080 GAMING X TRIO 10G,3899.48,GeForce RTX 3080 10GB,10.0,1440.0,,Black,323.0
gpu,Asus, DUAL OC V2,2162.17,GeForce RTX 3070 LHR,8.0,1500.0,1800.0,Black,267.0
gpu,Asus, TUF GAMING OC,6750.73,GeForce RTX 4080,16.0,2205.0,2625.0,Black,348.0
gpu,PNY, VERTO,3249.71,GeForce RTX 4070 Ti,12.0,2310.0,2610.0,Black,305.0
gpu,MSI, GAMING X,4332.96,GeForce RTX 2070 SUPER,8.0,1605.0,1800.0,Black,297.0
gpu,PNY, XLR8 Gaming VERTO EPIC-X RGB OC,2123.13,GeForce RTX 4060 Ti,16.0,2310.0,2580.0,Black,305.0
gpu,EVGA, SC ULTRA GAMING,987.92,GeForce GTX 1650 SUPER,4.0,1530.0,1755.0,Black,202.0
gpu,Asus, ROG STRIX GAMING,3163.05,GeForce RTX 4070 SUPER,12.0,1980.0,2505.0,Black,339.0
gpu,Asus, ROG STRIX WHITE OC,7062.75,GeForce RTX 3080 10GB,10.0,1440.0,1935.0,White,318.0
gpu,Gigabyte, AORUS MASTER,4194.47,GeForce RTX 3070 Ti,8.0,1575.0,1875.0,Black,324.0
gpu,Gigabyte, GAMING OC,2903.11,Radeon RX 6700 XT,12.0,2321.0,,Black / Silver,281.0
gpu,MSI, D6 VENTUS XS OC,693.24,GeForce GTX 1650 G6,4.0,1410.0,1620.0,Black / Silver,178.0
gpu,Asus, GT730-SL-2GD5-BRK,342.26,GeForce GT 730,2.0,902.0,,Blue / Black,165.0
gpu,XFX, Speedster QICK 319 BLACK,2383.11,Radeon RX 6700 XT,12.0,2457.0,2622.0,Black,323.0
gpu,MSI, GAMING X SLIM,7619.58,GeForce RTX 4070 Ti,12.0,2310.0,2745.0,White,307.0
gpu,PowerColor, Fighter OC,866.56,Radeon RX 6500 XT,4.0,2310.0,,Black,191.0
gpu,Zotac, GAMING Trinity OC,3033.06,GeForce RTX 3070 Ti,8.0,1575.0,1800.0,Black,318.0
gpu,Asus, DUAL OC,1222.51,GeForce GTX 1650 G5,4.0,1485.0,1755.0,Silver / Black,204.0
gpu,Asus, ROG STRIX GAMING OC,4328.67,GeForce RTX 3080 12GB LHR,12.0,1260.0,1890.0,Black / Silver,318.0
gpu,EVGA, FTW3 ULTRA GAMING,5541.91,GeForce RTX 2080 Ti,11.0,1350.0,1755.0,Clear / Black,302.0
gpu,ASRock, Phantom Gaming D OC,3032.88,Radeon RX 6900 XT,16.0,1925.0,2340.0,Black / Silver,330.0
gpu,Gigabyte, GAMING OC PRO,2426.44,GeForce RTX 3060 Ti,8.0,1410.0,1770.0,Black / Silver,286.0
gpu,EVGA, XC ULTRA GAMING,1702.96,GeForce RTX 2080,8.0,1515.0,1815.0,Black / Clear,270.0
gpu,PNY, VERTO,1299.86,GeForce RTX 3060 12GB,12.0,1320.0,1777.0,Black,247.0
gpu,Asus, DUAL EVO OC,1155.91,GeForce GTX 1660 SUPER,6.0,1530.0,1860.0,Black,242.0
gpu,EVGA, FTW3 ULTRA GAMING LHR,3639.5,GeForce RTX 3080 10GB LHR,10.0,1440.0,1800.0,Black,300.0
gpu,Asus, DUAL EVO OC,1733.16,GeForce RTX 4060 Ti,8.0,2310.0,2595.0,Black,227.0
gpu,PowerColor, Fighter,1733.16,Radeon RX 6600 XT,8.0,1968.0,2589.0,Black,200.0
gpu,EVGA, XC3 BLACK GAMING,3179.12,GeForce RTX 3080 10GB LHR,10.0,1440.0,1710.0,Black,285.0
gpu,MSI, D4 LP OC,463.59,GeForce GT 1030 DDR4,4.0,1151.0,1430.0,Black,150.0
gpu,EVGA, XC ULTRA GAMING,2435.49,GeForce GTX 1660 Ti,6.0,1500.0,1860.0,Black,268.0
gpu,Asus, LP BRK OC,1473.18,GeForce RTX 4060,8.0,1830.0,2520.0,Black,188.0
gpu,Inno3D, Compact,1512.82,GeForce RTX 4060,8.0,1830.0,2460.0,Black,155.0
gpu,EVGA, FTW3 ULTRA GAMING iCX3,1973.38,GeForce RTX 3060 Ti,8.0,1410.0,1800.0,Black,285.0
gpu,MSI, ARMOR OC,1083.21,Radeon RX 580,4.0,1257.0,1366.0,Black / White,269.0
gpu,EVGA, XC3 BLACK GAMING,3024.35,GeForce RTX 3070 LHR,8.0,1500.0,1725.0,Black,285.0
gpu,Sapphire, PULSE,3021.96,Radeon RX 6600 XT,8.0,1968.0,2593.0,Black / Red,240.0
gpu,PNY, VCQRTX4000-PB,2597.03,Quadro RTX 4000,8.0,1005.0,1545.0,Silver / Black,267.0
gpu,MSI, MECH 2X CLASSIC OC,1169.87,Radeon RX 7600,8.0,1720.0,2695.0,Black / Silver,235.0
gpu,MSI, RTX 3090 SUPRIM X 24G,6716.11,GeForce RTX 3090,24.0,1395.0,1875.0,Silver,336.0
gpu,Sparkle, TITAN OC,1126.54,Arc A750,8.0,2050.0,2300.0,Blue / Black,306.0
gpu,PowerColor, Red Dragon,389.93,Radeon RX 550 - 512,4.0,1100.0,1071.0,Black,181.0
gpu,MSI, SUPRIM X,5498.58,GeForce RTX 4070 Ti,12.0,2310.0,2790.0,Black / Silver,338.0
gpu,EVGA, SC GAMING ACX 3.0 Black Edition,2469.81,GeForce GTX 1070 Ti,8.0,1607.0,1683.0,Black,267.0
gpu,MSI, GAMING Z,1940.32,GeForce RTX 2060,6.0,1365.0,1830.0,Black / Gray,247.0
gpu,Asus, DUAL OC,1576.78,GeForce RTX 3060 12GB,12.0,1320.0,,Black,200.0
gpu,Asus, Phoenix OC V2,649.95,GeForce GTX 1650 G6,4.0,1410.0,1635.0,Black,174.0
gpu,MSI, GeForce RTX 3090 VENTUS 3X 24G OC,6434.46,GeForce RTX 3090,24.0,1395.0,,Black,305.0
gpu,Palit, GameRock OC,10487.07,GeForce RTX 4090,24.0,2235.0,2610.0,Silver / Black,329.0
gpu,Palit, StormX,945.94,GeForce RTX 3050 6GB,6.0,1040.0,1470.0,Black,162.0
gpu,MSI, MSI RTX 2070 Ventus 8G Video Card,2725.46,GeForce RTX 2070,8.0,1410.0,1620.0,Silver / Black,226.0
gpu,ASRock, Challenger ITX,1039.88,Radeon RX 6600 XT,8.0,1968.0,,Black,179.0
gpu,MSI, VENTUS 2X OC,2166.46,GeForce RTX 3070 LHR,8.0,1500.0,1755.0,Black,232.0
gpu,MSI, VENTUS 3X OC,7398.81,GeForce RTX 3080 Ti,12.0,1365.0,1695.0,Black / Silver,305.0
gpu,Asus, DUAL OC,1949.81,Radeon RX 6600 XT,8.0,1968.0,2607.0,Black / White,243.0
gpu,EVGA, XC3 ULTRA GAMING,5979.5,GeForce RTX 3090,24.0,1395.0,1725.0,Black / Red,285.0
gpu,EVGA, XC3 ULTRA GAMING iCX3,4289.63,GeForce RTX 3080 Ti,12.0,1365.0,1725.0,Black,300.0
gpu,ASRock, OC Formula,4360.3,Radeon RX 6900 XT,16.0,2125.0,2475.0,Silver / Black,332.0
gpu,ASRock, Phantom Gaming D OC,1473.18,Radeon RX 6750 XT,12.0,2150.0,2623.0,Silver / Black,305.0
gpu,Asus, DUAL OC,801.6,Radeon RX 6500 XT,4.0,2310.0,2820.0,Black,201.0
gpu,PNY, XLR8 Gaming REVEL EPIC-X RGB,1429.85,GeForce RTX 3060 12GB,12.0,1320.0,,Black,170.0
gpu,Acer, Nitro OC,1819.82,Radeon RX 7700 XT,12.0,1700.0,2590.0,Black,279.0
gpu,Zotac, GAMING AMP Holo,2117.02,GeForce RTX 3070,8.0,1500.0,1785.0,Silver / Black,291.0
gpu,Asus, ROG STRIX LC GAMING,14985.59,GeForce RTX 4090,24.0,2235.0,2550.0,Black / Silver,293.0
gpu,MSI, SUPRIM X,6282.81,GeForce RTX 4080,16.0,2205.0,2640.0,Black,336.0
gpu,Gigabyte, AORUS ELITE,2729.36,GeForce RTX 3060 Ti,8.0,1410.0,1785.0,Black,296.0
gpu,Sapphire, PULSE,5506.51,Radeon RX 6700,10.0,1941.0,2495.0,Black / Red,260.0
gpu,EVGA, XC ULTRA BLACK GAMING,1191.49,GeForce GTX 1660 Ti,6.0,1500.0,1770.0,Black,268.0
gpu,Gigabyte, WINDFORCE OC,1208.91,GeForce GTX 1650 G6,4.0,1410.0,1650.0,Black / Silver,191.0
gpu,EVGA, ACX 2.0,1555.55,GeForce GTX 970,4.0,1050.0,1178.0,Black / Blue,241.0
gpu,PNY, RTX A-Series,9185.96,RTX A5000,24.0,1170.0,1695.0,Black,267.0
gpu,MSI, GeForce GTX 1650 SUPER,1850.19,GeForce GTX 1650 SUPER,4.0,1530.0,1740.0,Black / Silver,180.0
gpu,Zotac, GAMING,584.91,GeForce GTX 1630,4.0,1740.0,1785.0,Black / Gray,151.0
gpu,Sparkle, ROC Luna OC,1386.52,Arc A770,16.0,2100.0,2300.0,White,281.0
gpu,PowerColor, Red Devil OC,3059.79,Radeon RX 6900 XT,16.0,2015.0,2340.0,Black,332.0
gpu,Palit, GameRock,10308.29,GeForce RTX 4090,24.0,2235.0,2520.0,Silver / Black,329.0
gpu,XFX, GTS,1145.86,Radeon RX 580,8.0,1405.0,1425.0,Black / Red,270.0
gpu,MSI, GAMING,3158.76,GeForce GTX 1070 Ti,8.0,1607.0,1683.0,Black / Red,279.0
gpu,Inno3D, Twin X2,1010.85,GeForce RTX 3050 6GB,6.0,1040.0,1470.0,Gray / Black,222.0
gpu,EVGA, SC GAMING ACX 3.0,2296.45,GeForce GTX 1070,8.0,1594.0,1784.0,Black / Silver,267.0
gpu,Asus, TUF GAMING OC,2487.14,Radeon RX 6700 XT,12.0,2321.0,,Black,322.0
gpu,MSI, GAMING X,2148.21,Radeon RX 6600 XT,8.0,1968.0,2607.0,Black / Silver,277.0
gpu,PowerColor, Hellhound,2383.11,Radeon RX 6700 XT,12.0,2321.0,2581.0,Black,305.0
gpu,Inno3D, Twin X2,2034.39,GeForce RTX 4060 Ti,8.0,2310.0,2535.0,Black / Gray,250.0
gpu,Asus, TUF GAMING OC,909.89,Radeon RX 6500 XT,4.0,2310.0,2825.0,Black,250.0
gpu,Asus, GT1030-2G-BRK,423.33,GeForce GT 1030,2.0,1266.0,1506.0,Black / Blue,169.0
gpu,PowerColor, Red Devil,1490.51,Radeon RX 580,8.0,1257.0,1380.0,Black / Red,255.0
gpu,EVGA, SC GAMING ACX 2.0,1733.16,GeForce GTX 1050 Ti,4.0,1354.0,1468.0,Black,145.0
gpu,Gigabyte, OC Rev 2.0,1175.76,GeForce RTX 2060,6.0,1365.0,1755.0,Black / Gray,226.0
gpu,AMD, 100-506001,281.56,Radeon Pro WX 2100,2.0,925.0,1219.0,Blue,145.0
gpu,MSI, MECH 2X,3197.75,Radeon RX 6700 XT,12.0,2321.0,,Black / Silver,247.0
gpu,MSI, GAMING X TRIO,2652.66,GeForce RTX 4060 Ti,8.0,2310.0,,Black,338.0
gpu,MSI, GAMING X,1700.62,GeForce RTX 3060 Ti LHR,8.0,1410.0,1770.0,Black / Gray,278.0
gpu,Asus, ROG STRIX,1535.79,Radeon RX 580,8.0,1257.0,1380.0,Black,298.0
gpu,Asus, DUAL EVO OC,10076.39,GeForce RTX 2070 SUPER,8.0,1635.0,1845.0,Black,267.0
gpu,Asus, ROG STRIX GAMING OC V2,4115.92,GeForce RTX 3080 10GB LHR,10.0,1440.0,1935.0,Black,318.0
gpu,PowerColor, ITX,922.06,Radeon RX 6500 XT,4.0,2310.0,,Black,165.0
gpu,PNY, VCQRTX5000-PB,3573.17,Quadro RTX 5000,16.0,1620.0,1815.0,Silver / Black,267.0
gpu,Zotac, GAMING Trinity,5849.12,GeForce RTX 4080,16.0,2205.0,2505.0,Black,356.0
gpu,EVGA, XC GAMING,1828.01,GeForce RTX 3060 Ti LHR,8.0,1410.0,1710.0,Black,202.0
gpu,MSI, GAMING X TRIO,6456.13,GeForce RTX 4080,16.0,2205.0,2610.0,White,337.0
gpu,Asus, STRIX GAMING OC,2378.82,GeForce RTX 2060,6.0,1365.0,1860.0,Black,300.0
gpu,MSI, GAMING X TRIO,2898.78,GeForce RTX 3060 12GB,12.0,1320.0,1852.0,Black,323.0
gpu,EVGA, SC Black Edition,2378.82,GeForce GTX 1080 Ti,11.0,1556.0,1670.0,Black,267.0
gpu,PNY, VCGGTX10502PB,1035.59,GeForce GTX 1050,2.0,1354.0,1455.0,Black,178.0
gpu,Gigabyte, GAMING OC 3X,3661.38,GeForce RTX 2070 SUPER,8.0,1605.0,1815.0,Black,286.0
gpu,Asus, Phoenix,670.36,Radeon RX 6400,4.0,1923.0,,Black,196.0
gpu,Asus, ROG STRIX GAMING OC V2,3098.05,GeForce RTX 3060 Ti LHR,8.0,1410.0,1890.0,Black / Silver,318.0
gpu,Asus, DUAL OC,1559.84,GeForce RTX 3060 8GB,8.0,1320.0,1867.0,Black,200.0
gpu,PNY, XLR8 Gaming REVEL EPIC-X RGB,2162.17,GeForce RTX 3070 LHR,8.0,1500.0,1725.0,Silver / Black,294.0
gpu,AMD, RADEON PRO WX 7100,1061.37,Radeon Pro WX 7100,8.0,900.0,1080.0,Blue,242.0
gpu,MSI, GT 1030 2GHD4 LP OC,433.26,GeForce GT 1030 DDR4,2.0,1189.0,1430.0,Black,150.0
gpu,Asus, DUAL OC V2,2599.76,GeForce RTX 3060 Ti LHR,8.0,1410.0,1740.0,Black / Silver,269.0
gpu,Sparkle, ROC Luna OC,1039.88,Arc A750,8.0,2050.0,2200.0,White,281.0
gpu,PowerColor, Red Devil,3683.01,Radeon RX 7900 XT,20.0,2000.0,2535.0,Black,338.0
gpu,MSI, Radeon RX 6600 XT MECH 2X 8G OCV1,1728.87,Radeon RX 6600 XT,8.0,1968.0,2602.0,Black / Silver,215.0
gpu,MSI, GAMING X TRIO 8GD6X,2474.14,GeForce RTX 3060 Ti,8.0,1410.0,1845.0,Black,323.0
gpu,EVGA, Gaming iCX,4332.96,GeForce GTX 1080 Ti,11.0,1569.0,1683.0,Silver,300.0
gpu,Asus, TUF GAMING OC,4328.67,GeForce RTX 3080 12GB LHR,12.0,1260.0,1815.0,Black / Silver,300.0
gpu,Sapphire, NITRO+ SE,5626.27,Radeon RX 6900 XT,16.0,1825.0,2365.0,Black / White,310.0
gpu,Gigabyte, WINDFORCE OC,1299.86,GeForce GTX 1650 SUPER,4.0,1530.0,1755.0,Black / Silver,225.0
gpu,MSI, AERO ITX,671.57,Radeon RX 6400,4.0,1923.0,,Black / Gray,172.0
gpu,Zotac, GAMING Trinity OC,5589.14,GeForce RTX 4080,16.0,2205.0,2520.0,Black,356.0
gpu,Asus, TUF GAMING OC,1364.98,GeForce GTX 1650 G6,4.0,1410.0,1680.0,Black,204.0
gpu,MSI, AERO ITX OC,909.89,GeForce RTX 3050 8GB,8.0,1550.0,,Black / Silver,172.0
gpu,Asus, DUAL,2511.75,GeForce RTX 4070,12.0,2475.0,2505.0,White,267.0
gpu,Gigabyte, GAMING OC,1132.0,Radeon RX 6500 XT,4.0,2310.0,2825.0,Black / Gray,282.0
gpu,XFX, Speedster QICK 308 Black,2816.41,Radeon RX 6600 XT,8.0,2188.0,2607.0,Black,274.0
gpu,PNY, VERTO,4887.58,GeForce RTX 4080,16.0,2205.0,2505.0,Black,332.0
gpu,Asus, DUAL OC,1213.2,Radeon RX 7600,8.0,1720.0,2745.0,Black,245.0
gpu,Asus, TUF GAMING,1388.99,GeForce GTX 1650 SUPER,4.0,1530.0,1755.0,Black,206.0
gpu,PowerColor, Hellhound Sakura OC Limited,2729.75,Radeon RX 7800 XT,16.0,1295.0,2520.0,White / Pink,322.0
gpu,Gigabyte, AORUS ELITE,2355.77,Radeon RX 6750 XT,12.0,2150.0,2623.0,Black / Gray,296.0
gpu,Inno3D, Twin X2 OC,2452.39,GeForce RTX 4060 Ti,16.0,2310.0,2595.0,White / Silver,250.0
gpu,Palit, Dual OC,1511.87,GeForce RTX 3060 12GB,12.0,1320.0,,Black,245.0
gpu,Zotac, GAMING OC,1239.24,GeForce GTX 1650 G6,4.0,1410.0,1620.0,Black / Gray,151.0
gpu,PNY, VCQP2000-PB,989.44,Quadro P2000,5.0,1370.0,1470.0,Black,201.0
gpu,Asus, ROG STRIX GAMING,6759.44,GeForce RTX 4080,16.0,2205.0,2535.0,Black,358.0
gpu,PNY, RTX A-Series,6369.34,RTX A4500,20.0,1050.0,1650.0,Black,267.0
gpu,Asus, Phoenix Fan OC,538.55,GeForce GT 1030,2.0,1278.0,1531.0,Black / Blue,184.0
gpu,Gigabyte, AORUS MASTER,5560.67,GeForce RTX 3080 10GB,10.0,1440.0,,Black,319.0
gpu,EVGA, SSC ACX 2.0+,1728.87,GeForce GTX 960,4.0,1279.0,1342.0,Black / Silver,257.0
gpu,EVGA, Founders Edition,2162.17,GeForce GTX 1080 Ti,11.0,1480.0,1582.0,Black / Silver,267.0
gpu,MSI, GTX 1070 TI TITANIUM 8G,2162.17,GeForce GTX 1070 Ti,8.0,1607.0,1683.0,Black / Silver,279.0
gpu,Asus, ROG STRIX,1419.27,Radeon RX 570,4.0,1168.0,1310.0,Black,240.0
gpu,Gigabyte, AORUS ELITE,2832.83,GeForce RTX 4060,8.0,1830.0,,Black / Silver,299.0
gpu,PNY, VCQRTX6000-PB,8488.35,Quadro RTX 6000,24.0,1440.0,1770.0,Black / Silver,267.0
gpu,EVGA, XC GAMING,2595.47,GeForce RTX 2070 SUPER,8.0,1605.0,1800.0,Transparent,270.0
gpu,Zotac, GAMING Twin Fan,1473.18,GeForce GTX 1650 SUPER,4.0,1530.0,1725.0,Black,158.0
gpu,MSI, GAMING,1386.52,GeForce RTX 4060,8.0,1830.0,2475.0,Black,247.0
gpu,Zotac, GAMING Trinity,3466.75,GeForce RTX 4070 Ti,12.0,2310.0,2610.0,Black,307.0
gpu,Zotac, GAMING Twin Edge OC,1733.16,GeForce RTX 3050 8GB,8.0,1550.0,1807.0,Black / Silver,224.0
gpu,Gigabyte, AORUS MASTER,4883.07,GeForce RTX 3080 Ti,12.0,1365.0,1770.0,Black,320.0
gpu,EVGA, XC ULTRA GAMING,4675.31,GeForce RTX 2080 Ti,11.0,1350.0,1650.0,Black / Clear,270.0
gpu,EVGA, FTW3 GAMING,6672.6,GeForce RTX 3090 Ti,24.0,1560.0,1890.0,Black,300.0
gpu,AMD, 100-506157,9353.08,Radeon PRO W6800,32.0,2075.0,2320.0,Blue / Gray,267.0
gpu,Asus, DUAL,1841.48,Radeon RX 6650 XT,8.0,2055.0,2689.0,Black / Silver,243.0
gpu,Asus, Phoenix,465.54,Radeon RX 550 - 512,2.0,1100.0,1183.0,Black,192.0
gpu,Asus, Turbo,2595.47,GeForce GTX 1080 Ti,11.0,1480.0,1582.0,Black / White,267.0
gpu,Asus, ROG STRIX GAMING OC,3028.77,Radeon RX 6700 XT,12.0,2321.0,,Black / Silver,322.0
gpu,Zotac, ZT-71115-20L,346.6,GeForce GT 730,4.0,902.0,,Black / Gold,
gpu,PowerColor, Red Devil,2060.25,Radeon RX 6600 XT,8.0,1968.0,2607.0,Black,251.0
gpu,PNY, VCQP4000-PB,1677.26,Quadro P4000,8.0,1227.0,1480.0,Black / Green,242.0
gpu,PowerColor, Hellhound,1126.54,Radeon RX 7600,8.0,1720.0,2655.0,Black,234.0
gpu,MAXSUN, iCraft Limited Edition OC,4116.31,GeForce RTX 4070 Ti,12.0,2310.0,2385.0,White,336.0
gpu,MSI, AERO,1703.04,GeForce RTX 2080,8.0,1350.0,1710.0,Black / Green,268.0
gpu,Asus, Turbo,1646.5,GeForce GTX 1060 6GB,6.0,1506.0,1708.0,Black,267.0
gpu,Asus, STRIX GAMING OC,1945.52,Radeon RX 5600 XT,6.0,1247.0,1770.0,Black,304.0
gpu,Zotac, GAMING AMP Spider-Man: Across the Spider-Verse,3241.08,GeForce RTX 4060 Ti,16.0,2310.0,2595.0,Black,226.0
gpu,Asus, ROG STRIX GAMING OC,1949.81,Radeon RX 6600 XT,8.0,1968.0,2607.0,Black / Gray,243.0
gpu,MSI, ARMOR OCV1,1707.2,GeForce GTX 1060 6GB,6.0,1544.0,1759.0,Black / White,275.0
gpu,MSI, N730-2GD3V3,420.73,GeForce GT 730,2.0,700.0,,White,145.0
gpu,PowerColor, Red Devil OC,2599.76,Radeon RX 7900 GRE,16.0,1270.0,2391.0,Black / Red,345.0
gpu,EVGA, XC BLACK GAMING,1918.57,GeForce RTX 3060 12GB,12.0,1320.0,1777.0,Black,202.0
gpu,MSI, ARMOR OC,2591.13,GeForce GTX 1080,8.0,1657.0,1797.0,Black / White,279.0
gpu,AMD, RADEON PRO WX 4100,563.25,Radeon Pro WX 4100,4.0,925.0,975.0,Blue,168.0
gpu,MSI, GAMING Z TRIO,8657.33,GeForce RTX 3080 12GB LHR,12.0,1260.0,1815.0,Black / Gray,323.0
gpu,MSI, VENTUS 3X PLUS OC,5195.27,GeForce RTX 3080 12GB LHR,12.0,1260.0,1740.0,Black / Gray,305.0
gpu,Gigabyte, EAGLE OC,4332.96,GeForce RTX 3080 10GB,10.0,1440.0,1755.0,Black,320.0
gpu,Gigabyte, WINDFORCE OC,1949.81,GeForce GTX 1650 G5,4.0,1485.0,1710.0,Black / Silver,191.0
gpu,Sparkle, ROC OC,1299.86,Arc A770,16.0,2100.0,2300.0,Black,281.0
gpu,Palit, JetStream OC,2475.96,GeForce RTX 4060 Ti,16.0,2310.0,2595.0,Black,250.0
gpu,Gigabyte, AORUS ELITE,4831.25,GeForce RTX 4070 Ti,12.0,2310.0,2655.0,Black,342.0
gpu,EVGA, KO GAMING,1289.07,GeForce RTX 2060,6.0,1365.0,1680.0,Gray / Black,202.0
gpu,Gigabyte, GV-N105TD5-4GD,1169.87,GeForce GTX 1050 Ti,4.0,1290.0,1430.0,Black / Orange,172.0
gpu,PNY, Blower,3028.77,GeForce RTX 2080 Ti,11.0,1350.0,1545.0,Black,267.0
gpu,PNY, VCG16504D6DFPPB,823.23,GeForce GTX 1650 G6,4.0,1485.0,1590.0,Black,170.0
gpu,Asus, TURBO-GTX1070-8G,1642.21,GeForce GTX 1070,8.0,1506.0,1683.0,Black / Silver,267.0
gpu,Sparkle, ELF,476.59,Arc A310,4.0,1750.0,2000.0,Blue / Black,153.0
gpu,Gigabyte, EAGLE,4978.62,GeForce RTX 4080,16.0,2205.0,2505.0,Black,342.0
gpu,EVGA, Black,6499.46,GeForce RTX 2080 Ti,11.0,1350.0,1545.0,Black / Clear,270.0
gpu,XFX, Speedster MERC 319 Black,4393.66,Radeon RX 6700 XT,12.0,2321.0,2622.0,Black,323.0
gpu,ASRock, Phantom Gaming OC,1126.54,Radeon RX 7600,8.0,1720.0,2755.0,Black,305.0
gpu,Zotac, GAMING AMP Holo,6282.81,GeForce RTX 3080 Ti,12.0,1365.0,1710.0,Black / Silver,318.0
gpu,PowerColor, Red Dragon OC,2409.32,Radeon RX 6800,16.0,1700.0,2170.0,Black,310.0
gpu,PNY, VCQP620-PB,368.26,Quadro P620,2.0,1266.0,1354.0,Black,145.0
gpu,MSI, AERO,2162.17,GeForce GTX 1070 Ti,8.0,1607.0,1683.0,Black / White,269.0
gpu,Gigabyte, AORUS XTREME WATERFORCE,7795.07,GeForce RTX 3090 Ti,24.0,1560.0,1935.0,Black,238.0
gpu,Palit, JetStream,2414.0,GeForce RTX 4060 Ti,16.0,2310.0,2535.0,Black,250.0
gpu,EVGA, SC ULTRA GAMING,2166.46,GeForce GTX 1660 Ti,6.0,1500.0,1845.0,Black / Silver,202.0
gpu,Gigabyte, EAGLE,2545.59,Radeon RX 6600 XT,8.0,1968.0,2589.0,Black / Silver,282.0
gpu,PowerColor, Hellhound,1078.92,Radeon RX 6600,8.0,1626.0,2491.0,Black / White,220.0
gpu,Asus, TUF GAMING OC,6066.16,Radeon RX 6900 XT,16.0,1825.0,2340.0,Black,320.0
gpu,MSI, GeForce RTX 3070 Ventus 3X 8G OC LHR,2166.46,GeForce RTX 3070 LHR,8.0,1500.0,1755.0,Black,305.0
gpu,Gigabyte, GAMING,2036.47,Radeon RX 570,4.0,1168.0,1255.0,Black / Orange,232.0
gpu,PNY, RTX A-Series,2149.12,RTX A2000 6GB,6.0,562.0,1200.0,Black,167.0
gpu,MSI, GAMING,1728.87,Radeon R9 390,8.0,1000.0,1060.0,Black / Red,277.0
gpu,Zotac, ZT-P10300A-10L,454.92,GeForce GT 1030,2.0,1227.0,1468.0,Black,173.0
gpu,Asus, TUF GAMING OC,7799.18,GeForce RTX 3090 Ti,24.0,1560.0,1950.0,Black,326.0
gpu,Asus, ROG STRIX GAMING,7231.78,GeForce RTX 4080,16.0,2205.0,2535.0,White,358.0
gpu,AMD, 100-506115,594.96,Radeon Pro WX 3200,4.0,1250.0,1290.0,Blue / Black,168.0
gpu,Gigabyte, WINDFORCE OC,1244.18,GeForce RTX 3050 8GB,8.0,1550.0,1792.0,Black / Silver,244.0
gpu,Palit, Dual,2880.49,GeForce RTX 4070,12.0,1920.0,2475.0,Black,269.0
gpu,Asus, DUAL EVO,2118.84,GeForce RTX 2060 12GB,12.0,1470.0,1680.0,Black,242.0
gpu,Asus, DUAL OC,3852.04,GeForce RTX 2080 Ti,11.0,1350.0,,Black,268.0
gpu,Gigabyte, GAMING OC Rev 2.0,3939.04,GeForce RTX 3080 10GB LHR,10.0,1440.0,1800.0,Black / Gray,320.0
gpu,PNY, VCQP1000-PB,740.25,Quadro P1000,4.0,1354.0,1455.0,Black,145.0
gpu,Asus, Turbo,2508.81,GeForce GTX 1080,8.0,1607.0,1733.0,Black / Silver,267.0
gpu,Asus, GTXTITANX-12GD5,7357.43,GeForce GTX Titan X,12.0,1075.0,1000.0,Black / Silver,267.0
gpu,Asus, Phoenix,1516.12,GeForce RTX 3060 12GB,12.0,1320.0,1807.0,Black,177.0
gpu,EVGA, FTW3 ULTRA GAMING,4458.66,GeForce RTX 2070 SUPER,8.0,1605.0,1815.0,Transparent,302.0
gpu,Zotac, GAMING Trinity,2773.08,GeForce RTX 3070 Ti,8.0,1575.0,1770.0,Black / Silver,318.0
gpu,PNY, XLR8 Gaming EPIC-X RGB,6711.82,GeForce RTX 3090,24.0,1395.0,1695.0,Black,294.0
gpu,Gigabyte, AORUS MASTER Rev 2.0,2942.11,GeForce RTX 3070 LHR,8.0,1500.0,1845.0,Black,290.0
gpu,EVGA, XC3 ULTRA GAMING iCX3,2043.57,GeForce RTX 3070 LHR,8.0,1500.0,1770.0,Black,285.0
gpu,EVGA, XC GAMING,2595.47,GeForce RTX 2070,8.0,1410.0,1710.0,Clear / Black,269.0
gpu,Asus, TUF GAMING,5632.68,GeForce RTX 3080 Ti,12.0,1365.0,1695.0,Black,300.0
gpu,Inno3D, Twin X2 OC,1654.64,GeForce RTX 4060,8.0,1830.0,2490.0,White / Silver,250.0
gpu,Asus, KO Gaming OC,2855.45,GeForce RTX 3070,8.0,1500.0,1845.0,Black / Silver,275.0
gpu,Zotac, GAMING AMP Holo,8011.72,GeForce RTX 3080 10GB,10.0,1440.0,1770.0,Black,318.0
gpu,EVGA, FTW3 ULTRA GAMING iCX3,2881.36,GeForce RTX 3070 LHR,8.0,1500.0,1815.0,Black,300.0
gpu,AMD, 100-300000075,10567.23,Radeon PRO W7800,32.0,1855.0,2499.0,Black,280.0
gpu,Asus, GT730-SL-2GD3-BRK,554.71,GeForce GT 730,2.0,902.0,,Black,137.0
gpu,EVGA, XC3 BLACK GAMING,3119.72,GeForce RTX 3070,8.0,1500.0,1725.0,Black / Silver,285.0
gpu,Asus, ROG STRIX WHITE OC V2,7361.77,GeForce RTX 3080 10GB LHR,10.0,1440.0,1935.0,White,318.0
gpu,Zotac, ZT-71310-10L,293.3,GeForce GT 710,2.0,954.0,,Black / Orange,157.0
gpu,MSI, VENTUS,3245.42,GeForce RTX 2080,8.0,1515.0,1710.0,Silver / Black,268.0
gpu,PowerColor, Hellhound Spectral,5732.56,Radeon RX 6700 XT,12.0,2321.0,2581.0,White,305.0
gpu,PNY, VCQP400-PB,413.71,Quadro P400,2.0,1070.0,1170.0,Black,145.0
gpu,EVGA, XC GAMING,1808.16,GeForce RTX 2060,12.0,1365.0,1680.0,Black,268.0
gpu,EVGA, SC ULTRA GAMING,1083.21,GeForce GTX 1650 G5,4.0,1485.0,1860.0,Black,202.0
gpu,XFX, RX-560D2SFG5,476.59,Radeon RX 560 - 896,2.0,1196.0,,Black / Red,211.0
gpu,Diamond, 6450PE31G,239.4,Radeon HD 6450,1.0,625.0,,Red / Silver,
gpu,Asus, STRIX-GTX960-DC2OC-2GD5,866.56,GeForce GTX 960,2.0,1228.0,1291.0,Black,215.0
gpu,MSI, GeForce RTX 3070 VENTUS 3X,3001.82,GeForce RTX 3070,8.0,1500.0,1725.0,Black / Silver,305.0
gpu,PNY, VCQM2000-PB,368.26,Quadro M2000,4.0,872.0,1180.0,Black,168.0
gpu,HP, C2J92AA,307.56,Quadro K600,1.0,876.0,,Black / Green,160.0
gpu,MSI, GAMING X,4402.28,Radeon RX 6700 XT,12.0,2321.0,,Black / Silver,279.0
gpu,Asus, STRIX GAMING OC,1928.18,GeForce RTX 2080,8.0,1515.0,1890.0,,298.0
gpu,Gigabyte, EAGLE OC,1811.67,GeForce RTX 3050 8GB,8.0,1550.0,1792.0,Black,213.0
gpu,MSI, DUKE OC,2942.11,GeForce GTX 1080 Ti,11.0,1531.0,1645.0,Black,320.0
gpu,EVGA, SSC ACX 2.0+,1555.55,GeForce GTX 970,4.0,1190.0,1342.0,Black / Blue,257.0
gpu,Asus, ProArt,3502.41,GeForce RTX 4070 Ti,12.0,2310.0,2640.0,Black,300.0
gpu,Inno3D, Twin X2 OC,2510.06,GeForce RTX 4060 Ti,16.0,2310.0,2595.0,Black / Silver,250.0
gpu,PNY, T-Series,1754.82,T1000 8GB,8.0,1065.0,1395.0,Black / Gray,156.0
gpu,Zotac, GAMING Trinity OC,5758.56,GeForce RTX 4080,16.0,2205.0,2520.0,White,356.0
gpu,MSI, VENTUS OC,1471.49,GeForce RTX 2060,6.0,1365.0,1710.0,Silver / Black,226.0
gpu,Zotac, GAMING Twin Edge OC Spider-Man: Across the Spider-Verse,3033.06,GeForce RTX 4070,12.0,1920.0,2490.0,Black / Gray,226.0
gpu,Asus, TUF GAMING OC V2,2643.13,GeForce RTX 3060 Ti LHR,8.0,1410.0,1785.0,Black,301.0
gpu,Asus, DirectCU II,1165.58,GeForce GTX 760,2.0,1006.0,,Black / Red,218.0
gpu,Sapphire, NITRO+,5632.86,Radeon RX 6900 XT,16.0,1825.0,2285.0,Black / Silver,310.0
gpu,Gigabyte, GAMING OC Rev 2.0,2378.82,GeForce RTX 3060 Ti LHR,8.0,1410.0,1740.0,Black,282.0
gpu,Gigabyte, AORUS ELITE,2533.51,GeForce RTX 4060 Ti,8.0,2310.0,,Black,301.0
gpu,MSI, GAMING X,1685.54,GeForce GTX 1650 G5,4.0,1485.0,1860.0,Black,245.0
gpu,Sapphire, 11256-00,19229.85,Radeon RX 470,4.0,932.0,1216.0,Black,243.0
gpu,Asus, Phoenix OC,1224.55,GeForce GTX 1650 G5,4.0,1485.0,1710.0,Black,190.0
gpu,PowerColor, Red Devil Ultimate,6499.46,Radeon RX 6900 XT,16.0,1825.0,2425.0,Black,320.0
gpu,PNY, VCQP600-PB,351.97,Quadro P600,2.0,1354.0,1455.0,Black,145.0
gpu,XFX, GTS,953.22,Radeon RX 580,8.0,1257.0,1405.0,Black / Red,270.0
gpu,MSI, VENTUS XS OC,2383.11,GeForce RTX 2060,6.0,1365.0,1710.0,Silver / Black,205.0
gpu,Palit, JetStream,3775.99,GeForce RTX 4070 Ti,12.0,2310.0,2610.0,Black,329.0
gpu,Asus, TUF GAMING OC V2,2595.47,GeForce RTX 3070 LHR,8.0,1500.0,1845.0,Black,300.0
gpu,Zotac, GAMING Trinity OC,5944.88,GeForce RTX 3080 12GB LHR,12.0,1260.0,1725.0,Black,318.0
gpu,MSI, GAMING,2404.82,GeForce GTX 1060 6GB,6.0,1506.0,1746.0,Black / Red,277.0
gpu,Gigabyte, GAMING OC,7453.76,Radeon RX 6900 XT,16.0,1825.0,2285.0,Black / Silver,286.0
gpu,PNY, T-Series,771.27,T400 4GB,4.0,420.0,1425.0,Black / Gray,156.0
gpu,PNY, XLR8 Gaming REVEL EPIC-X RGB,1394.36,GeForce RTX 3050 8GB,8.0,1552.0,1777.0,Black / Red,247.0
gpu,MSI, VENTUS 3X,5628.57,GeForce RTX 4080,16.0,2205.0,2520.0,Black,322.0
gpu,Asus, Turbo,5585.24,GeForce RTX 2080 Ti,11.0,1350.0,,Black,269.0
gpu,Gigabyte, WINDFORCE,4982.91,GeForce RTX 4080,16.0,2205.0,2505.0,Black / Silver,330.0
gpu,PNY, XLR8 Gaming VERTO OC,1949.81,GeForce RTX 4060 Ti,16.0,2310.0,2550.0,Black,245.0
gpu,MSI, VENTUS 3X PLUS OC,3895.37,GeForce RTX 3080 10GB LHR,10.0,1440.0,1740.0,Black,305.0
gpu,Gigabyte, GV-N105TOC-4GD,1772.15,GeForce GTX 1050 Ti,4.0,1341.0,1455.0,Black / Orange,191.0
gpu,Zotac, GAMING Twin Edge OC Spider-Man: Across the Spider-Verse,2205.76,GeForce RTX 4060 Ti,8.0,2310.0,2550.0,Black,226.0
gpu,Asus, Phoenix EVO,1078.92,Radeon RX 550 - 512,4.0,1100.0,1183.0,Black,192.0
gpu,Gigabyte, GAMING OC,7474.42,GeForce RTX 3090 Ti,24.0,1560.0,1905.0,Black,331.0
gpu,Gigabyte, AORUS MASTER,7186.19,GeForce RTX 4080,16.0,2205.0,2550.0,Black,357.0
gpu,Sapphire, NITRO+,3366.52,Radeon RX 6800,16.0,1700.0,,Black / Silver,310.0
gpu,Asus, DUAL OC,3639.72,GeForce RTX 3060 Ti,8.0,1410.0,1740.0,Black / Silver,269.0
gpu,XFX, Speedster SWFT 319,3336.37,Radeon RX 6900 XT,16.0,1825.0,2250.0,Black,340.0
gpu,AMD, 100-300000078,1858.86,Radeon PRO W7500,8.0,1500.0,1700.0,Black,216.0
gpu,Zotac, AMP,18629.56,GeForce GTX 1080 Ti,11.0,1569.0,1683.0,Black,300.0
gpu,Palit, Dual,2073.56,GeForce RTX 4060 Ti,8.0,2310.0,2535.0,Black,250.0
gpu,Gigabyte, AORUS ELITE Rev 2.0,2131.84,GeForce RTX 3060 Ti LHR,8.0,1410.0,1785.0,Black,296.0
gpu,EVGA, FTW3 ULTRA GAMING,5585.24,GeForce RTX 2080 SUPER,8.0,1650.0,1845.0,Transparent / Black,302.0
gpu,MSI, GAMING X TRIO,2335.49,GeForce RTX 3060 Ti,8.0,1410.0,1830.0,Black / Silver,323.0
gpu,PNY, XLR8 Gaming REVEL EPIC-X RGB Dual Fan,1948.68,GeForce RTX 3060 12GB,12.0,1320.0,,Black,247.0
gpu,AMD, 100-506085,992.26,Radeon Pro W5700,8.0,1243.0,1930.0,Blue / Silver,267.0
gpu,MSI, Radeon RX 6800 GAMING X TRIO 16G,4833.37,Radeon RX 6800,16.0,1700.0,2155.0,Black / Silver,324.0
gpu,MSI, DUKE,2162.17,GeForce GTX 1070 Ti,8.0,1607.0,1683.0,Black,312.0
gpu,EVGA, 02G-P3-2712-KR,402.97,GeForce GT 710,2.0,954.0,,Black,115.0
gpu,NVIDIA, 900-1G500-2500-000,6495.17,Titan V,12.0,1200.0,1455.0,Black / Gold,267.0
gpu,Gigabyte, GAMING OC,5372.49,GeForce RTX 3080 12GB LHR,12.0,1260.0,1755.0,Black / Silver,320.0
gpu,PNY, VCQK4200-PB,381.26,Quadro K4200,4.0,771.0,,Black / Silver,241.0
gpu,Asus, Turbo EVO,2578.14,GeForce RTX 2060 SUPER,8.0,1500.0,1680.0,Black,268.0
gpu,ASRock, Taichi X OC,3418.74,Radeon RX 6800 XT,16.0,1825.0,,Black,330.0
gpu,Asus, KO GAMING OC V2,2855.45,GeForce RTX 3060 Ti LHR,8.0,1410.0,1785.0,Silver / Black,275.0
gpu,Zotac, ZT-70601-10M,2036.51,GeForce GTX 750 Ti,2.0,1033.0,1111.0,Black / Orange,144.0
gpu,Asus, KO OC,1728.87,GeForce RTX 3060 Ti,8.0,1410.0,1785.0,Black / Silver,275.0
gpu,Asus, TUF GAMING OC,1637.44,GeForce RTX 3050 8GB,8.0,1550.0,1875.0,Black,272.0
gpu,PNY, VCQP5000-PB,2578.09,Quadro P5000,16.0,1607.0,1733.0,Black / Green,
gpu,NVIDIA, Star Wars Galactic Empire,4328.67,Titan Xp,12.0,1481.0,1582.0,Black / Red,267.0
gpu,EVGA, 01G-P3-1302-LR,365.92,GeForce 8400 GS,1.0,520.0,,Black / Green,158.0
gpu,VisionTek, 900356,260.63,Radeon HD 5450,2.0,,,Black / Red,
gpu,AMD, 100-506208,2469.77,Radeon PRO W6600,8.0,2331.0,2580.0,Blue,241.0
gpu,MSI, D6 GAMING X,1015.18,GeForce GTX 1650 G6,4.0,1410.0,1710.0,Black,245.0
gpu,Zotac, GAMING Trinity OC,5849.51,GeForce RTX 3080 10GB LHR,10.0,1440.0,1725.0,Gray,318.0
gpu,Gainward, NE6306T019P2-190AB,2144.84,GeForce RTX 3060 Ti LHR,8.0,1410.0,1665.0,Black,247.0
gpu,MSI, GAMING SLIM MLG,2816.41,GeForce RTX 4070 SUPER,12.0,1980.0,2490.0,Black / Red,307.0
gpu,Gigabyte, AORUS MASTER,7756.07,GeForce RTX 3090,24.0,1395.0,1785.0,Black,319.0
gpu,MSI, ARMOR OC,2118.84,Radeon RX 570,8.0,1168.0,1268.0,Black / White,246.0
gpu,Gigabyte, GAMING OC PRO,2062.51,Radeon RX 6600 XT,8.0,1968.0,2607.0,Black / Silver,282.0
gpu,Asus, STRIX,1642.21,GeForce GTX 980,4.0,1178.0,1279.0,Black / Red,289.0
gpu,Gigabyte, AORUS MASTER,8228.37,Radeon RX 6800 XT,16.0,1825.0,2310.0,Black,324.0
gpu,Sapphire, TOXIC Limited Edition,4933.68,Radeon RX 6900 XT,16.0,1825.0,2600.0,Black,270.0
gpu,AMD, 100-300000006,4332.96,Radeon PRO W7700,16.0,1900.0,2600.0,,241.0
gpu,Sapphire, PULSE,2018.7,Radeon RX VEGA 56,8.0,1208.0,1512.0,Black / Red,282.0
gpu,EVGA, FTW2 GAMING iCX,3028.77,GeForce GTX 1070 Ti,8.0,1607.0,1683.0,Black / Silver,267.0
gpu,Zotac, AMP Extreme,2378.82,GeForce GTX 1070 Ti,8.0,1607.0,1683.0,Black / Yellow,325.0
gpu,Gigabyte, AORUS XTREME WATERFORCE,8141.71,GeForce RTX 3080 10GB,10.0,1440.0,1845.0,Black / Silver,252.0
gpu,Inno3D, Twin X2 OC,1596.93,GeForce RTX 4060,8.0,1830.0,2490.0,Black / Silver,250.0
gpu,AMD, 100-300000077,2508.81,Radeon PRO W7600,8.0,1720.0,2440.0,Black,241.0
gpu,Zotac, GAMING Twin Edge OC,2469.77,GeForce RTX 3070 LHR,8.0,1500.0,1755.0,Black,232.0
gpu,XFX, Black Edition,1083.03,Radeon RX 580,8.0,1405.0,1425.0,Black / White,279.0
gpu,EVGA, SC2 Gaming iCX,1845.86,GeForce GTX 1070,8.0,1594.0,1784.0,White / Black,267.0
gpu,Gigabyte, GAMING OC PRO Rev 3.0,2594.43,GeForce RTX 3060 Ti LHR,8.0,1410.0,1770.0,Black,281.0
gpu,Zotac, GAMING AMP Extreme AIRO,6282.42,GeForce RTX 4080,16.0,2205.0,2565.0,Black,356.0
gpu,Gigabyte, AORUS MASTER,6261.44,GeForce RTX 4070 Ti,12.0,2310.0,2670.0,Black,342.0
gpu,Inno3D, X3 OC,4714.78,GeForce RTX 4070,12.0,1920.0,2505.0,Black / Silver,297.0
gpu,Gigabyte, OC,1083.21,GeForce GTX 1050,2.0,1379.0,1518.0,Black / Orange,191.0
gpu,Asus, TUF GAMING OC,3466.36,GeForce RTX 3060 Ti,8.0,1410.0,1785.0,Black,301.0
gpu,EVGA, FTW3 ULTRA HYBRID GAMING iCX3,6369.51,GeForce RTX 3080 Ti,12.0,1365.0,1800.0,Black,300.0
gpu,EVGA, SSC GAMING,1516.51,GeForce GTX 1060 3GB,3.0,1607.0,1835.0,Black / Silver,267.0
gpu,MSI, Radeon RX 6900 XT GAMING Z TRIO 16G,4897.24,Radeon RX 6900 XT,16.0,1825.0,2425.0,Silver / Black,324.0
gpu,XFX, Speedster MERC 308 Black,1845.81,Radeon RX 6600 XT,8.0,2188.0,2607.0,Black,274.0
gpu,Gigabyte, EAGLE OC Rev 2.0,2440.74,GeForce RTX 3070 LHR,8.0,1500.0,1770.0,Black,282.0
gpu,Asus, ROG STRIX GAMING OC V2,2725.46,GeForce RTX 3070 LHR,8.0,1500.0,1935.0,Black / Silver,318.0
gpu,Asus, ROG-STRIX-LC-RX6900XT-T16G-GAMING,8361.91,Radeon RX 6900 XT,16.0,1825.0,2525.0,Black / Silver,277.0
gpu,XFX, R9-290X ENFC,931.55,Radeon R9 290X,4.0,772.0,,Black / Red,292.0
gpu,EVGA, 01G-P4-2650-KR,744.67,GeForce GTX 650,1.0,1058.0,,Black / Silver,170.0
gpu,Asus, ROG STRIX,1642.21,Radeon RX 480,8.0,1120.0,1286.0,Black,298.0
gpu,EVGA, ACX 3.0,2591.13,GeForce GTX 1080,8.0,1607.0,1733.0,Black / Silver,267.0
gpu,Gigabyte, GV-N730D5-2GL,506.53,GeForce GT 730,2.0,902.0,,Black,150.0
gpu,AMD, RADEON PRO WX 5100,996.42,Radeon Pro WX 5100,8.0,926.0,1206.0,Blue,173.0
gpu,PNY, VCQK2200-PB,506.96,Quadro K2200,4.0,1046.0,,Black / Green,202.0
gpu,Gigabyte, AORUS MASTER,6282.81,GeForce RTX 3080 12GB LHR,12.0,1260.0,1830.0,Black,319.0
gpu,MSI, GeForce GTX 1630 VENTUS XS 4G OC,731.76,GeForce GTX 1630,4.0,1740.0,,Silver / Black,178.0
gpu,MSI, GAMING X TRIO,3028.77,GeForce GTX 1080 Ti,11.0,1569.0,1683.0,,325.0
gpu,AMD, 100-506095,1139.54,Radeon Pro W5500,8.0,1354.0,1900.0,Blue / White,241.0
gpu,EVGA, XC3 ULTRA GAMING,4852.96,GeForce RTX 3080 12GB LHR,12.0,1260.0,1755.0,Black,285.0
gpu,PNY, VCQ410-PB,298.98,Quadro 410,0.5,706.0,,Black / Green,176.0
gpu,Asus, R7240-2GD3-L,633.96,Radeon R7 240,2.0,730.0,,Black / Red,159.0
gpu,EVGA, FTW ULTRA SILENT GAMING,3028.77,GeForce GTX 1070 Ti,8.0,1607.0,1683.0,Black / Silver,267.0
gpu,Sapphire, 11197-03-40G,779.9,Radeon HD 7970,3.0,950.0,,Black / Silver,280.0
gpu,MSI, GAMING,2426.44,GeForce RTX 2060,6.0,1365.0,1680.0,Silver / Black,247.0
gpu,VisionTek, 900270,281.64,Radeon HD 4350,0.5,575.0,,,
gpu,Sapphire, Toxic Extreme Edition,7702.86,Radeon RX 6900 XT,16.0,1825.0,2525.0,Black,270.0
gpu,XFX, Speedster MERC 319 Ultra,7799.36,Radeon RX 6900 XT,16.0,1925.0,2340.0,Black,340.0
gpu,MSI, GT LP,264.49,GeForce GT 710,1.0,954.0,,Black,129.0
gpu,Palit, Dual OC,2124.99,GeForce RTX 4060 Ti,8.0,2310.0,2685.0,Black,250.0
gpu,Asus, EVO,320.25,GeForce GT 730,2.0,902.0,927.0,Blue,170.0
gpu,EVGA, GAMING,3028.77,GeForce GTX 1070 Ti,8.0,1607.0,1683.0,Silver / Black,267.0
gpu,Asus, DUAL,1451.51,GeForce RTX 3060 8GB,8.0,1320.0,1807.0,Black,200.0
gpu,Asus, LP BRK OC,866.56,GeForce RTX 3050 6GB,6.0,1040.0,1537.0,Black,182.0
gpu,EVGA, FTW3 BLACK GAMING,6932.58,GeForce RTX 3090 Ti,24.0,1560.0,1860.0,Black,300.0
gpu,PNY, T-Series,1473.18,T1000 4GB,4.0,1065.0,1395.0,Black / Gray,156.0
gpu,Asus, KO GAMING OC V2,2299.91,GeForce RTX 3070 LHR,8.0,1500.0,1845.0,Black / Silver,275.0
gpu,HP, 20X24AT,5286.22,RTX A4000,16.0,735.0,1560.0,Black,242.0
gpu,Asus, ROG STRIX GAMING OC,1949.81,Radeon RX 6650 XT,8.0,2055.0,2694.0,Black / Gray,281.0
gpu,PNY, VCQM5000-PB,945.24,Quadro M5000,8.0,861.0,1038.0,Black / Green,267.0
gpu,EVGA, 04G-P4-2980-KR,1555.55,GeForce GTX 980,4.0,1126.0,1216.0,Black / Silver,267.0
gpu,AMD, 100-505724,736.44,FirePro W7100,8.0,824.0,,Black / Red,279.0
gpu,Asus, DUAL MINI OC,1031.25,GeForce GTX 1650 G6,4.0,1410.0,1650.0,Black,200.0
gpu,PowerColor, AXRX 560 4GBD5-DHA,1494.88,Radeon RX 560 - 896,4.0,115.0,1176.0,Black,225.0
gpu,AMD, 100-506163,4380.84,Radeon Pro VII,16.0,1400.0,1700.0,Blue / Silver,305.0
gpu,VisionTek, SFF,487.25,Radeon HD 7750,2.0,800.0,,Red,130.0
gpu,XFX, RX-VEGMTBFX6,2162.17,Radeon RX VEGA 64,8.0,1247.0,1546.0,Black / Red,283.0
gpu,PNY, XLR8 Gaming VERTO EPIC-X RGB OC,1429.85,GeForce RTX 4060,8.0,1830.0,2505.0,Black,260.0
gpu,EVGA, 02G-P4-6332-KR,519.92,GeForce GT 1030,2.0,1290.0,1544.0,,145.0
gpu,Asus, ROG STRIX LC GAMING OC,6845.92,GeForce RTX 3080 Ti,12.0,1365.0,1860.0,Black / Silver,293.0
gpu,Asus, ROG STRIX OC,1853.4,Radeon RX 7600,8.0,1720.0,2755.0,Black / Silver,281.0
gpu,Asus, STRIX GAMING Advanced,1971.52,GeForce GTX 1660 Ti,6.0,1500.0,1830.0,Black,301.0
gpu,XFX, GTS,1182.78,Radeon RX 580,8.0,1405.0,1425.0,Black / Red,270.0
gpu,Gigabyte, EAGLE,2578.44,GeForce RTX 3050 8GB,8.0,1550.0,1777.0,Black,213.0
gpu,Sapphire, NITRO+,2253.16,Radeon RX 6650 XT,8.0,2055.0,2694.0,Silver / Black,260.0
gpu,PNY, VCQK6000-PB,1299.68,Quadro K6000,12.0,902.0,,Black / Silver,267.0
gpu,Asus, STRIX GAMING,4328.67,GeForce RTX 2080 Ti,11.0,1350.0,1560.0,Black,305.0
gpu,PNY, VCQK420-2GB-PB,433.13,Quadro K420,2.0,876.0,891.0,Black / Green,160.0
gpu,EVGA, XC HYBRID GAMING,8613.92,GeForce RTX 2080 Ti,11.0,1350.0,1635.0,Black / Clear,269.0
gpu,Gigabyte, AORUS XTREME,7145.12,GeForce RTX 3080 Ti,12.0,1365.0,1770.0,Black,320.0
gpu,MSI, ARMOR OC,1728.87,GeForce GTX 1060 6GB,6.0,1506.0,1708.0,Black / White,279.0
gpu,EVGA, FTW ACX 2.0,1516.51,GeForce GTX 950,2.0,1203.0,1405.0,Black,257.0
gpu,EVGA, GAMING,2534.8,GeForce GTX 1070,8.0,1506.0,1683.0,Black / Gray,267.0
gpu,MSI, VENTUS 3X 8GD6X OC,2595.47,GeForce RTX 3060 Ti,8.0,1410.0,1695.0,Black,305.0
gpu,Asus, Turbo,3117.9,GeForce RTX 4070,12.0,1920.0,2475.0,Black,269.0
gpu,PNY, T-Series,1108.16,T600,4.0,735.0,1335.0,Black / Gray,156.0
gpu,PNY, VCQ2000D-PB,281.56,Quadro 2000D,1.0,625.0,,Black / Green,178.0
gpu,MSI, DUKE OC,2162.17,GeForce GTX 1080,8.0,1708.0,1847.0,Black / Beige,312.0
gpu,Palit, Dual OC,2904.97,GeForce RTX 4070,12.0,1920.0,2550.0,Black,269.0
gpu,MSI, VENTUS 3X OC LHR,4328.67,GeForce RTX 3080 10GB LHR,10.0,1440.0,1740.0,Black,305.0
gpu,Asus, KO OC V2,2639.58,GeForce RTX 3060 12GB,12.0,1320.0,1882.0,Black / Silver,275.0
gpu,XFX, Speedster QICK 319 BLACK,2101.07,Radeon RX 6800,16.0,1850.0,2190.0,Black,340.0
gpu,XFX, RX-68XTACBD9,3817.33,Radeon RX 6800 XT,16.0,1925.0,2360.0,Black,340.0
gpu,EVGA, Superclocked ACX,3466.18,GeForce GTX 780 Ti,3.0,1006.0,1072.0,Black / Silver,266.0
gpu,Zotac, ZT-71113-20L,420.82,GeForce GT 730,2.0,902.0,,Black / Gold,146.0
gpu,AMD, 100-505957,3886.53,Radeon Pro WX 9100,16.0,1200.0,1500.0,Blue,267.0
gpu,Asus, TUF GAMING OC P,1039.88,GeForce GTX 1650 G6,4.0,1410.0,1785.0,Black,206.0
gpu,XFX, RX-79GMERCBR,2469.77,Radeon RX 7900 GRE,16.0,1270.0,2395.0,Black,335.0
gpu,EVGA, Black,3465.97,GeForce RTX 2080,8.0,1515.0,1710.0,Clear / Black,269.0
gpu,PNY, VCGGTX10808PB,2883.78,GeForce GTX 1080,8.0,1607.0,1733.0,Black / Red,267.0
gpu,VisionTek, 901491,280.65,Radeon HD 6570,1.0,480.0,,Black,150.0
gpu,VisionTek, 900574,606.58,Radeon HD 7750,1.0,,,Black / Red,170.0
gpu,Palit, StormX,5585.24,GeForce RTX 2060,6.0,1365.0,1680.0,Black,168.0
gpu,Zotac, ZT-71302-20L,303.22,GeForce GT 710,2.0,954.0,,Black,144.0
gpu,PNY, VCQP2200-SB,1434.18,Quadro P2200,5.0,1000.0,1493.0,,201.0
gpu,PowerColor, Red Dragon,2075.51,Radeon RX VEGA 56,8.0,1177.0,1478.0,Black / Red,305.0
gpu,Sparkle, ROC OC,909.89,Arc A750,8.0,2050.0,2200.0,Black,281.0
gpu,AMD, 100-506189,992.26,Radeon PRO W6400,4.0,2331.0,2331.0,Blue,168.0
gpu,NVIDIA, Star Wars Jedi Order,4328.67,Titan Xp,12.0,1481.0,1582.0,Silver / Green,267.0
gpu,HP, 5Z7D8AT,1646.5,T1000 8GB,8.0,1065.0,1395.0,Black,156.0
gpu,PowerColor, AXRX 580 8GBD5-3DHDV2/OC,1767.65,Radeon RX 580,8.0,1257.0,1350.0,Black,255.0
gpu,EVGA, XC HYBRID GAMING,3899.48,GeForce RTX 2080 SUPER,8.0,1650.0,1830.0,Transparent / Black,266.0
gpu,Lenovo, 4X61J52234,707.36,T400 4GB,4.0,420.0,1425.0,Black,156.0
gpu,EVGA, FTW DT GAMING,2942.11,GeForce GTX 1080,8.0,1607.0,1733.0,Black / Gray,267.0
gpu,EVGA, SC ULTRA GAMING,986.62,GeForce GTX 1650 G6,4.0,1410.0,1710.0,Black,202.0
gpu,Gigabyte, AORUS XTREME WATERFORCE,8657.33,GeForce RTX 3080 12GB LHR,12.0,1260.0,1830.0,Black,252.0
gpu,Asus, STRIX GAMING Advanced,4242.01,GeForce RTX 2080 Ti,11.0,1350.0,,Black,305.0
gpu,PowerColor, ITX,1011.89,Radeon RX 6400,4.0,1923.0,,Black / Silver,165.0
gpu,XFX, Black Edition,2326.82,Radeon RX 570,8.0,1168.0,1328.0,Black / Red,243.0
gpu,MSI, DUKE,2924.78,GeForce RTX 2070,8.0,1410.0,1755.0,Silver / Black,314.0
gpu,XFX, RX-580P427D6,2118.84,Radeon RX 580,4.0,1366.0,1386.0,Black / Red,270.0
gpu,AMD, FirePro W9100,2586.63,FirePro W9100,16.0,930.0,,Black / Red,275.0
gpu,AMD, FirePro W2100,472.12,FirePro W2100,2.0,630.0,,Black / Red,
gpu,PNY, VCQK1200DP-PB,581.01,Quadro K1200,4.0,1058.0,1124.0,Black / Green,160.0
gpu,EVGA, Founders Edition,2591.13,GeForce GTX 1080,8.0,1607.0,1733.0,Black / Silver,267.0
gpu,ATI, FirePro 2270,433.21,FirePro 2270,0.5,600.0,,Black / Red,170.0
gpu,PNY, RTX A-Series,19494.17,RTX A5500,24.0,1170.0,1695.0,Black,267.0
gpu,MSI, D3 LP,281.6,GeForce GT 710,2.0,954.0,,Black,145.0
gpu,Asus, Founders Edition,14578.42,GeForce GTX 1080 Ti,11.0,1480.0,1582.0,Black / Silver,267.0
gpu,MSI, GeForce RTX 3070 Suprim X 8G LHR,3462.07,GeForce RTX 3070 LHR,8.0,1500.0,1920.0,Black / Silver,335.0
gpu,PNY, VCG84512D3SPPB,433.26,GeForce 8400 GS,0.5,520.0,,Black / Blue,
gpu,EVGA, GAMING,2942.11,GeForce GTX 1080 Ti,11.0,1480.0,1582.0,Black / Silver,267.0
gpu,XFX, Speedster QICK 319 Core,4415.33,Radeon RX 6700 XT,12.0,2321.0,2581.0,Black,323.0
gpu,PNY, VCQK4000-PB,522.13,Quadro K4000,3.0,810.0,,Black / Silver,241.0
gpu,PowerColor, Red Devil,2134.35,Radeon RX 570,4.0,1168.0,1320.0,Black / Red,310.0
gpu,EVGA, XC BLACK GAMING,1382.23,GeForce GTX 1660 Ti,6.0,1500.0,1770.0,,190.0
gpu,Matrox, LUMA,2855.45,Arc A380,6.0,2000.0,,Black,254.0
gpu,HP, J3G93AT,736.44,FirePro W7100,8.0,920.0,,Black / Red,241.0
gpu,EVGA, GAMING,1728.87,GeForce GTX 1060 6GB,6.0,1506.0,1708.0,Black / Silver,267.0
gpu,Asus, STRIX-R9390-DC3OC-8GD5-GAMING,1295.57,Radeon R9 390,8.0,1050.0,,Black / Red,300.0
gpu,XFX, Speedster MERC 319 Limited,3336.37,Radeon RX 6900 XT,16.0,1825.0,2495.0,Black,340.0
gpu,EVGA, XC3 ULTRA HYBRID GAMING,5395.67,GeForce RTX 3080 12GB LHR,12.0,1260.0,1755.0,Black,263.0
gpu,Palit, GamingPro OC,3110.57,GeForce RTX 4070,12.0,1920.0,2595.0,Black / Silver,329.0
gpu,EVGA, FTW2 GAMING iCX,2508.81,GeForce GTX 1070,8.0,1607.0,1797.0,Black / Gray,267.0
gpu,Zotac, AMP Extreme Holo,9851.99,GeForce RTX 3080 Ti,12.0,1365.0,1785.0,Black,356.0
gpu,PNY, Founders Edition,13584.04,GeForce GTX 1080 Ti,11.0,1480.0,1582.0,Black / Silver,267.0
gpu,Lenovo, 4X61D97085,11049.11,RTX A5000,24.0,1170.0,1695.0,Black,267.0
gpu,Asus, Turbo,2162.17,GeForce RTX 2060,6.0,1365.0,1710.0,Black / Silver,268.0
gpu,EVGA, XC BLACK GAMING,1945.52,GeForce RTX 3050 8GB,8.0,1550.0,1777.0,Black,202.0
gpu,Asus, TUF GAMING V2,2686.03,GeForce RTX 3060 Ti LHR,8.0,1410.0,1695.0,Black,301.0
gpu,Gigabyte, AORUS MASTER Rev 2.0,5134.6,GeForce RTX 3080 10GB LHR,10.0,1440.0,1845.0,Black,319.0
gpu,Asus, GT710-SL-2GD5,888.65,GeForce GT 710,2.0,954.0,,Blue / Silver,167.0
gpu,Inno3D, Twin X2 OC,2900.03,GeForce RTX 4070,12.0,1920.0,2505.0,Black / Silver,250.0
gpu,PNY, VCQ4000-PB,605.36,Quadro 4000,2.0,,,Black / Silver,
gpu,Asus, STRIX GAMING Advanced,2491.48,GeForce RTX 2070,8.0,1410.0,1680.0,Black,300.0
gpu,MSI, D6 AERO ITX OC,814.86,GeForce GTX 1650 G6,4.0,1410.0,1620.0,Black / White,170.0
gpu,XFX, Speedster MERC 319,8676.79,Radeon RX 6900 XT,16.0,1825.0,2365.0,Black,340.0
gpu,Asus, 90YV0810-U0NA00,7357.43,GeForce GTX Titan X,12.0,1000.0,1075.0,Black / Silver,282.0
gpu,Inno3D, iChill X3,3465.27,GeForce RTX 4070 Ti,12.0,2310.0,2670.0,Black,334.0
gpu,EVGA, FTW3 GAMING,4675.31,GeForce RTX 2080 Ti,11.0,1350.0,1545.0,,302.0
gpu,EVGA, 512-P2-N430-LR,433.26,GeForce 7200 GS,0.5,,,Black / Green,
gpu,PNY, VCNVS810DVI-PB,3453.23,NVS 810,4.0,1020.0,,Black / Silver,241.0
gpu,EVGA, 02G-P4-3660-KR,1642.21,GeForce GTX 660 Ti,2.0,915.0,,Black / Silver,241.0
gpu,Asus, STRIX GAMING OC,2170.7,GeForce GTX 1650 G5,4.0,1485.0,1860.0,Black,242.0
gpu,PNY, VCQ5000-PB,853.56,Quadro 5000,2.5,,,Black / Silver,
gpu,Sapphire, TOXIC Limited Edition,5784.25,Radeon RX 6900 XT,16.0,1825.0,2600.0,Black,270.0
gpu,Asus, Founders Edition,2422.15,GeForce GTX 1080,8.0,1607.0,1733.0,Black / Silver,267.0
gpu,Gigabyte, EAGLE OC,6911.14,GeForce RTX 3090,24.0,1395.0,1725.0,Black,320.0
gpu,EVGA, 02G-P3-2617-KR,433.26,GeForce GT 610,2.0,,,Black,
gpu,PNY, VCQK2000-PB,463.63,Quadro K2000,2.0,,,Black / Green,198.0
gpu,Gigabyte, GAMING OC,11884.38,GeForce RTX 2070,8.0,1620.0,1740.0,Black / Gray,280.0
gpu,EVGA, Superclocked,1083.21,GeForce GT 740,4.0,1085.0,,Black / Silver,153.0
gpu,EVGA, ACX 2.0,1555.55,GeForce GTX 980,4.0,1126.0,1216.0,Black,267.0
gpu,Dell, 469-4186,307.56,Quadro K600,1.0,876.0,,Black / Green,160.0
gpu,Zotac, GAMING Trinity,8622.63,GeForce RTX 3080 Ti,12.0,1365.0,1665.0,Black / Silver,318.0
gpu,EVGA, FTW+ GAMING,1728.87,GeForce GTX 1060 3GB,3.0,1632.0,1860.0,Black,267.0
gpu,Asus, TUF GAMING OC,934.54,GeForce GTX 1630,4.0,1740.0,1845.0,Black,204.0
gpu,PNY, T-Series,754.46,T400  2GB,2.0,420.0,1425.0,Black / Gray,156.0
gpu,VisionTek, 900614,1000.36,Radeon HD 7750,2.0,,,Black / Red,
gpu,Gigabyte, AORUS MASTER,4400.07,Radeon RX 6800,16.0,1700.0,2190.0,Black,324.0
gpu,Asus, Phoenix OC,909.89,GeForce GTX 1650 G6,4.0,1410.0,1665.0,Black,174.0
gpu,EVGA, 01G-P3-2621-KR,678.85,GeForce GT 620,1.0,700.0,,Black / Green,144.0
gpu,AMD, FirePro 2460,983.55,FirePro 2460,0.5,,,Black / Red,
gpu,EVGA, SC2 Gaming iCX,2591.13,GeForce GTX 1080,8.0,1708.0,1847.0,White / Black,267.0
gpu,XFX, RX-VEGMLBFX6,1945.52,Radeon RX VEGA 56,8.0,1156.0,1471.0,Black / Red,280.0
gpu,MSI, SEA HAWK X,3704.72,GeForce RTX 2080,8.0,1515.0,1860.0,Black / Silver,268.0
gpu,Gigabyte, GV-R545-1GI,389.93,Radeon HD 5450,1.0,650.0,,Blue / Silver,182.0
gpu,PNY, VCQK1200DVI-PB,556.36,Quadro K1200,4.0,1058.0,1124.0,Black / Green,160.0
gpu,Gigabyte, OC,1213.2,Radeon RX 5500 XT,4.0,1647.0,1845.0,Black / Gray,225.0
gpu,MSI, Founders Edition,2942.11,GeForce GTX 1080 Ti,11.0,1480.0,1582.0,Black / Silver,267.0
gpu,Asus, DUAL,3033.1,GeForce RTX 2060,6.0,1365.0,1680.0,Black / Silver,270.0
gpu,PNY, VCQ450NVS-X16-PB,450.59,Quadro NVS 450,0.5,,,Black / Green,
gpu,PNY, XLR8 Gaming Overclocked Edition,8618.34,GeForce RTX 2080 Ti,11.0,1350.0,1635.0,Black / Silver,302.0
gpu,EVGA, FTW ACX 2.0+,1382.23,GeForce GTX 960,2.0,1304.0,1367.0,Black / White,256.0
gpu,AMD, FirePro V7900 SDI,420.13,FirePro V7900 SDI,2.0,725.0,,Black / Red,279.0
gpu,PNY, VCQ6000-PB,1515.55,Quadro 6000,6.0,,,Black / Silver,
gpu,Zotac, GAMING AMP Core Holo,6928.47,GeForce RTX 3090,24.0,1395.0,1755.0,Black,328.0
gpu,Gigabyte, Radeon RX VEGA 56 8G,2075.51,Radeon RX VEGA 56,8.0,1156.0,1471.0,Black / Red,280.0
gpu,ATI, FirePro W7000,779.77,FirePro W7000,4.0,950.0,,Black / Red,242.0
gpu,EVGA, 02G-P3-2713-KR,866.56,GeForce GT 710,2.0,954.0,,Black,115.0
gpu,EVGA, DT GAMING,3028.77,GeForce GTX 1080 Ti,11.0,1480.0,1582.0,Silver / Black,300.0
gpu,AMD, FirePro W9000,2036.34,FirePro W9000,6.0,975.0,,Black / Red,279.0
gpu,ATI, FirePro S9150,2599.63,FirePro S9150,16.0,900.0,,Black / White,267.0
gpu,Lenovo, 4X61J52233,1998.9,T1000 8GB,8.0,1065.0,1395.0,Black,156.0
gpu,EVGA, 768-P3-1360-RX,1936.85,GeForce GTX 460,0.75,675.0,,,209.0
gpu,EVGA, 02G-P4-2663-KR,1295.57,GeForce GTX 660,2.0,1072.0,,Black / Silver,241.0
gpu,MSI, VENTUS 2X V1,2162.17,GeForce RTX 3060 Ti LHR,8.0,1410.0,1665.0,Black / Gray,235.0
gpu,PowerColor, AX5450 512MK3-SH,301.45,Radeon HD 5450,0.5,650.0,,Black / Red,
gpu,Asus, DUAL V2,3838.73,GeForce RTX 3070 LHR,8.0,1500.0,1755.0,Black / Silver,267.0
gpu,ATI, FirePro V7900 SDI,420.13,FirePro V7900 SDI,2.0,725.0,,Black / Red,279.0
gpu,AMD, FirePro 2270,433.21,FirePro 2270,0.5,600.0,,Black / Red,170.0
gpu,ATI, FirePro W600,1299.86,FirePro W600,2.0,600.0,,Black / Red,163.0
gpu,PowerColor, Red Devil Limited Edition,8665.96,Radeon RX 6900 XT,16.0,1825.0,2340.0,Black,320.0
gpu,Asus, Phoenix EVO OC,736.57,GeForce GTX 1650 G6,4.0,1410.0,1635.0,Black,197.0
gpu,Asus, EAH6450 SILENT/DI/512MD3(LP),489.46,Radeon HD 6450,0.5,625.0,,Red / Silver,177.0
gpu,PNY, VCQ4000MAC-PB,981.86,Quadro 4000,2.0,,,Black / Silver,
gpu,Asus, GT730-SL-1GD3-BRK,598.04,GeForce GT 730,1.0,902.0,,Black / Blue,137.0
gpu,ATI, FirePro W5000,649.91,FirePro W5000,2.0,825.0,,Black / Red,191.0
gpu,ATI, FirePro S7000,1299.86,FirePro S7000,4.0,950.0,,Black / Silver,292.0
gpu,PNY, VCQK5000-PB,1706.94,Quadro K5000,4.0,706.0,,Black,267.0
gpu,VisionTek, 901507,953.22,Radeon RX 550 - 512,4.0,1100.0,1071.0,Red,184.0
gpu,Matrox, LUMA,2292.16,Arc A310,4.0,1750.0,,Black,168.0
gpu,AMD, FirePro W4100,550.12,FirePro W4100,2.0,630.0,,Black / Red,171.0
gpu,PNY, VCGGTX9804XPB-CG,1295.57,GeForce GTX 980,4.0,1126.0,1216.0,Black / Silver,267.0
gpu,MSI, VENTUS 3X OC,4328.67,GeForce RTX 3080 10GB LHR,10.0,1440.0,1740.0,Black,305.0
gpu,EVGA, 01G-P3-1526-KR,866.17,GeForce GT 520,1.0,810.0,,Black,144.0
gpu,ATI, FirePro RG220A,519.96,FirePro RG220A,0.5,800.0,,Black / Red,168.0
gpu,EVGA, Classified ACX 2.0,1728.87,GeForce GTX 980,4.0,1291.0,1393.0,Black / Red,280.0
gpu,EVGA, 02G-P3-2738-KR,688.95,GeForce GT 730,2.0,700.0,,Black / Green,167.0
gpu,ATI, FirePro 2450 Multi-View,420.13,FirePro 2450,0.5,600.0,,Black / Red,168.0
gpu,HP, C2J93AT,563.25,Quadro K2000,2.0,954.0,,Black / Green,202.0
gpu,HP, 6E3Y8AA,849.05,Arc Pro A40,6.0,1550.0,1700.0,Black,168.0
gpu,EVGA, 01G-P3-1335-KR,541.58,GeForce GT 430,1.0,700.0,,Black / Green,144.0
gpu,Galaxy, 68NPH6DV5ZGX,3197.75,GeForce GTX 680,2.0,1006.0,,Black / Silver,254.0
gpu,PNY, VCQK2000D-PB,836.44,Quadro K2000D,2.0,,,Black / Green,198.0
gpu,ATI, FirePro 2460,983.55,FirePro 2460,0.5,600.0,,Black / Red,170.0
gpu,PNY, VCQ450NVS-X16-DVI-PB,593.01,Quadro NVS 450,0.5,550.0,,Black / Green,
gpu,PNY, VCQK420-PB,433.13,Quadro K420,1.0,876.0,,Black / Green,160.0
gpu,EVGA, K|NGP|N ACX 2.0+,3812.39,GeForce GTX 980,4.0,1304.0,1418.0,Black / Silver,279.0
gpu,ATI, FirePro V3800,428.88,FirePro V3800,0.5,650.0,,Black / Red,168.0
gpu,PowerColor, TurboDuo,2157.79,Radeon R9 280X,3.0,850.0,1000.0,Black / Red,265.0
gpu,AMD, 100-505956,10607.27,Radeon Pro WX 8200,8.0,1200.0,1530.0,Blue,267.0
gpu,Gainward, Phoenix,7495.66,GeForce RTX 4070 Ti,12.0,2310.0,2610.0,Black,329.0
gpu,ATI, 100-505532,420.13,FirePro 2450,0.5,,,Black / Red,
gpu,HP, Firepro V3900,693.24,FirePro V3900,1.0,650.0,,Black / Red,168.0
gpu,ATI, 100-505553,563.25,FirePro V5700,0.5,,,Black / Red,
gpu,HP, J3G92AT,732.1,FirePro W5100,4.0,930.0,,Black / Red,171.0
gpu,ATI, 100-505637,563.25,FirePro V3900,1.0,,,Black / Red,
gpu,EVGA, 02G-P4-3662-KR,1642.21,GeForce GTX 660 Ti,2.0,967.0,,Black / Silver,241.0
gpu,HP, C2J93AA,563.25,Quadro K2000,2.0,,,Black / Green,203.0
gpu,HP, C2J94AT,779.77,Quadro K4000,3.0,810.0,,Black / Silver,241.0
gpu,Matrox, LUMA,2465.48,Arc A310,4.0,1750.0,,Black,168.0
gpu,ATI, FirePro S9050,3899.66,FirePro S9050,12.0,900.0,,Black / Silver,254.0
gpu,Inno3D, N30602-08D6-11902130,1994.31,GeForce RTX 3050 8GB,8.0,1320.0,1777.0,Black,240.0
gpu,ATI, FirePro W5000,649.91,FirePro W5000,2.0,825.0,,Black / Red,183.0
gpu,ATI, FirePro V8800,1169.69,FirePro V8800,2.0,825.0,,Black / Red,267.0
gpu,Lenovo, 0B47392,563.25,Quadro K2000,2.0,954.0,,Black / Green,202.0
gpu,EVGA, 04G-P4-1976-KR,2595.47,GeForce GTX 970,4.0,1140.0,1279.0,Black / Silver,242.0
gpu,Jaton, Video-339PCI-HLX,420.56,Radeon HD 5450,0.5,,,Black / Blue,144.0
gpu,ATI, FirePro W8000,1161.03,FirePro W8000,4.0,900.0,,Black / Red,279.0
gpu,HP, FirePro W7000,779.77,FirePro W7000,4.0,950.0,,Black / Red,242.0
