item_type,brand,name,price,quantity,socket,form_factor,max_memory,memory_slots,color
mobo,MSI, B650 GAMING PLUS WIFI,736.57,31,AM5,ATX,192,4,Black
mobo,Asus, ROG STRIX B650-A GAMING WIFI,866.56,52,AM5,ATX,192,4,Black / Silver
mobo,MSI, B760 GAMING PLUS WIFI,693.24,38,LGA1700,ATX,192,4,Black / Silver
mobo,MSI, PRO Z790-A MAX WIFI,1039.88,25,LGA1700,ATX,192,4,Silver / Black
mobo,MSI, B550 GAMING GEN3,433.26,36,AM4,ATX,128,4,Black
mobo,MSI, B450M-A PRO MAX II,303.22,48,AM4,Micro ATX,64,2,Black
mobo,MSI, MAG B650 TOMAHAWK WIFI,866.56,14,AM5,ATX,192,4,Black
mobo,Gigabyte, B650 GAMING X AX,779.9,54,AM5,ATX,192,4,Black / Gray
mobo,Asus, PRIME B550M-A WIFI II,454.92,38,AM4,Micro ATX,128,4,Blue / Silver
mobo,ASRock, B650M Pro RS WiFi,649.91,38,AM5,Micro ATX,192,4,Black / Silver
mobo,ASRock, B660M Pro RS,411.59,23,LGA1700,Micro ATX,128,4,Gray / Black
mobo,MSI, PRO B650M-P,519.92,57,AM5,Micro ATX,192,4,Black / Silver
mobo,Asus, TUF GAMING Z790-PRO WIFI,1213.2,42,LGA1700,ATX,192,4,Black
mobo,MSI, MAG X670E TOMAHAWK WIFI,1126.54,5,AM5,ATX,192,4,Black
mobo,MSI, PRO Z790-P WIFI,866.56,11,LGA1700,ATX,192,4,Black / Silver
mobo,MSI, MAG B550 TOMAHAWK MAX WIFI,693.24,29,AM4,ATX,128,4,Silver / Black
mobo,Asus, ROG STRIX B550-F GAMING WIFI II,823.23,55,AM4,ATX,128,4,Black / Red
mobo,MSI, PRO B650M-A WIFI,680.24,53,AM5,Micro ATX,192,4,Black
mobo,ASRock, B650I Lightning Wifi,866.56,38,AM5,Mini ITX,96,2,Black
mobo,MSI, B550M PRO-VDH WIFI,433.26,15,AM4,Micro ATX,128,4,Black
mobo,MSI, PRO B650-S WIFI,606.58,3,AM5,ATX,192,4,Black
mobo,Gigabyte, B650 EAGLE AX,736.57,39,AM5,ATX,192,4,Gray / Black
mobo,Asus, ROG STRIX B650E-F GAMING WIFI,1126.54,53,AM5,ATX,192,4,Black
mobo,Gigabyte, B650 AORUS ELITE AX ICE,996.55,3,AM5,ATX,192,4,Silver
mobo,Asus, ROG MAXIMUS Z790 DARK HERO,2513.1,21,LGA1700,ATX,192,4,Black
mobo,Asus, Prime B450M-A II,303.22,25,AM4,Micro ATX,128,4,
mobo,Gigabyte, B650 AORUS ELITE AX,866.56,39,AM5,ATX,192,4,Black / Silver
mobo,Asus, PRIME B760-PLUS,563.25,35,LGA1700,ATX,192,4,Black / Silver
mobo,Gigabyte, B550M K,411.59,24,AM4,Micro ATX,128,4,Brown / Silver
mobo,MSI, MAG Z790 TOMAHAWK WIFI,909.89,41,LGA1700,ATX,192,4,Black
mobo,Gigabyte, TRX40 AORUS XTREME,7972.81,12,sTRX4,XL ATX,256,8,Black / Silver
mobo,Gigabyte, X670E AORUS PRO X,1299.86,55,AM5,ATX,192,4,White / Silver
mobo,Asus, ROG STRIX Z790-A GAMING WIFI II,1455.84,36,LGA1700,ATX,192,4,Black / Silver
mobo,Gigabyte, Z790 AORUS ELITE AX,953.22,47,LGA1700,ATX,192,4,Black
mobo,ASRock, B450M-HDV R4.0,259.94,1,AM4,Micro ATX,32,2,Black / White
mobo,MSI, PRO B550M-VC WIFI,505.01,1,AM4,Micro ATX,128,4,Black
mobo,MSI, PRO B760-P WIFI DDR4,606.58,14,LGA1700,ATX,128,4,Black
mobo,Asus, TUF GAMING B650-PLUS WIFI,866.56,26,AM5,ATX,128,4,Black
mobo,Gigabyte, B550 UD AC,433.26,12,AM4,ATX,128,4,Brown / Black
mobo,Asus, ROG STRIX B650E-I GAMING WIFI,1299.86,57,AM5,Mini ITX,96,2,Black
mobo,Asus, ROG STRIX Z790-E GAMING WIFI II,1854.48,13,LGA1700,ATX,192,4,Black
mobo,MSI, B550-A PRO,476.59,50,AM4,ATX,128,4,Black / Silver
mobo,MSI, PRO A620M-E,324.76,40,AM5,Micro ATX,96,2,Black
mobo,MSI, PRO H610M-G DDR4,346.6,2,LGA1700,Micro ATX,64,2,Black / Silver
mobo,ASRock, B650M Pro RS,584.91,32,AM5,Micro ATX,192,4,Black / Silver
mobo,MSI, PRO Z690-A WIFI,649.91,55,LGA1700,ATX,192,4,Black / Silver
mobo,Asus, ROG STRIX B760-I GAMING WIFI,866.56,51,LGA1700,Mini ITX,96,2,Black
mobo,ASRock, B550M Pro4,433.26,4,AM4,Micro ATX,128,4,Silver / Black
mobo,Gigabyte, A520I AC,476.59,59,AM4,Mini ITX,64,2,Black
mobo,ASRock, B450M/ac R2.0,336.5,20,AM4,Micro ATX,128,4,Black / Silver
mobo,MSI, B450M PRO-VDH MAX,324.93,9,AM4,Micro ATX,64,4,Black / Silver
mobo,ASRock, B760M-HDV/M.2,519.92,51,LGA1700,Micro ATX,96,2,White / Black
mobo,Gigabyte, B760M DS3H DDR4,433.26,50,LGA1700,Micro ATX,128,4,Black
mobo,Asus, TUF GAMING B550-PLUS WIFI II,580.62,51,AM4,ATX,128,4,Black / Gray
mobo,Gigabyte, B650M D3HP,519.92,22,AM5,Micro ATX,192,4,Black
mobo,MSI, PRO B650-P WIFI,706.24,11,AM5,ATX,192,4,Black
mobo,Asus, ROG STRIX B550-A GAMING,745.23,17,AM4,ATX,128,4,Black / White
mobo,Asus, TUF GAMING A520M-PLUS WIFI,424.59,16,AM4,Micro ATX,128,4,Black / Orange
mobo,Gigabyte, B650 GAMING X AX V2,801.56,40,AM5,ATX,192,4,Gray / Black
mobo,Asus, ROG STRIX X670E-E GAMING WIFI,1949.81,0,AM5,ATX,192,4,Black / Silver
mobo,Asus, ROG MAXIMUS Z790 FORMULA,3249.71,10,LGA1700,ATX,192,4,Silver / Black
mobo,NZXT, N7 B650E,1213.2,40,AM5,ATX,128,4,White
mobo,ASRock, Z690M-ITX/ax,584.91,43,LGA1700,Mini ITX,64,2,Silver / Black
mobo,Gigabyte, B550M AORUS ELITE AX,433.26,42,AM4,Micro ATX,128,4,Black / Silver
mobo,MSI, MPG B550 GAMING PLUS,567.62,52,AM4,ATX,128,4,Black
mobo,Gigabyte, B550 AORUS ELITE AX V2,606.58,19,AM4,ATX,128,4,Black / Silver
mobo,ASRock, A620I LIGHTNING WIFI,606.58,43,AM5,Mini ITX,96,2,Black
mobo,Gigabyte, B650M AORUS ELITE AX,823.23,34,AM5,Micro ATX,192,4,Black
mobo,Gigabyte, B450M DS3H WIFI,385.55,38,AM4,Micro ATX,128,4,Brown / Black
mobo,Asus, TUF GAMING X570-PLUS (WI-FI),840.56,41,AM4,ATX,128,4,Black / Gold
mobo,ASRock, B760M-H/M.2,389.93,52,LGA1700,Micro ATX,96,2,Silver / Black
mobo,Asus, TUF GAMING X670E-PLUS WIFI,1169.87,38,AM5,ATX,192,4,Black / Orange
mobo,ASRock, B650M-HDV/M.2,653.03,23,AM5,Micro ATX,96,2,Silver / Black
mobo,MSI, MPG B650I EDGE WIFI,1132.34,50,AM5,Mini ITX,96,2,Black / Silver
mobo,Gigabyte, B650I AORUS ULTRA,1126.54,9,AM5,Mini ITX,96,2,Black / Silver
mobo,Gigabyte, B550 GAMING X V2,402.93,36,AM4,ATX,128,4,Black
mobo,MSI, X670E GAMING PLUS WIFI,996.55,50,AM5,ATX,192,4,Silver / Black
mobo,ASRock, B650M-H/M.2+,433.26,20,AM5,Micro ATX,96,2,Silver / Black
mobo,Asus, ROG STRIX Z690-I GAMING WIFI,823.23,13,LGA1700,Mini ITX,96,2,Black / Silver
mobo,Gigabyte, B450M K,346.64,49,AM4,Micro ATX,64,2,Brown / Silver
mobo,Gigabyte, Z790 AORUS PRO X,1516.51,24,LGA1700,ATX,192,4,Silver
mobo,MSI, MAG B550 TOMAHAWK,606.58,39,AM4,ATX,128,4,Black / Silver
mobo,MSI, MEG Z790 GODLIKE MAX,5186.56,36,LGA1700,EATX,192,4,Black
mobo,Gigabyte, B650 AORUS ELITE AX V2,813.69,50,AM5,ATX,192,4,Black / Silver
mobo,ASRock, A520M-HDV,290.22,44,AM4,Micro ATX,64,2,Black / Silver
mobo,MSI, B450 Gaming Plus MAX,324.89,40,AM4,ATX,128,4,Red / Black
mobo,ASRock, B550M-ITX/ac,563.25,34,AM4,Mini ITX,64,2,Silver / Black
mobo,ASRock, B650 Steel Legend WiFi,779.9,13,AM5,ATX,192,4,White / Silver
mobo,Gigabyte, A620I AX,606.58,42,AM5,Mini ITX,96,2,Black / Gray
mobo,Asus, ROG STRIX Z690-E GAMING WIFI,1000.88,39,LGA1700,ATX,192,4,Black
mobo,Asus, PRIME X670-P WIFI,909.89,1,AM5,ATX,192,4,Silver / Black
mobo,MSI, PRO B760M-P DDR4,433.26,28,LGA1700,Micro ATX,128,4,Black
mobo,Asus, ROG CROSSHAIR X670E HERO,2773.08,37,AM5,ATX,192,4,Black / Silver
mobo,Asus, ROG STRIX Z790-E GAMING WIFI,1559.84,27,LGA1700,ATX,192,4,Black
mobo,MSI, MAG B760 TOMAHAWK WIFI,779.9,13,LGA1700,ATX,192,4,Black
mobo,Gigabyte, H410M H V2,315.92,13,LGA1200,Micro ATX,64,2,Gray / Black
mobo,Asus, TUF GAMING Z790-PLUS WIFI,996.55,21,LGA1700,ATX,192,4,Black / Gray
mobo,ASRock, X670E Steel Legend,1126.54,31,AM5,ATX,192,4,Black / White
mobo,Gigabyte, B550I AORUS PRO AX,823.23,51,AM4,Mini ITX,64,2,Black / Silver
mobo,Gigabyte, B650M D3HP AX,584.91,58,AM5,Micro ATX,192,4,Black / Gray
mobo,Gigabyte, B760M DS3H AX,606.58,14,LGA1700,Micro ATX,192,4,Black
mobo,Gigabyte, B550M DS3H AC,472.25,20,AM4,Micro ATX,128,4,Black
mobo,Gigabyte, Z790 AORUS ELITE X WIFI7,1213.2,12,LGA1700,ATX,192,4,Black
mobo,Asus, PRIME Z790-P WIFI,823.23,45,LGA1700,ATX,192,4,Black / Silver
mobo,NZXT, N7 B650E,1083.21,57,AM5,ATX,128,4,Black
mobo,Asus, ProArt X670E-CREATOR WIFI,1841.48,54,AM5,ATX,192,4,Black / Copper
mobo,Gigabyte, X670 AORUS ELITE AX (rev. 1.0),1169.87,11,AM5,ATX,192,4,Black
mobo,ASRock, A620M Pro RS WiFi,770.62,24,AM5,Micro ATX,192,4,Silver / Black
mobo,ASRock, B450M PRO4 R2.0,347.29,6,AM4,Micro ATX,128,4,Gray / Black
mobo,MSI, PRO H610M-G WIFI DDR4,428.97,33,LGA1700,Micro ATX,64,2,Black / Silver
mobo,ASRock, H610M-HVS,303.22,8,LGA1700,Micro ATX,64,2,Gray / Black
mobo,MSI, MPG Z790 EDGE TI MAX WIFI,1299.86,17,LGA1700,ATX,192,4,Silver / Black
mobo,ASRock, B650E PG RIPTIDE WIFI,823.23,14,AM5,ATX,192,4,Black / Blue
mobo,ASRock, Z690 Extreme,563.25,20,LGA1700,ATX,128,4,Black / Silver
mobo,Gigabyte, Z790 EAGLE AX,797.01,19,LGA1700,ATX,192,4,Gray / Black
mobo,Gigabyte, B650E AORUS ELITE X AX ICE,1083.21,55,AM5,ATX,192,4,Silver / White
mobo,Gigabyte, B550M DS3H,385.64,23,AM4,Micro ATX,128,4,Black / Gold
mobo,Asus, ROG STRIX B650E-E GAMING WIFI,1434.83,45,AM5,ATX,192,4,Black
mobo,Gigabyte, B760 GAMING X AX,736.57,25,LGA1700,ATX,192,4,Black / Gray
mobo,Gigabyte, A520M K V2,338.15,36,AM4,Micro ATX,64,2,Brown / Black
mobo,Asus, ROG STRIX B550-F GAMING,688.9,42,AM4,ATX,128,4,Black
mobo,ASRock, B550 Phantom Gaming 4/ac,389.93,7,AM4,ATX,128,4,Silver / Black
mobo,MSI, PRO B760M-A WIFI DDR4,649.91,9,LGA1700,Micro ATX,128,4,Black
mobo,Asus, TUF GAMING B760M-PLUS WIFI II,844.89,25,LGA1700,Micro ATX,192,4,Black / Orange
mobo,Gigabyte, B760I AORUS PRO,866.56,44,LGA1700,Mini ITX,96,2,Silver / Black
mobo,ASRock, B650M PG RIPTIDE WIFI,736.57,45,AM5,Micro ATX,192,4,Black
mobo,Asus, TUF GAMING B650M-PLUS WIFI,823.23,34,AM5,Micro ATX,192,4,Black
mobo,Asus, ROG STRIX X670E-F GAMING WIFI,1516.51,27,AM5,ATX,192,4,Black / Silver
mobo,Asus, ProArt Z790-CREATOR WIFI,1906.48,5,LGA1700,ATX,192,4,Black / Copper
mobo,Asus, PRIME B650-PLUS,714.9,32,AM5,ATX,192,4,Black / Silver
mobo,MSI, A520M-A PRO,303.27,48,AM4,Micro ATX,64,2,Black
mobo,NZXT, N7 Z790,1286.86,23,LGA1700,ATX,192,4,Black
mobo,ASRock, B550M-HDV,324.89,50,AM4,Micro ATX,64,2,Black
mobo,ASRock, B550M PG RIPTIDE,446.21,34,AM4,Micro ATX,128,4,
mobo,Asus, ROG STRIX X670E-I GAMING WIFI,1841.48,36,AM5,Mini ITX,96,2,Black / Silver
mobo,Asus, ROG STRIX B760-A GAMING WIFI,909.89,36,LGA1700,ATX,192,4,Silver / Black
mobo,Gigabyte, X670 GAMING X AX V2,909.89,28,AM5,ATX,192,4,Black / Gray
mobo,Gigabyte, A520M DS3H V2,386.5,1,AM4,Micro ATX,128,4,Gray / Brown
mobo,Asus, ROG STRIX Z790-H GAMING WIFI,1083.21,22,LGA1700,ATX,192,4,Black
mobo,MSI, Z790 GAMING PLUS WIFI,866.56,42,LGA1700,ATX,192,4,Black
mobo,ASRock, Z690 Pro RS,519.92,26,LGA1700,ATX,128,4,Silver / Black
mobo,Asus, ROG STRIX Z790-F GAMING WIFI II,1776.49,50,LGA1700,ATX,192,4,Black
mobo,MSI, MEG X670E GODLIKE,5576.61,6,AM5,EATX,192,4,Black
mobo,Gigabyte, TRX40 AORUS PRO WIFI,2296.45,40,sTRX4,ATX,256,8,Black / Orange
mobo,Asus, TUF GAMING B550M-PLUS WIFI II,876.74,56,AM4,Micro ATX,128,4,Black / Gray
mobo,MSI, PRO Z790-S WIFI,736.57,32,LGA1700,ATX,192,4,Black
mobo,Asus, ROG STRIX X670E-A GAMING WIFI,1451.51,20,AM5,ATX,192,4,Silver / Black
mobo,ASRock, H370M-HDV,324.76,47,LGA1151,Micro ATX,64,2,Black / Silver
mobo,ASRock, B550 Phantom Gaming-ITX/ax,693.24,20,AM4,Mini ITX,64,2,Silver / Black
mobo,Asus, PRIME B660M-A WIFI D4,742.11,33,LGA1700,Micro ATX,128,4,Silver / Black
mobo,MSI, MAG B760M MORTAR WIFI II,779.9,31,LGA1700,Micro ATX,192,4,Silver / Black
mobo,Asus, ROG STRIX Z790-A GAMING WIFI D4,953.22,34,LGA1700,ATX,128,4,Black / Silver
mobo,MSI, MAG B650M MORTAR WIFI,866.38,55,AM5,Micro ATX,192,4,Black
mobo,MSI, MPG Z790I EDGE WIFI,1290.5,51,LGA1700,Mini ITX,96,2,Silver / Black
mobo,MSI, PRO B550-VC,606.58,45,AM4,ATX,128,4,Black
mobo,Gigabyte, Z790 AORUS ELITE AX ICE,1126.54,0,LGA1700,ATX,192,4,Silver / White
mobo,Asus, PRIME B550-PLUS,476.59,4,AM4,ATX,128,4,Black / White
mobo,ASRock, B760M Pro RS/D4 WiFi,645.57,6,LGA1700,Micro ATX,128,4,Silver / Black
mobo,ASRock, X670E PG Lightning,1034.55,6,AM5,ATX,192,4,Black
mobo,Gigabyte, A520M S2H,348.72,42,AM4,Micro ATX,64,2,Black
mobo,ASRock, B550 Phantom Gaming 4,389.93,28,AM4,ATX,128,4,Silver / Black
mobo,MSI, MAG Z790 TOMAHAWK MAX WIFI,1169.87,20,LGA1700,ATX,192,4,Black / Yellow
mobo,MSI, PRO-H610M-E-DDR4,394.78,16,LGA1700,Micro ATX,64,2,Black
mobo,Gigabyte, H510M K V2,367.14,8,LGA1200,Micro ATX,64,2,Black / Gray
mobo,Asus, PRIME Z790-A WIFI,1078.92,28,LGA1700,ATX,192,4,Black / Silver
mobo,Asus, PRIME A320M-K,298.89,8,AM4,Micro ATX,32,2,Black / White
mobo,MSI, MPG X670E CARBON WIFI,1776.49,37,AM5,ATX,192,4,Black
mobo,Intel, DQ45EK,1196.3,39,LGA775,Mini ITX,4,2,Green / Blue
mobo,Asus, ROG MAXIMUS Z790 HERO,2296.45,25,LGA1700,ATX,192,4,Black
mobo,ASRock, B450M Steel Legend,389.93,9,AM4,Micro ATX,64,4,Black / White
mobo,Gigabyte, Z790 AORUS ELITE X AX,996.55,22,LGA1700,ATX,192,4,Black
mobo,MSI, MPG B650 EDGE WIFI,987.88,20,AM5,ATX,192,4,Black / Silver
mobo,Asus, PRIME X670E-PRO WIFI,1298.86,29,AM5,ATX,192,4,Silver / Black
mobo,ASRock, B650 LiveMixer,602.24,13,AM5,ATX,192,4,Orange / Black
mobo,MSI, PRO Z790-P WIFI DDR4,871.76,1,LGA1700,ATX,128,4,Black / Silver
mobo,Asus, PRIME B650M-A WIFI II,981.68,8,AM5,Micro ATX,192,4,Black / Silver
mobo,Asus, PRIME B550-PLUS AC-HES,476.59,58,AM4,ATX,128,4,Silver / Black
mobo,MSI, PRO Z790-A WIFI,953.22,26,LGA1700,ATX,192,4,Black / Silver
mobo,Asus, PRIME H510M-A WIFI,476.59,13,LGA1200,Micro ATX,64,2,Black / Silver
mobo,ASRock, B760M PG SONIC WiFi,823.23,21,LGA1700,Micro ATX,192,4,Blue / Silver
mobo,Asus, TUF GAMING A620M-PLUS WIFI,645.57,57,AM5,Micro ATX,192,4,Black / Orange
mobo,ASRock, B650 PRO RS,1058.16,19,AM5,ATX,192,4,Black / Silver
mobo,Gigabyte, H610M S2H V2 DDR4,389.93,24,LGA1700,Micro ATX,64,2,Black / Gray
mobo,Asus, ROG STRIX Z790-I GAMING WIFI,1906.48,23,LGA1700,Mini ITX,96,2,Black
mobo,MSI, MAG B760 TOMAHAWK WIFI DDR4,779.9,31,LGA1700,ATX,128,4,Black
mobo,ASRock, Fatal1ty B450 Gaming-ITX/ac,636.34,51,AM4,Mini ITX,64,2,Black / Silver
mobo,Asus, ROG STRIX Z790-F GAMING WIFI,1169.87,15,LGA1700,ATX,192,4,Black
mobo,ASRock, Z790 Lightning WiFi,693.24,10,LGA1700,ATX,192,4,Silver / Black
mobo,Gigabyte, X670E AORUS XTREME (rev. 1.0),2816.41,27,AM5,EATX,192,4,Black
mobo,ASRock, B550M Steel Legend,502.54,15,AM4,Micro ATX,128,4,Silver / Black
mobo,Asus, PRIME Z790-V WIFI,953.22,16,LGA1700,ATX,192,4,Black / Silver
mobo,Gigabyte, Z790M AORUS ELITE AX ICE,888.22,41,LGA1700,Micro ATX,192,4,White / Silver
mobo,MSI, B450M-A PRO MAX,399.55,30,AM4,Micro ATX,32,2,Black
mobo,Gigabyte, Z790 UD AC,823.23,50,LGA1700,ATX,192,4,Black
mobo,Asus, ROG MAXIMUS Z790 APEX ENCORE,3767.41,12,LGA1700,ATX,96,2,Black
mobo,ASRock, B650 PG LIGHTNING,649.91,15,AM5,ATX,192,4,Black
mobo,ASRock, X670E Taichi,1776.49,40,AM5,EATX,192,4,Black
mobo,Gigabyte, B760 AORUS ELITE AX,736.57,47,LGA1700,ATX,192,4,Black
mobo,Gigabyte, B450M DS3H,541.37,25,AM4,Micro ATX,128,4,Black / Silver
mobo,Gigabyte, B550M AORUS ELITE,573.13,20,AM4,Micro ATX,128,4,Black / Orange
mobo,Gigabyte, X670E AORUS MASTER (rev. 1.0),1697.28,18,AM5,EATX,192,4,Black / Silver
mobo,ASRock, B650E Taichi Lite,1126.54,16,AM5,EATX,192,4,Black / Gray
mobo,ASRock, Z790 Riptide WiFi,866.56,1,LGA1700,ATX,192,4,Black
mobo,Asus, TUF GAMING B760-PLUS WIFI,779.9,10,LGA1700,ATX,192,4,Black
mobo,Gigabyte, Z790 GAMING X AX,866.56,41,LGA1700,ATX,192,4,Black
mobo,Gigabyte, B650M GAMING X AX,930.99,5,AM5,Micro ATX,192,4,Black
mobo,ASRock, B760M-HDV/M.2 D4,389.93,56,LGA1700,Micro ATX,64,2,Silver / Black
mobo,Asus, PRIME Z390-P,866.34,38,LGA1151,ATX,128,4,Silver / Black
mobo,MSI, MPG Z790 CARBON WIFI II,1733.16,0,LGA1700,ATX,192,4,Black
mobo,Gigabyte, A620M S2H,389.93,37,AM5,Micro ATX,96,2,Gray / Black
mobo,ASRock, B660M-HDV,411.59,34,LGA1700,Micro ATX,64,2,Gray / Black
mobo,MSI, MPG B760I EDGE WIFI,895.24,48,LGA1700,Mini ITX,96,2,Black / Silver
mobo,Asus, ROG STRIX Z690-A GAMING WIFI D4,1723.93,51,LGA1700,ATX,128,4,Silver / Black
mobo,Asus, PRIME B760M-A,630.62,42,LGA1700,Micro ATX,128,4,Silver / Black
mobo,MSI, MEG X670E ACE,2946.4,53,AM5,EATX,192,4,Black / Gold
mobo,ASRock, X670E Taichi Carrara,1863.15,57,AM5,EATX,192,4,Black / White
mobo,MSI, MEG Z790 ACE MAX,3033.06,17,LGA1700,EATX,192,4,Black
mobo,MSI, PRO Z690-A WIFI DDR4,823.23,15,LGA1700,ATX,128,4,Black / Silver
mobo,MSI, Z390-A PRO,1066.7,30,LGA1151,ATX,128,4,Brown / Black
mobo,Gigabyte, B650M DS3H,838.57,28,AM5,Micro ATX,192,4,Brown / Black
mobo,Gigabyte, B650M K,519.92,37,AM5,Micro ATX,192,4,Brown / Silver
mobo,ASRock, H310CM-DVS,272.11,37,LGA1151,Micro ATX,32,2,Black
mobo,Asus, PRIME B450M-K II,395.04,0,AM4,Micro ATX,64,2,Black
mobo,Asus, TUF GAMING Z790-PLUS WIFI D4,866.56,43,LGA1700,ATX,128,4,Black
mobo,Gigabyte, B550 AORUS ELITE V2,751.0,3,AM4,ATX,128,4,Black
mobo,Asus, ROG Crosshair VIII Dark Hero,2513.1,21,AM4,ATX,128,4,Black / Silver
mobo,Asus, PRIME Z390-A,1230.57,2,LGA1151,ATX,128,4,Silver / Black
mobo,ASRock, Z790 Pro RS,736.57,55,LGA1700,ATX,192,4,Silver / Black
mobo,MSI, PRO B760-VC WIFI IV,693.24,36,LGA1700,ATX,256,4,Black / Silver
mobo,MSI, PRO Z790-VC WIFI,693.24,30,LGA1700,ATX,192,4,Black
mobo,Asus, PRIME A520M-A II/CSM,346.6,6,AM4,Micro ATX,128,4,Silver / Black
mobo,MSI, MPG B650 CARBON WIFI,1986.55,7,AM5,ATX,192,4,Black
mobo,ASRock, B450M/AC,356.95,38,AM4,Micro ATX,64,4,Black
mobo,ASRock, A520M-ITX/ac,516.36,14,AM4,Mini ITX,64,2,Black / Silver
mobo,MSI, Z790 GAMING PRO WIFI,823.23,58,LGA1700,ATX,192,4,Black
mobo,Gigabyte, B650 UD AC,736.57,37,AM5,ATX,192,4,Black / Gray
mobo,Asus, PRIME B760M-A WIFI D4,816.94,40,LGA1700,Micro ATX,128,4,Silver / Black
mobo,Gigabyte, Z390 AORUS PRO WIFI,1291.23,17,LGA1151,ATX,128,4,Black / Silver
mobo,ASRock, B550 Pro4,518.53,23,AM4,ATX,128,4,Silver / Black
mobo,Gigabyte, H610I,519.92,24,LGA1700,Mini ITX,64,2,Black
mobo,MSI, MAG B660 TOMAHAWK WIFI DDR4,1020.38,45,LGA1700,ATX,128,4,Black / Silver
mobo,MSI, MPG Z790 EDGE WIFI,1264.98,38,LGA1700,ATX,192,4,Silver / Black
mobo,Asus, PRIME H610I-PLUS D4-CSM,489.59,52,LGA1700,Mini ITX,64,2,Silver / Black
mobo,ASRock, B760M Steel Legend WiFi,693.24,21,LGA1700,Micro ATX,192,4,Silver / Black
mobo,Asus, PRIME B660-PLUS D4,645.7,9,LGA1700,ATX,128,4,Silver / Black
mobo,MSI, MAG B550M MORTAR MAX WIFI,649.91,22,AM4,Micro ATX,128,4,Silver / Black
mobo,Asus, ROG STRIX X570-E GAMING WIFI II,1988.85,17,AM4,ATX,128,4,Black
mobo,Asus, TUF GAMING B550-PLUS,680.28,16,AM4,ATX,128,4,Black
mobo,ASRock, B650E PG-ITX WIFI,1256.53,20,AM5,Mini ITX,96,2,Black / Red
mobo,Asus, TUF GAMING B650-PLUS,1128.92,52,AM5,ATX,128,4,Black / Orange
mobo,Asus, PRIME X670-P,957.68,32,AM5,ATX,192,4,Silver / Black
mobo,MSI, PRO B550M-P GEN3,448.9,22,AM4,Micro ATX,128,4,Black
mobo,ASRock, B760M PG Riptide,563.25,56,LGA1700,Micro ATX,192,4,Black / Blue
mobo,Gigabyte, B760M AORUS ELITE AX,758.23,6,LGA1700,Micro ATX,192,4,Black / Silver
mobo,Asus, PRIME H510M-K,559.22,20,LGA1200,Micro ATX,64,2,Black / Silver
mobo,ASRock, Z690 PG Riptide,541.58,55,LGA1700,ATX,128,4,Black / Silver
mobo,MSI, Z490-A PRO,1425.56,13,LGA1200,ATX,128,4,Black / Silver
mobo,MSI, PRO B760M-A WIFI,736.57,11,LGA1700,Micro ATX,192,4,Black
mobo,Asus, PRIME H610M-K D4,465.32,59,LGA1700,Micro ATX,64,2,Silver / Black
mobo,Gigabyte, B450M DS3H V2,445.61,53,AM4,Micro ATX,128,4,Black
mobo,MSI, MEG Z690 ACE,970.55,20,LGA1700,EATX,192,4,Black / Gold
mobo,ASRock, B450 Steel Legend,433.26,18,AM4,ATX,64,4,Black / Silver
mobo,Supermicro, X10SLL-F,736.57,18,LGA1150,Micro ATX,32,4,Black / Green
mobo,ASRock, B560M-HDV,563.25,47,LGA1200,Micro ATX,64,2,Silver / Black
mobo,Asus, ROG STRIX Z590-E GAMING WIFI,1514.95,44,LGA1200,ATX,128,4,Black
mobo,MSI, MPG Z790 CARBON WIFI,1904.61,51,LGA1700,ATX,192,4,Black
mobo,Gigabyte, B760M C,606.58,17,LGA1700,Micro ATX,192,4,Brown / Gray
mobo,ASRock, A520M-HVS,351.97,8,AM4,Micro ATX,64,2,Black / Silver
mobo,Gigabyte, Z790 AORUS MASTER,1906.48,31,LGA1700,EATX,192,4,Black / Silver
mobo,Gigabyte, B450 AORUS ELITE V2,549.47,46,AM4,ATX,128,4,Black
mobo,Asus, ROG CROSSHAIR X670E GENE,2854.28,9,AM5,Micro ATX,96,2,Black / Silver
mobo,Gigabyte, Z790 AORUS XTREME X,6984.36,56,LGA1700,EATX,192,4,Black
mobo,ASRock, Z790 Taichi Lite,1481.84,39,LGA1700,EATX,192,4,Black / Gray
mobo,Asus, TUF GAMING B650M-E WIFI,985.89,30,AM5,Micro ATX,192,4,Black
mobo,Asus, TUF GAMING Z690-PLUS WIFI,953.22,47,LGA1700,ATX,192,4,Black / Gray
mobo,ASRock, Z690 Phantom Gaming 4/D5,563.25,40,LGA1700,ATX,192,4,Black / Silver
mobo,Asus, PRIME Z490-P,866.56,39,LGA1200,ATX,128,4,Black / Silver
mobo,ASRock, B650E STEEL LEGEND WIFI,866.56,52,AM5,ATX,192,4,Black / Silver
mobo,ASRock, B760 Pro RS/D4,647.78,47,LGA1700,ATX,128,4,Silver / Black
mobo,MSI, PRO B760M-P,613.25,38,LGA1700,Micro ATX,192,4,Black
mobo,MSI, MEG Z690 UNIFY,866.56,14,LGA1700,ATX,192,4,Black / Silver
mobo,Asus, PRIME A520M-K,423.98,55,AM4,Micro ATX,64,2,Black / Silver
mobo,MSI, PRO X670-P WIFI,1516.51,59,AM5,ATX,192,4,Black / White
mobo,Asus, ROG STRIX B760-F GAMING WIFI,1074.32,37,LGA1700,ATX,192,4,Black
mobo,Asus, PRIME Z790M-PLUS,853.56,17,LGA1700,Micro ATX,192,4,Silver / Black
mobo,ASRock, Z690M Phantom Gaming 4,433.26,25,LGA1700,Micro ATX,128,4,Silver / Black
mobo,ASRock, H610M-HDV/M.2+ D5,426.37,9,LGA1700,Micro ATX,96,2,White / Black
mobo,ASRock, B760M-ITX/D4 WiFi,645.57,0,LGA1700,Mini ITX,64,2,Silver / Black
mobo,MSI, MAG B560M MORTAR WIFI,1041.13,34,LGA1200,Micro ATX,128,4,Black / White
mobo,MSI, MPG X570 GAMING EDGE WIFI,1295.57,52,AM4,ATX,128,4,Black / Silver
mobo,Asus, TUF GAMING X670E-PLUS,1530.11,1,AM5,ATX,192,4,Black / Orange
mobo,Asus, TUF GAMING B660-PLUS WIFI D4,935.1,15,LGA1700,ATX,128,4,Yellow / Black
mobo,MSI, MAG Z790 TOMAHAWK WIFI DDR4,1151.49,24,LGA1700,ATX,128,4,Black
mobo,Asus, PRIME B550M-K,498.17,7,AM4,Micro ATX,128,4,Black / White
mobo,ASRock, X570 Phantom Gaming-ITX/TB3,1295.57,45,AM4,Mini ITX,64,2,Black / Silver
mobo,MSI, MPG Z690 EDGE WIFI DDR4,1598.88,54,LGA1700,ATX,128,4,Black / Gray
mobo,Asus, PROART B650-CREATOR,996.55,37,AM5,ATX,192,4,Black / Copper
mobo,Gigabyte, B450 I AORUS PRO WIFI,845.06,0,AM4,Mini ITX,64,2,Black / Silver
mobo,MSI, PRO Z790-A WIFI DDR4,844.89,54,LGA1700,ATX,128,4,Black / Silver
mobo,ASRock, B760 Pro RS,649.91,3,LGA1700,ATX,192,4,Silver / Black
mobo,ASRock, X670E Pro RS,953.22,25,AM5,ATX,192,4,Black
mobo,Gigabyte, B760I AORUS PRO DDR4,823.23,31,LGA1700,Mini ITX,64,2,Black / Gray
mobo,Asus, PRIME B450M-A,899.1,3,AM4,Micro ATX,64,4,Black
mobo,Gigabyte, A620M GAMING X,519.92,40,AM5,Micro ATX,192,4,Brown / Gray
mobo,Asus, PRIME B450-PLUS,567.45,24,AM4,ATX,64,4,Black / Silver
mobo,Gigabyte, B760M D3H,628.24,54,LGA1700,Micro ATX,192,4,Black / Gray
mobo,Gigabyte, Z790 AORUS MASTER X,2166.46,11,LGA1700,EATX,192,4,Black
mobo,ASRock, X570 Phantom Gaming 4S,17071.02,53,AM4,ATX,128,4,Black
mobo,ASRock, Z790M-ITX WIFI,996.55,41,LGA1700,Mini ITX,96,2,Black
mobo,Asus, TUF GAMING B450-PLUS II,587.47,48,AM4,ATX,128,4,Black
mobo,Gigabyte, A620M GAMING X AX,552.67,18,AM5,Micro ATX,192,4,Brown / Gray
mobo,ASRock, H670M-ITX/ax,719.23,33,LGA1700,Mini ITX,64,2,Silver / Black
mobo,Gigabyte, B760 DS3H AC DDR4,606.58,39,LGA1700,ATX,128,4,Black
mobo,Asus, ROG STRIX Z390-E GAMING,1581.54,17,LGA1151,ATX,128,4,Black
mobo,Asus, ROG STRIX B760-A GAMING WIFI D4,931.55,53,LGA1700,ATX,128,4,Silver / Black
mobo,Asus, PRIME Z790-P WIFI D4,953.22,57,LGA1700,ATX,128,4,Black / Silver
mobo,ASRock, Z690 Phantom Gaming-ITX/TB4,844.89,52,LGA1700,Mini ITX,96,2,Black / Red
mobo,Asus, ROG STRIX B550-F GAMING (WI-FI),1425.56,29,AM4,ATX,128,4,Black
mobo,Gigabyte, Z790 AORUS PRO X WIFI7,1516.51,20,LGA1700,ATX,192,4,Black
mobo,MSI, MPG B760M EDGE TI WIFI,996.55,34,LGA1700,Micro ATX,192,4,Silver / Black
mobo,Gigabyte, B450 AORUS PRO WIFI (rev. 1.0),1028.05,32,AM4,ATX,64,4,Black / Silver
mobo,Asus, TUF GAMING B760M-PLUS WIFI D4,1110.33,4,LGA1700,Micro ATX,128,4,Black / Orange
mobo,Asus, PRIME B650M-A AX II,693.24,33,AM5,Micro ATX,192,4,Black / Silver
mobo,ASRock, Z790 Steel Legend WiFi,996.55,2,LGA1700,ATX,192,4,Silver / Black
mobo,Gigabyte, Z790I AORUS ULTRA,1256.53,47,LGA1700,Mini ITX,96,2,Silver / Black
mobo,Gigabyte, GA-H270N-WIFI,909.89,34,LGA1151,Mini ITX,32,2,Black / Silver
mobo,ASRock, Z790 PRO RS WIFI,814.56,40,LGA1700,ATX,192,4,Silver / Black
mobo,Gigabyte, B650E AORUS MASTER,1941.27,25,AM5,ATX,192,4,Black / Silver
mobo,Gigabyte, H510M S2H V3,391.75,4,LGA1200,Micro ATX,64,2,Gray / Black
mobo,Asus, PRIME H510M-E,498.25,43,LGA1200,Micro ATX,64,2,Silver / Black
mobo,Gigabyte, Z790 D AC,801.56,1,LGA1700,ATX,192,4,Gray / Black
mobo,Gigabyte, X570 AORUS ELITE WIFI,1386.52,53,AM4,ATX,128,4,Black
mobo,MSI, MPG Z390 GAMING EDGE AC,1733.16,38,LGA1151,ATX,128,4,Black / Silver
mobo,MSI, B450-A PRO MAX,628.16,38,AM4,ATX,64,4,Brown / Black
mobo,Asus, PRIME X570-PRO,1987.59,21,AM4,ATX,128,4,Black / White
mobo,Gigabyte, B760M DS3H AX DDR4,713.13,59,LGA1700,Micro ATX,128,4,Black
mobo,Gigabyte, B450 AORUS M,666.85,41,AM4,Micro ATX,64,4,Black / Gray
mobo,Asus, PRIME H610M-A WIFI D4,659.22,17,LGA1700,Micro ATX,64,2,Black / Silver
mobo,MSI, MEG Z790 ACE,2036.47,7,LGA1700,EATX,192,4,Gold / Black
mobo,ASRock, Z790 PG Lightning/D4,996.68,38,LGA1700,ATX,128,4,Black
mobo,ASRock, A620M-HDV/M.2,476.59,7,AM5,Micro ATX,96,2,Gray / Black
mobo,MSI, X470 GAMING PLUS MAX,866.56,20,AM4,ATX,64,4,Black
mobo,ASRock, X570 Phantom Gaming 4 WiFi ax,563.25,42,AM4,ATX,128,4,Black
mobo,Asus, PRIME Z270-A,1653.0,55,LGA1151,ATX,64,4,Black / White
mobo,ASRock, B450 Pro4 R2.0,500.72,41,AM4,ATX,128,4,Black
mobo,Gigabyte, Z690 AORUS ELITE AX DDR4,1122.2,11,LGA1700,ATX,128,4,Black / Silver
mobo,Asus, ROG Strix X570-I Gaming,2335.49,47,AM4,Mini ITX,64,2,Black
mobo,Gigabyte, A520 AORUS ELITE,515.71,7,AM4,ATX,128,4,Black / Orange
mobo,ASRock, B650M PG RIPTIDE,803.03,23,AM5,Micro ATX,192,4,Black
mobo,Asus, ROG STRIX Z690-F GAMING WIFI,1412.56,28,LGA1700,ATX,192,4,Black / Silver
mobo,ASRock, Z790 PG LIGHTNING,909.89,17,LGA1700,ATX,192,4,Black
mobo,Asus, PRIME B660M-K D4,493.62,15,LGA1700,Micro ATX,64,2,Silver / Black
mobo,Gigabyte, B650 AORUS PRO AX,1589.56,6,AM5,ATX,192,4,Black
mobo,Asus, H110M-K,823.23,24,LGA1151,Micro ATX,32,2,Black / Gold
mobo,Gigabyte, B760 DS3H AC,671.57,19,LGA1700,ATX,192,4,Gray / Black
mobo,Asus, PRIME Z690-P WIFI,779.9,49,LGA1700,ATX,192,4,Silver / Black
mobo,Gigabyte, B450 AORUS ELITE,688.51,41,AM4,ATX,64,4,Black / Silver
mobo,Asus, ROG STRIX Z790-A GAMING WIFI,1461.3,19,LGA1700,ATX,192,4,Silver / Black
mobo,MSI, MEG Z790 GODLIKE,4989.15,12,LGA1700,EATX,192,4,Black
mobo,MSI, MPG Z790 CARBON MAX WIFI II,2036.47,55,LGA1700,ATX,256,4,Black
mobo,Asus, TUF GAMING B450M-PLUS II,617.15,34,AM4,Micro ATX,128,4,Black
mobo,Gigabyte, B650 AERO G,1126.54,5,AM5,ATX,192,4,Black / Silver
mobo,ASRock, B550M Phantom Gaming 4,454.92,1,AM4,Micro ATX,128,4,Black
mobo,Asus, ROG STRIX B660-A GAMING WIFI D4,953.22,36,LGA1700,ATX,128,4,Silver / Black
mobo,Gigabyte, B760M GAMING X AX DDR4,834.54,17,LGA1700,Micro ATX,128,4,Black
mobo,Asus, PRIME X570-P,1249.16,8,AM4,ATX,128,4,Black / White
mobo,MSI, MAG B550M MORTAR WIFI,1255.7,20,AM4,Micro ATX,128,4,Silver / Black
mobo,Gigabyte, Z790 AERO G,1126.54,3,LGA1700,ATX,192,4,
mobo,MSI, PRO B760-P DDR4 II,742.89,27,LGA1700,ATX,128,4,Black
mobo,ASRock, X570 Steel Legend,606.58,35,AM4,ATX,128,4,Black / Silver
mobo,Asus, TUF GAMING X570-PLUS,1255.96,17,AM4,ATX,128,4,Black / Gold
mobo,Gigabyte, B650M GAMING PLUS WF,693.24,41,AM5,Micro ATX,192,4,Silver / Black
mobo,MSI, B560M PRO-E,580.58,23,LGA1200,Micro ATX,64,2,Black
mobo,Asus, ROG Strix X570-E Gaming,2638.8,9,AM4,ATX,128,4,Black
mobo,Gigabyte, H410M S2H V2,373.24,3,LGA1200,Micro ATX,64,2,Black / Gray
mobo,Asus, TUF GAMING B660M-PLUS WIFI,1017.65,50,LGA1700,Micro ATX,192,4,Yellow / Black
mobo,Gigabyte, H610M K DDR4,424.55,8,LGA1700,Micro ATX,64,2,Black
mobo,ASRock, X570S PG Riptide,606.58,53,AM4,ATX,128,4,Black
mobo,Asus, ProArt B760-CREATOR WIFI,953.22,36,LGA1700,ATX,192,4,Black
mobo,MSI, B350M BAZOOKA,693.28,16,AM4,Micro ATX,64,4,Black / White
mobo,Asus, ROG STRIX Z490-E GAMING,2074.03,50,LGA1200,ATX,128,4,Black
mobo,ASRock, H610M-ITX/eDP,472.17,28,LGA1700,Mini ITX,64,2,Silver / Black
mobo,Asus, ROG ZENITH EXTREME ALPHA,3899.66,2,sTR4,EATX,128,8,Black
mobo,MSI, PRO Z690-A DDR4,823.23,44,LGA1700,ATX,128,4,Black / Silver
mobo,ASRock, X570 Steel Legend WiFi ax,649.91,0,AM4,ATX,128,4,Black / Silver
mobo,Gigabyte, Z390 UD,909.89,7,LGA1151,ATX,128,4,Black / Silver
mobo,Gigabyte, Z790 UD AX,1155.09,47,LGA1700,ATX,192,4,Black
mobo,Asus, TUF GAMING B760M-PLUS WIFI,823.23,26,LGA1700,Micro ATX,192,4,Black / Orange
mobo,ASRock, Z77 Extreme4,1299.86,34,LGA1155,ATX,32,4,Brown / Black
mobo,Asus, Z170-A,1436.35,22,LGA1151,ATX,64,4,Black / White
mobo,ASRock, B550 Steel Legend,671.62,40,AM4,ATX,128,4,Silver / Black
mobo,ASRock, Z790 Taichi Carrara,1689.83,31,LGA1700,EATX,192,4,White / Black
mobo,Asus, TUF GAMING B760-PLUS WIFI D4,909.06,1,LGA1700,ATX,192,4,Black / Orange
mobo,Asus, PRIME Z790M-PLUS D4,836.27,38,LGA1700,Micro ATX,128,4,Black / Silver
mobo,Asus, Prime X299-A II,1126.54,19,LGA2066,ATX,256,8,Silver / Black
mobo,Gigabyte, TRX40 AORUS MASTER,3048.31,47,sTRX4,EATX,256,8,Black / Silver
mobo,ASRock, X570 Taichi,922.89,30,AM4,ATX,128,4,Black / Silver
mobo,ASRock, Z790 PG-ITX/TB4,1599.74,35,LGA1700,Mini ITX,96,2,Black
mobo,Asus, TUF GAMING H570-PRO WIFI,1234.86,11,LGA1200,ATX,128,4,Black / Silver
mobo,Asus, PRIME B550M-A,467.36,36,AM4,Micro ATX,128,4,Black / White
mobo,Gigabyte, H610I DDR4,798.23,27,LGA1700,Mini ITX,64,2,Black / Gray
mobo,Asus, PRIME B550M-A AC,433.3,28,AM4,Micro ATX,128,4,Black / Silver
mobo,Gigabyte, Z790 AORUS ELITE AX DDR4,970.59,52,LGA1700,ATX,128,4,Black
mobo,Asus, ROG MAXIMUS XI HERO (WI-FI),1902.19,45,LGA1151,ATX,128,4,Black
mobo,Asus, ROG MAXIMUS Z690 HERO,2162.17,27,LGA1700,ATX,192,4,Black / Silver
mobo,ASRock, Z790 PG SONIC,823.23,47,LGA1700,ATX,192,4,Black / Blue
mobo,ASRock, X570 Pro4,563.25,36,AM4,ATX,128,4,Black / Silver
mobo,Asus, ROG MAXIMUS Z690 FORMULA,1989.93,37,LGA1700,ATX,192,4,Silver / Black
mobo,Asus, TUF GAMING B650-E WIFI,823.23,57,AM5,ATX,192,4,Black / Orange
mobo,Asus, PRIME Z690-A,1122.2,55,LGA1700,ATX,192,4,Silver / Black
mobo,Gigabyte, A620M DS3H,618.02,27,AM5,Micro ATX,192,4,Gray / Black
mobo,Asus, PRIME A620M-A-CSM,563.25,8,AM5,Micro ATX,192,4,Silver / Black
mobo,MSI, B550M PRO-VDH,551.94,23,AM4,Micro ATX,128,4,Black
mobo,Asus, ROG Crosshair VIII Hero (WI-FI),3115.43,21,AM4,ATX,128,4,Black
mobo,Asus, PRIME Z690-P D4,1340.07,25,LGA1700,ATX,128,4,Silver / Black
mobo,Asus, ROG STRIX B550-E GAMING,1018.26,45,AM4,ATX,128,4,Black
mobo,Asus, PRIME B760M-K D4,590.59,27,LGA1700,Micro ATX,64,2,Silver / Black
mobo,MSI, MAG B760M MORTAR WIFI,866.56,21,LGA1700,Micro ATX,192,4,Black / Silver
mobo,Asus, TUF GAMING B650M-PLUS,1000.62,48,AM5,Micro ATX,192,4,Black
mobo,ASRock, X570 Taichi Razer Edition,1022.54,29,AM4,ATX,128,4,Black / Silver
mobo,Gigabyte, A520M H,363.15,0,AM4,Micro ATX,64,2,Black
mobo,Gigabyte, X570 I AORUS PRO WIFI,1555.55,46,AM4,Mini ITX,64,2,Black / Silver
mobo,Asus, H110M-C/CSM,389.93,18,LGA1151,Micro ATX,32,2,Black / Gold
mobo,Asus, PRIME B660M-A AC D4,649.91,58,LGA1700,Micro ATX,128,4,Silver / Black
mobo,MSI, MAG Z690 TOMAHAWK WIFI,1104.92,27,LGA1700,ATX,192,4,Black / Silver
mobo,Supermicro, X11SCL-IF,1054.44,23,LGA1151,Mini ITX,64,2,Green
mobo,Gigabyte, H610M S2H,411.59,21,LGA1700,Micro ATX,64,2,Brown / Silver
mobo,Asus, Strix B550-XE Gaming WiFi,953.22,4,AM4,ATX,128,4,Black
mobo,Asus, TUF GAMING A620M-PLUS,720.49,55,AM5,Micro ATX,192,4,Black / Orange
mobo,MSI, MPG Z690 CARBON WIFI,1906.52,58,LGA1700,ATX,192,4,Black / Silver
mobo,Supermicro, MBD-X10DRI-O,2846.78,29,2 x LGA2011-3 Narrow,EATX,1024,16,Black / Green
mobo,MSI, H310M PRO-VDH PLUS,649.52,28,LGA1151,Micro ATX,32,2,Black
mobo,ASRock, Z690 Taichi,909.89,6,LGA1700,ATX,192,4,Black / Copper
mobo,ASRock, X570 Phantom Gaming 4,857.93,23,AM4,ATX,128,4,Black / Silver
mobo,Gigabyte, B760M GAMING X DDR4,722.83,36,LGA1700,Micro ATX,128,4,Black
mobo,ASRock, B450 Pro4,628.28,53,AM4,ATX,64,4,Black / Silver
mobo,Gigabyte, B760 DS3H AX DDR4,671.57,51,LGA1700,ATX,128,4,Black
mobo,Gigabyte, Z690 GAMING X DDR4,996.55,12,LGA1700,ATX,128,4,Black / Gray
mobo,Asus, PRIME B550M-A/CSM,506.92,0,AM4,Micro ATX,128,4,Black / White
mobo,Asus, ROG Strix X570-F Gaming,1494.88,22,AM4,ATX,128,4,Black
mobo,ASRock, A620M-HDV/M.2+,550.81,37,AM5,Micro ATX,96,2,Gray / Black
mobo,MSI, MPG Z390 GAMING PRO CARBON,1211.77,43,LGA1151,ATX,128,4,Black / Silver
mobo,Gigabyte, B760M DS3H,731.41,59,LGA1700,Micro ATX,192,4,Black / Silver
mobo,Gigabyte, H510M H V2,385.29,37,LGA1200,Micro ATX,64,2,Gray / Brown
mobo,Gigabyte, B550 AORUS PRO AC,1327.59,4,AM4,ATX,128,4,Black / Orange
mobo,Asus, ProArt B550-CREATOR,1039.88,55,AM4,ATX,128,4,Black
mobo,NZXT, N7-Z69XT-B1,1169.87,24,LGA1700,ATX,128,4,Black
mobo,Gigabyte, B760M H DDR4,542.62,20,LGA1700,Micro ATX,64,2,Brown / Gray
mobo,Asus, PRIME H770-PLUS D4,693.24,39,LGA1700,ATX,128,4,Silver / Black
mobo,Asus, Pro WS X299 SAGE II,3581.66,28,LGA2066,SSI CEB,256,8,Black / Silver
mobo,MSI, PRO B760-P WIFI,736.57,5,LGA1700,ATX,192,4,Black / Silver
mobo,ASRock, B760M Pro RS/D4,563.25,19,LGA1700,Micro ATX,128,4,Silver / Black
mobo,ASRock, B650E TAICHI,1603.17,57,AM5,EATX,192,4,Black
mobo,Gigabyte, B650 Gaming X,1009.11,2,AM5,ATX,192,4,Black
mobo,Asus, PRIME H610M-E D4-CSM,433.26,47,LGA1700,Micro ATX,64,2,Silver / Black
mobo,Gigabyte, Z390 GAMING X,1169.87,1,LGA1151,ATX,128,4,Black / Red
mobo,Gigabyte, B760 GAMING X,885.93,53,LGA1700,ATX,192,4,Black / Gray
mobo,MSI, MPG Z690 FORCE WIFI,1040.09,47,LGA1700,ATX,192,4,Silver / Black
mobo,Asus, ROG Crosshair VIII Hero,2087.73,40,AM4,ATX,128,4,Black
mobo,Asus, TUF Z390-PLUS GAMING (WI-FI),1208.91,3,LGA1151,ATX,128,4,Black / Gold
mobo,Gigabyte, B550 AORUS ELITE AX,874.88,52,AM4,ATX,128,4,Black
mobo,ASRock, Z790 Taichi,1646.5,50,LGA1700,EATX,192,4,Black / Gold
mobo,Asus, TUF B450-PLUS GAMING,736.61,42,AM4,ATX,64,4,Black / Gold
mobo,MSI, MAG Z490 TOMAHAWK,1538.22,20,LGA1200,ATX,128,4,Black / Silver
mobo,Gigabyte, B760M GAMING X AX,845.84,26,LGA1700,Micro ATX,192,4,Brown / Black
mobo,Gigabyte, B650M S2H,800.7,41,AM5,Micro ATX,96,2,Black / Gray
mobo,MSI, PRO Z690-P DDR4,736.57,6,LGA1700,ATX,128,4,Black / Silver
mobo,Gigabyte, X570 GAMING X,996.55,52,AM4,ATX,128,4,Black / Silver
mobo,MSI, PRO B660M-A DDR4,1252.24,49,LGA1700,Micro ATX,128,4,Black / Silver
mobo,ASRock, H610M-HDV,387.5,33,LGA1700,Micro ATX,64,2,Gray / Black
mobo,Asus, ROG MAXIMUS Z690 APEX,2599.58,51,LGA1700,ATX,96,2,Black / Silver
mobo,ASRock, Z690 Steel Legend WiFi 6E/D5,823.23,39,LGA1700,ATX,192,4,Silver / Black
mobo,Asus, TUF GAMING B660M-PLUS WIFI D4,1026.53,36,LGA1700,Micro ATX,128,4,Black / Orange
mobo,ASRock, B550 Taichi Razer Edition,736.57,41,AM4,ATX,128,4,Black / Silver
mobo,MSI, A520M PRO,372.64,1,AM4,Micro ATX,64,2,Black
mobo,Gigabyte, B760 DS3H AX,671.57,0,LGA1700,ATX,192,4,Gray / Black
mobo,Biostar, H610MH,519.92,16,LGA1700,Micro ATX,64,2,Gray / Black
mobo,Asus, TUF GAMING B550-PLUS (WI-FI),1076.62,16,AM4,ATX,128,4,Black
mobo,Gigabyte, X670 GAMING X AX (rev. 1.0),1333.83,4,AM5,ATX,192,4,Black
mobo,Asus, PRIME Z690-P WIFI D4,1635.19,35,LGA1700,ATX,128,4,Silver / Black
mobo,Asus, PROART B760-CREATOR D4,779.9,41,LGA1700,ATX,128,4,Black / Copper
mobo,Asus, ProArt Z690-CREATOR WIFI,2985.44,54,LGA1700,ATX,192,4,Black / Copper
mobo,ASRock, Z790 LiveMixer,779.9,4,LGA1700,ATX,192,4,Purple / Black
mobo,MSI, Z270-A PRO,1889.14,41,LGA1151,ATX,64,4,Brown / Black
mobo,ASRock, B550 PG Velocita,563.25,44,AM4,ATX,128,4,Silver / Black
mobo,Gigabyte, Z790 UD,1040.18,19,LGA1700,ATX,192,4,Black
mobo,Asus, ROG Strix X299-E Gaming II,1947.29,22,LGA2066,ATX,256,8,Black
mobo,Biostar, B450MH,459.38,11,AM4,Micro ATX,32,2,Black / Yellow
mobo,Asus, PRIME H510M-A,593.1,4,LGA1200,Micro ATX,64,2,Black / Silver
mobo,Asus, B75M-Plus,1183.0,54,LGA1155,Micro ATX,32,4,Black / Blue
mobo,Supermicro, X9SRI-F-O,2363.61,28,LGA2011,ATX,64,8,Green
mobo,ASRock, A620M Pro RS,686.52,12,AM5,Micro ATX,192,4,Silver / Black
mobo,Gigabyte, X570S AERO G,2287.39,55,AM4,ATX,128,4,Black / White
mobo,Asus, TUF B450M-PLUS GAMING,1252.24,37,AM4,Micro ATX,64,4,Black / Gold
mobo,Asus, PRIME H610M-E D4,433.26,23,LGA1700,Micro ATX,64,2,Silver / Black
mobo,Asus, TUF GAMING Z490-PLUS (WI-FI),1562.48,54,LGA1200,ATX,128,4,Black
mobo,Asus, PRIME H610M-A D4-CSM,476.59,38,LGA1700,Micro ATX,64,2,Silver / Black
mobo,Gigabyte, X570 AORUS PRO WIFI,1516.51,10,AM4,ATX,128,4,Black / Silver
mobo,ASRock, B550 PG Riptide,571.91,2,AM4,ATX,128,4,Black / Silver
mobo,ASRock, B450M-HDV,368.69,55,AM4,Micro ATX,32,2,Black / Silver
mobo,Intel, DH61AG,706.63,51,LGA1155,Thin Mini ITX,16,2,Black / Blue
mobo,MSI, MAG Z390 TOMAHAWK,1244.96,14,LGA1151,ATX,128,4,Black / Silver
mobo,Asus, ProArt B660-CREATOR D4,736.57,20,LGA1700,ATX,128,4,Black
mobo,ASRock, A520M Phantom Gaming 4,414.49,9,AM4,Micro ATX,128,4,Black
mobo,Asus, Prime Z370-P,1045.55,0,LGA1151,ATX,64,4,Black / Silver
mobo,NZXT, N5 Z690,1016.05,38,LGA1700,ATX,128,4,Black / White
mobo,ASRock, Z790M PG LIGHTNING/D4,868.72,51,LGA1700,Micro ATX,128,4,Black
mobo,Asus, PRIME B650M-A AX,848.88,21,AM5,Micro ATX,128,4,Black / Silver
mobo,ASRock, Z790 Pro RS/D4,841.21,52,LGA1700,ATX,128,4,Silver / Black
mobo,Gigabyte, B550 GAMING X,693.24,29,AM4,ATX,128,4,Black / Silver
mobo,Asus, MAXIMUS Z690 HERO EVA,2232.14,15,LGA1700,ATX,128,4,Purple / Green
mobo,Gigabyte, Z690 AORUS ULTRA,1083.21,57,LGA1700,ATX,192,4,Black
mobo,ASRock, Z390 Phantom Gaming 4,866.56,58,LGA1151,ATX,128,4,Black / Silver
mobo,Asus, TUF GAMING Z690-PLUS D4,1180.35,42,LGA1700,ATX,128,4,Black / Silver
mobo,MSI, PRO H610M-G,519.92,32,LGA1700,Micro ATX,96,2,Black
mobo,Gigabyte, Z590 UD AC,1331.92,4,LGA1200,ATX,128,4,Black
mobo,Asus, TUF GAMING A520M-PLUS,602.24,20,AM4,Micro ATX,128,4,Black
mobo,Asus, Pro H510M-CT/CSM,368.26,2,LGA1200,Micro ATX,64,2,Green
mobo,ASRock, H610M-HVS/M.2 R2.0,394.52,14,LGA1700,Micro ATX,64,2,Black / Silver
mobo,Asus, PRIME B450M-A/CSM,814.6,1,AM4,Micro ATX,64,4,Black / Silver
mobo,Gigabyte, B550 AORUS ELITE,1018.21,54,AM4,ATX,128,4,Black / Silver
mobo,Gigabyte, Z390 AORUS ULTRA,1429.85,20,LGA1151,ATX,128,4,Black / Silver
mobo,Asus, TUF GAMING B460M-PLUS (WI-FI),1226.33,21,LGA1200,Micro ATX,128,4,Black / Gold
mobo,MSI, MEG Z590 UNIFY-X,1343.71,0,LGA1200,ATX,128,4,Black
mobo,Asus, PRIME B450M-K,736.18,31,AM4,Micro ATX,32,2,Black
mobo,Asus, TUF GAMING B450M-PRO II,851.74,40,AM4,Micro ATX,128,4,Black / Yellow
mobo,Asus, TUF GAMING Z790-PLUS D4,1340.02,3,LGA1700,ATX,128,4,Black
mobo,Gigabyte, Z390 AORUS ELITE,1213.2,16,LGA1151,ATX,128,4,Black / Silver
mobo,Asus, ROG MAXIMUS XIII HERO,2591.13,24,LGA1200,ATX,128,4,Black
mobo,Asus, WS X299 SAGE/10G,2595.47,46,LGA2066,SSI CEB,128,8,Black / Silver
mobo,Asus, Pro B550M-C/CSM,443.05,18,AM4,Micro ATX,128,4,Green
mobo,MSI, Z270 GAMING PRO CARBON,1761.32,43,LGA1151,ATX,64,4,Black / Silver
mobo,Supermicro, MBD-X10SRL-F-O,2217.8,20,LGA2011-3 Narrow,ATX,1024,8,Black / Green
mobo,Gigabyte, B660I AORUS Pro DDR4,1498.18,23,LGA1700,Mini ITX,64,2,Black
mobo,Asus, ROG Crosshair VIII Formula,2323.61,36,AM4,ATX,128,4,Black
mobo,Gigabyte, Z390 AORUS MASTER,1643.85,12,LGA1151,ATX,128,4,Black / Silver
mobo,MSI, MPG Z490 GAMING CARBON WIFI,1512.22,2,LGA1200,ATX,128,4,Black / Silver
mobo,MSI, MPG Z690 EDGE WIFI,1735.58,19,LGA1700,ATX,192,4,
mobo,Asus, ROG STRIX Z590-A GAMING WIFI,1988.85,48,LGA1200,ATX,128,4,Silver / Black
mobo,Gigabyte, Z690 AORUS ELITE AX,866.56,48,LGA1700,ATX,192,4,Black
mobo,Gigabyte, B760 GAMING X AX DDR4,887.05,28,LGA1700,ATX,128,4,Black
mobo,Gigabyte, GA-Z97X-SLI,1650.83,45,LGA1150,ATX,32,4,Black / Red
mobo,ASRock, X370 Pro4,479.79,54,AM4,ATX,64,4,Black / White
mobo,MSI, H510M PRO,866.17,46,LGA1200,Micro ATX,64,2,Beige
mobo,Gigabyte, Z790 D DDR4,1066.39,4,LGA1700,ATX,128,4,Black
mobo,Asus, TUF GAMING B550M-PLUS (WI-FI),1134.03,43,AM4,Micro ATX,128,4,Black
mobo,Asus, ROG STRIX B560-A GAMING WIFI,1187.24,37,LGA1200,ATX,128,4,Black / Silver
mobo,Gigabyte, B760M GAMING DDR4,577.76,12,LGA1700,Micro ATX,64,2,Black / Red
mobo,Asus, PRIME B650M-A II-CSM,703.68,23,AM5,Micro ATX,192,4,Silver / Black
mobo,Asus, ROG Crosshair VIII Impact,2528.09,28,AM4,Mini DTX,64,2,Black
mobo,Asus, PRIME H310M-E,745.58,18,LGA1151,Micro ATX,32,2,Silver / Black
mobo,ASRock, H310CM-HDV,649.91,59,LGA1151,Micro ATX,32,2,Black
mobo,ASRock, X299 Taichi CLX,953.22,9,LGA2066,ATX,256,8,Black / Silver
mobo,Asus, PRIME B550M-A (WI-FI),907.76,49,AM4,Micro ATX,128,4,Black / White
mobo,ASRock, AB350M Pro4,955.43,37,AM4,Micro ATX,64,4,Black / White
mobo,Gigabyte, Z590 VISION G,1515.21,17,LGA1200,ATX,128,4,Black / White
mobo,Asus, PRIME Z270-P,1542.5,55,LGA1151,ATX,64,4,Black / Silver
mobo,Gigabyte, X570 AORUS XTREME,3322.98,56,AM4,EATX,128,4,Black / Silver
mobo,MSI, MAG B660M MORTAR DDR4,1048.59,37,LGA1700,Micro ATX,128,4,Black / Silver
mobo,Gigabyte, B760 AORUS ELITE AX DDR4,1067.26,30,LGA1700,ATX,128,4,Black / Silver
mobo,Gigabyte, Z690 AORUS PRO,1863.15,56,LGA1700,ATX,192,4,Black
mobo,Asus, Rampage IV Black Edition,5246.92,31,LGA2011,EATX,128,8,Black / Red
mobo,ASRock, Z690 Phantom Gaming 4,909.89,45,LGA1700,ATX,128,4,Black / Silver
mobo,Asus, ROG MAXIMUS XII HERO (WI-FI),2253.12,23,LGA1200,ATX,128,4,Black
mobo,ASRock, A520M Pro4,418.96,37,AM4,Micro ATX,128,4,Black / Silver
mobo,Gigabyte, Z790 AORUS ELITE AX-W,1586.18,33,LGA1700,ATX,192,4,Silver / Black
mobo,Gigabyte, GA-Z97X-UD5H,1761.32,27,LGA1150,ATX,32,4,Black / Gold
mobo,ASRock, Z370 Extreme4,4048.02,27,LGA1151,ATX,64,4,Black / Silver
mobo,ASRock, B550 Extreme4,682.06,34,AM4,ATX,128,4,Blue / Black
mobo,Gigabyte, Z690 AERO G DDR4,1046.2,26,LGA1700,ATX,128,4,Black / Silver
mobo,Gigabyte, Z390 AORUS PRO,1604.29,9,LGA1151,ATX,128,4,Black / Silver
mobo,Supermicro, C9Z390-PGW,3418.69,34,LGA1151,ATX,128,4,Black
mobo,Asus, PRO Q570M-C/CSM,714.9,5,LGA1200,Micro ATX,128,4,Green / Black
mobo,Gigabyte, A520M DS3H,523.86,8,AM4,Micro ATX,128,4,Black
mobo,Asus, ROG STRIX Z590-I GAMING WIFI,1945.52,58,LGA1200,Mini ITX,64,2,Black
mobo,Supermicro, X11SCL-LN4F,1314.55,9,LGA1151,Micro ATX,128,4,Green
mobo,Gigabyte, Z790 AORUS ELITE DDR4,1116.83,8,LGA1700,ATX,128,4,Black
mobo,Gigabyte, Z490 AORUS ELITE AC,1516.51,18,LGA1200,ATX,128,4,Black / Silver
mobo,Asus, TUF GAMING B760M-E D4,773.35,51,LGA1700,Micro ATX,128,4,Black / Orange
mobo,Biostar, B550MH,605.15,18,AM4,Micro ATX,64,2,Black
mobo,Gigabyte, H610M H,483.78,56,LGA1700,Micro ATX,64,2,Brown / Silver
mobo,Asus, PRIME H570M-PLUS/CSM,866.56,7,LGA1200,Micro ATX,128,4,Black / Silver
mobo,Gigabyte, Z490 VISION G,1863.15,58,LGA1200,ATX,128,4,White / Black
mobo,ASRock, B760I Lightning WiFi,736.57,12,LGA1700,Mini ITX,96,2,Black
mobo,Asus, PRIME B650M-A-CSM,701.12,51,AM5,Micro ATX,128,4,Silver / Black
mobo,Gigabyte, B660 GAMING X AX DDR4,756.67,13,LGA1700,ATX,128,4,Black
mobo,Asus, TUF GAMING H670-PRO WIFI D4,866.56,22,LGA1700,ATX,128,4,Gray / Black
mobo,Asus, Pro B650M-CT-CSM,649.91,43,AM5,Micro ATX,192,4,Green / Black
mobo,Asus, TUF GAMING B760M-PLUS,899.57,2,LGA1700,Micro ATX,192,4,Black / Orange
mobo,ASRock, B550 Taichi,1307.14,8,AM4,ATX,128,4,Gold / Black
mobo,Asus, Pro B760M-CT-CSM,563.25,2,LGA1700,Micro ATX,192,4,Green / Black
mobo,Asus, ROG STRIX Z390-H GAMING,1473.18,50,LGA1151,ATX,128,4,Black / Red
mobo,NZXT, N5 Z690,1039.88,53,LGA1700,ATX,128,4,Black
mobo,Gigabyte, Z590 AORUS ULTRA,1685.54,1,LGA1200,ATX,128,4,Black
mobo,MSI, MAG B660M BAZOOKA DDR4,986.19,8,LGA1700,Micro ATX,128,4,Green / Black
mobo,Asus, STRIX X370-F GAMING,1770.77,18,AM4,ATX,64,4,Black
mobo,ASRock, H670 PG Riptide,649.91,24,LGA1700,ATX,128,4,Black
mobo,Gigabyte, Z690 UD DDR4,966.87,50,LGA1700,ATX,128,4,Black
mobo,ASRock, Z790I Lightning WiFi,1126.54,35,LGA1700,Mini ITX,96,2,Black
mobo,Gigabyte, Z490I AORUS ULTRA,2027.41,42,LGA1200,Mini ITX,64,2,Black / Silver
mobo,Gigabyte, A520M AORUS ELITE,433.26,50,AM4,Micro ATX,128,4,Black / Orange
mobo,Asus, ROG MAXIMUS XI FORMULA,2985.44,54,LGA1151,ATX,128,4,Black
mobo,Asus, ROG MAXIMUS X FORMULA,3080.76,58,LGA1151,ATX,128,4,Black
mobo,Gigabyte, H610M H DDR4,448.9,42,LGA1700,Micro ATX,64,2,Black / Gray
mobo,Gigabyte, Z590 AORUS MASTER,1949.81,17,LGA1200,ATX,128,4,Black
mobo,Asus, PRIME H410M-K,779.94,34,LGA1200,Micro ATX,64,2,Black
mobo,Gigabyte, H610M S2H DDR4,749.61,39,LGA1700,Micro ATX,64,2,Black / Gray
mobo,ASRock, B450M Pro4-F R2.0,688.95,18,AM4,Micro ATX,128,4,Black
mobo,Gigabyte, Z590 AORUS XTREME,3676.46,36,LGA1200,EATX,128,4,Black
mobo,ASRock, H670M Pro RS,606.58,26,LGA1700,Micro ATX,128,4,Gray / Black
mobo,Gigabyte, Z590 AORUS ELITE,1404.02,3,LGA1200,ATX,128,4,Black
mobo,Asus, PRO A520M-C II/CSM,394.87,24,AM4,Micro ATX,64,2,Green / Black
mobo,Asus, ROG MAXIMUS XII FORMULA,2833.78,54,LGA1200,ATX,128,4,Black
mobo,Biostar, Z690 VALKYRIE,3750.86,33,LGA1700,ATX,192,4,Black / Gray
mobo,Asus, PRIME H770-PLUS,1013.49,33,LGA1700,ATX,192,4,Silver / Black
mobo,ASRock, X299 Steel Legend,966.22,52,LGA2066,ATX,256,8,Silver / Black
mobo,MSI, Z270 SLI PLUS,1711.49,20,LGA1151,ATX,64,4,Black / Silver
mobo,Gigabyte, B360N GSM,779.9,35,LGA1151,Mini ITX,32,2,Black
mobo,ASRock, Z590M Pro4,1083.21,47,LGA1200,Micro ATX,128,4,Black / Silver
mobo,ASRock, Z270 Killer SLI/ac,1446.27,46,LGA1151,ATX,64,4,Black / White
mobo,ASRock, X399 Phantom Gaming 6,3977.69,22,sTR4,ATX,128,8,Black / Silver
mobo,Asus, PRIME A320M-A,519.92,31,AM4,Micro ATX,64,4,Black / Gray
mobo,Asus, Pro B560M-CT/CSM,862.27,2,LGA1200,Micro ATX,128,4,Green
mobo,Gigabyte, B660 DS3H DDR4,881.07,27,LGA1700,ATX,128,4,Black
mobo,Asus, PRIME H610M-D D4,502.45,7,LGA1700,Micro ATX,64,2,Silver / Black
mobo,ASRock, Z590 Phantom Gaming-ITX/TB4,1512.22,27,LGA1200,Mini ITX,64,2,Black / Red
mobo,Gigabyte, Z590 AORUS PRO AX,1325.85,30,LGA1200,ATX,128,4,Black
mobo,MSI, Z370 SLI PLUS,1653.0,19,LGA1151,ATX,64,4,Black / Gray
mobo,MSI, MEG Z390 ACE,2599.8,34,LGA1151,ATX,128,4,Black / Silver
mobo,Asus, TUF GAMING B660M-PLUS D4,1315.8,20,LGA1700,Micro ATX,128,4,Orange / Black
mobo,Asus, TUF Z390-PRO GAMING,1542.5,8,LGA1151,ATX,128,4,Black / Gold
mobo,ASRock, H670 Steel Legend,719.23,55,LGA1700,ATX,128,4,Silver / Gray
mobo,Asus, Pro B660M-C D4-CSM,563.25,4,LGA1700,Micro ATX,128,4,Green / Black
mobo,Gigabyte, X299 UD4 Pro,1689.83,24,LGA2066,ATX,128,8,Black
mobo,ASRock, Z390 Extreme4,866.56,22,LGA1151,ATX,128,4,Black
mobo,Gigabyte, B660 AORUS Master DDR4,1356.75,11,LGA1700,ATX,128,4,Black
mobo,ASRock, H310M-HDV/M.2,866.56,36,LGA1151,Micro ATX,32,2,Black / Silver
mobo,Gigabyte, Z590I AORUS ULTRA,2205.5,39,LGA1200,Mini ITX,64,2,Black
mobo,Asus, PRIME H670-PLUS D4,1069.77,28,LGA1700,ATX,128,4,Silver / Black
mobo,Gigabyte, B560 AORUS PRO AX,1277.76,24,LGA1200,ATX,128,4,Black
mobo,Asus, WS C246M PRO,1388.73,54,LGA1151,Micro ATX,128,4,Black
mobo,Supermicro, X10SL7-F,1069.25,24,LGA1150,Micro ATX,32,4,Black / Green
mobo,MSI, MAG B460 TORPEDO,1082.82,35,LGA1200,ATX,128,4,Black
mobo,Asus, WS X299 SAGE,2246.05,40,LGA2066,SSI CEB,128,8,Black
mobo,Gigabyte, Z490 AORUS ELITE,1420.83,1,LGA1200,ATX,128,4,Black / Silver
mobo,Gigabyte, Z690 AORUS ELITE DDR4,1083.21,17,LGA1700,ATX,128,4,Black / Silver
mobo,Asus, ROG Maximus XIII Extreme,2966.63,27,LGA1200,EATX,128,4,Silver / Black
mobo,Asus, Pro WS X570-ACE,2552.14,38,AM4,ATX,128,4,Black
mobo,Gigabyte, B760 AORUS ELITE,1159.08,28,LGA1700,ATX,192,4,Black
mobo,Asus, PRIME H510M-A/CSM,716.46,55,LGA1200,Micro ATX,64,2,Black / Silver
mobo,Asus, PRIME A320M-E,896.93,7,AM4,Micro ATX,64,2,Black / Silver
mobo,MSI, PRO B760M-G DDR4,775.65,15,LGA1700,Micro ATX,64,2,Black
mobo,Supermicro, C9X299-PGF,3856.33,33,LGA2066,ATX,128,8,Black
mobo,Supermicro, C7X99-OCE-O,3033.1,1,LGA2011-3,ATX,128,8,Black / Blue
mobo,MSI, Z270 GAMING M5,2086.3,27,LGA1151,ATX,64,4,Black / Silver
mobo,MSI, Z270I GAMING PRO CARBON AC,1733.2,58,LGA1151,Mini ITX,32,2,Black / Silver
mobo,Asus, Pro Q670M-C-CSM,733.1,3,LGA1700,Micro ATX,128,4,Green / Black
mobo,Asus, TUF GAMING B660M-E D4,963.18,1,LGA1700,Micro ATX,128,4,Black / Orange
mobo,Asus, PRIME A620M-E-CSM,617.15,14,AM5,Micro ATX,96,2,Black / Silver
mobo,MSI, MEG Z490 ACE,1728.87,13,LGA1200,ATX,128,4,Black / Gold
mobo,ASRock, X299 WSI/IPMI,1603.17,19,LGA2066,Mini ITX,64,4,Black / Silver
mobo,Asus, PRO H610M-CT D4-CSM,428.92,1,LGA1700,Micro ATX,64,2,Green / Black
mobo,Gigabyte, Z370 AORUS GAMING WIFI (rev. 1.0),1631.33,31,LGA1151,ATX,64,4,Black / Red
mobo,Gigabyte, B660 AORUS Master,1740.09,16,LGA1700,ATX,192,4,Black
mobo,Gigabyte, Z490 AORUS MASTER,1737.1,32,LGA1200,ATX,128,4,Black / Silver
mobo,Gigabyte, B760 AORUS MASTER DDR4,1206.83,38,LGA1700,ATX,128,4,Black
mobo,MSI, MEG Z590 GODLIKE,3379.7,47,LGA1200,EATX,128,4,Black / Silver
mobo,MSI, Z270 SLI,1083.21,18,LGA1151,ATX,64,4,Black / Silver
mobo,Gigabyte, Q670M D3H,779.9,16,LGA1700,Micro ATX,128,4,Brown / Gray
mobo,Asus, PRIME H410M-A/CSM,563.25,46,LGA1200,Micro ATX,64,2,Black
mobo,Gigabyte, H510M S2H,758.28,17,LGA1200,Micro ATX,64,2,Brown / Gray
mobo,Supermicro, MBD-X11SSV-Q-O,1360.61,8,LGA1151,Mini ITX,32,2,Green
mobo,Supermicro, MBD-X11SCV-Q-O,1481.89,57,LGA1151,Mini ITX,64,2,Green / Black
mobo,ASRock, X370 Killer SLI,953.22,4,AM4,ATX,64,4,Black / White
mobo,Gigabyte, X299 DESIGNARE EX,3332.08,24,LGA2066,ATX,128,8,Black / Silver
mobo,Gigabyte, Z490 AORUS PRO AX,1949.81,59,LGA1200,ATX,128,4,Black / Silver
mobo,Supermicro, C9X299-PG300F,3033.06,16,LGA2066,ATX,256,8,Black
mobo,MSI, PRO-B660M-B-DDR4,1169.91,26,LGA1700,Micro ATX,64,2,Black / Silver
mobo,ASRock, Fatal1ty Z170 Gaming K4,1516.51,16,LGA1151,ATX,64,4,Black / Red
mobo,Supermicro, MBD-X11SSL-F-O,1419.4,28,LGA1151,Micro ATX,64,4,Black / Green
mobo,Supermicro, X9SRA,2583.81,4,LGA2011,ATX,64,8,Black / Green
mobo,Gigabyte, Z490 AORUS ULTRA,1871.81,38,LGA1200,ATX,128,4,Black / Silver
mobo,Asus, ROG Maximus XIII Apex,2816.41,6,LGA1200,ATX,64,2,Black
mobo,Gigabyte, GA-X58A-UD7,2231.5,54,LGA1366,ATX,24,6,Blue / White
mobo,Asus, Pro A620M-C-CSM,671.14,35,AM5,Micro ATX,96,2,Green / Black
mobo,Asus, Crosshair IV Extreme,2209.61,23,AM3,EATX,16,4,Black / Red
mobo,Biostar, A620MT,559.52,15,AM5,Micro ATX,96,2,Black
mobo,Gigabyte, Z490 GAMING X AX,1373.56,54,LGA1200,ATX,128,4,Brown / Black
mobo,Intel, D525MW,660.83,34,Integrated Atom D525,Mini ITX,4,2,Green / Black
mobo,ASRock, Fatal1ty Z370 Gaming K6,1871.81,59,LGA1151,ATX,64,4,Black / Silver
mobo,Asus, WS X299 PRO/SE,2232.88,31,LGA2066,SSI CEB,128,8,Black / Silver
mobo,ASRock, C246M WS,1399.6,40,LGA1151,Micro ATX,64,4,Green / Blue
mobo,Supermicro, C9Z390-CGW,2891.8,29,LGA1151,ATX,128,4,Black / Silver
mobo,Supermicro, X10SLM-F-O,1499.17,23,LGA1150,Micro ATX,32,4,Black / Green
mobo,Gigabyte, Z490 AORUS XTREME,3188.65,8,LGA1200,EATX,128,4,Black / Silver
mobo,Supermicro, C7Z87-OCE,2236.22,2,LGA1150,ATX,32,4,Black / Blue
mobo,Asus, WS X299 PRO,3228.6,48,LGA2066,ATX,128,8,Black / Silver
mobo,Supermicro, MBD-X11SAE-F-O,2145.48,46,LGA1151,ATX,64,4,Black / Green
mobo,Supermicro, A1SRI-2758F-O,2118.84,40,Integrated Atom C2358,Mini ITX,64,4,Black / Green
mobo,Gigabyte, Z590 AORUS TACHYON,2145.48,33,LGA1200,EATX,64,2,Black
mobo,Supermicro, MBD-X11SSH-LN4F,1710.06,28,LGA1151,Micro ATX,64,4,Green / Black
mobo,ASRock, X470 Master SLI,2527.57,46,AM4,ATX,64,4,Black
mobo,ASRock, Z270 Killer SLI,1446.27,43,LGA1151,ATX,64,4,Black / White
mobo,Supermicro, X9SRH-7TF,3444.69,56,LGA2011,ATX,64,8,Green / Blue
mobo,Supermicro, C9Z390-CG-IW,2558.64,1,LGA1151,Mini ITX,64,2,Black
mobo,Supermicro, C7Z170-OCE,2323.53,6,LGA1151,ATX,64,4,Black / Green
mobo,EVGA, Z590 DARK,3462.07,46,LGA1200,EATX,64,2,Black
mobo,Supermicro, MBD-X11SBA-LN4F-O,1395.44,35,Integrated Pentium N3700,Mini ITX,8,2,Green
