item_type,brand,name,price,quantity,type,efficiency,wattage,modular,color
psu,Corsair, RM750e (2023),433.26,47,ATX,gold,750,Full,Black
psu,Corsair, RM850e (2023),519.92,50,ATX,gold,850,Full,Black
psu,Corsair, RM1000e (2023),693.24,34,ATX,gold,1000,Full,Black
psu,Corsair, RM650 (2023),389.93,23,ATX,gold,650,Full,Black
psu,MSI, MAG A650BN,255.65,29,ATX,bronze,650,false,Black
psu,MSI, MAG A850GL PCIE5,389.93,4,ATX,gold,850,Full,Black
psu,Corsair, CX650M (2021),346.6,6,ATX,bronze,650,Semi,Black
psu,MSI, MAG A550BN,212.32,50,ATX,bronze,550,false,Black
psu,Corsair, SF750,801.56,6,SFX,platinum,750,Full,
psu,Corsair, RM850,541.58,28,ATX,gold,850,Full,White / Black
psu,Corsair, RM850x (2021),649.91,2,ATX,gold,850,Full,Black
psu,Thermaltake, Smart,169.25,58,ATX,plus,500,false,
psu,Cooler Master, MWE Gold 850 - V2,389.93,18,ATX,gold,850,Full,Black
psu,Corsair, RM1000x (2021),693.24,1,ATX,gold,1000,Full,Black
psu,Asus, ROG THOR 1600T Gaming,3033.06,54,ATX,titanium,1600,Full,Silver / Black
psu,Thermaltake, Smart,177.61,50,ATX,plus,600,false,
psu,MSI, MAG A750GL PCIE5,385.64,34,ATX,gold,750,Full,Black
psu,MSI, MAG A650GL,346.55,19,ATX,gold,650,Full,Black
psu,Corsair, SF850L,624.17,10,SFX,gold,850,Full,Black
psu,SeaSonic, FOCUS GX,324.93,32,ATX,gold,750,Full,Black
psu,Corsair, HX1500i (2023),1559.84,18,ATX,platinum,1500,Full,Black
psu,SeaSonic, FOCUS Plus 650 Gold,547.99,2,ATX,gold,650,Full,
psu,Corsair, RM750,476.59,35,ATX,gold,750,Full,White / Black
psu,be quiet!, Pure Power 12 M,389.54,0,ATX,gold,750,Full,Black
psu,be quiet!, Pure Power 12 M,432.87,30,ATX,gold,850,Full,Black
psu,Gigabyte, UD750GM,399.16,26,ATX,gold,750,Full,Black
psu,Corsair, RM750x (2021),433.26,25,ATX,gold,750,Full,Black
psu,Corsair, CX750M (2021),389.75,17,ATX,bronze,750,Semi,Black
psu,Thermaltake, Toughpower GF A3 Snow,519.92,54,ATX,gold,850,Full,White
psu,MSI, A1000G PCIE5,684.57,50,ATX,gold,1000,Full,Black
psu,Corsair, SF1000L,680.02,53,SFX,gold,1000,Full,Black
psu,Corsair, CX (2023),324.89,53,ATX,bronze,750,false,Black
psu,Silverstone, HELA,2696.38,11,ATX,,2050,Full,Black / White
psu,Corsair, CX (2023),281.56,29,ATX,bronze,650,false,Black
psu,Corsair, AX1600i,2642.87,4,ATX,titanium,1600,Full,
psu,be quiet!, Dark Power 13,996.16,13,ATX,titanium,1000,Full,Black
psu,EVGA, 650 B5,324.93,41,ATX,bronze,650,Full,Black
psu,Thermaltake, Toughpower GX2,259.94,56,ATX,gold,600,false,Black
psu,Corsair, RMe (2023),736.57,28,ATX,gold,1200,Full,Black
psu,Cooler Master, V750 SFX GOLD,454.92,54,SFX,gold,750,Full,Black
psu,SeaSonic, FOCUS GX-1000 ATX 3.0,606.58,11,ATX,gold,1000,Full,Black
psu,EVGA, 500 BR,259.94,12,ATX,bronze,500,false,
psu,NZXT, C850 (2022),433.26,0,ATX,gold,850,Full,Black
psu,Corsair, CX (2023),259.94,52,ATX,bronze,550,false,Black
psu,Thermaltake, Toughpower GF1 (2024),411.59,31,ATX,gold,850,Full,Black
psu,MSI, MPG A850G PCIE5,554.1,45,ATX,gold,850,Full,Black
psu,be quiet!, Dark Power Pro 13,1732.77,28,ATX,titanium,1600,Full,Black
psu,Thermaltake, Smart,259.89,53,ATX,plus,700,false,
psu,SeaSonic, FOCUS PLUS 850 Gold,411.59,12,ATX,gold,850,Full,
psu,Corsair, HX1000i (2023),931.55,41,ATX,platinum,1000,Full,Black
psu,EVGA, SuperNOVA 1000 GT,606.58,48,ATX,gold,1000,Full,Black
psu,Asus, ROG THOR P2 Gaming,1299.86,21,ATX,platinum,1200,Full,Silver / Black
psu,SeaSonic, FOCUS GX-850 ATX 3.0,476.59,49,ATX,gold,850,Full,Black
psu,EVGA, SuperNOVA 650 GM,548.82,13,SFX,gold,650,Full,Black
psu,Cooler Master, MWE GOLD 750 V2 FULL MODULAR,595.05,53,ATX,gold,750,Full,Black
psu,ADATA, XPG CORE Reactor 850,411.59,13,ATX,gold,850,Full,Black
psu,Asus, ROG Strix,732.23,28,ATX,gold,850,Full,White
psu,be quiet!, Straight Power 12,866.17,48,ATX,platinum,1200,Full,Black
psu,NZXT, C750 (2022),389.93,41,ATX,gold,750,Full,Black
psu,Gigabyte, UD850GM,433.26,15,ATX,gold,850,Full,Black
psu,SeaSonic, FOCUS GX-750 ATX 3.0,389.93,36,ATX,gold,750,Full,Black
psu,SeaSonic, FOCUS SGX (2021),433.26,28,SFX,gold,750,Full,Black
psu,be quiet!, Pure Power 11,386.85,29,ATX,gold,400,false,Black
psu,be quiet!, Pure Power 12 M,562.86,28,ATX,gold,1000,Full,Black
psu,MSI, MPG A750GF,407.26,56,ATX,gold,750,Full,Black
psu,Thermaltake, Toughpower GF3 Snow,779.9,26,ATX,gold,1200,Full,White
psu,Cooler Master, V SFX Gold ATX 3.0,493.96,26,SFX,gold,850,Full,Black
psu,Deepcool, PM750D,381.39,55,ATX,gold,750,false,Black
psu,EVGA, SuperNOVA 850 GT,541.58,15,ATX,gold,850,Full,Black
psu,SeaSonic, PRIME TX,2578.14,54,ATX,titanium,1600,Full,Black / Silver
psu,be quiet!, Pure Power 12 M,346.21,17,ATX,gold,650,Full,Black
psu,EVGA, SuperNOVA 750 GT,495.65,41,ATX,gold,750,Full,Black
psu,Lian Li, SP,575.51,50,SFX,gold,750,Full,Black
psu,EVGA, 650BP,238.27,50,ATX,bronze,650,false,Black
psu,SeaSonic, FOCUS GX,559.39,19,ATX,gold,650,Full,Black
psu,MSI, MAG A850GL PCIE5,492.4,33,ATX,gold,850,Full,White
psu,EVGA, 500 W1,216.04,0,ATX,plus,500,false,
psu,Cooler Master, V850 SFX GOLD,810.23,36,SFX,gold,850,Full,Black
psu,ADATA, XPG Core Reactor II,433.26,20,ATX,gold,850,Full,Black
psu,be quiet!, Straight Power 12,822.84,2,ATX,platinum,1000,Full,Black
psu,be quiet!, Dark Power 13,822.84,40,ATX,titanium,850,Full,Black
psu,EVGA, SuperNOVA 650 GT,411.59,12,ATX,gold,650,Full,Black
psu,MSI, MEG Ai1300P PCIE5,1295.57,45,ATX,platinum,1300,Full,Black / Copper
psu,Deepcool, PX1000G,563.25,49,ATX,gold,1000,Full,Black
psu,Gigabyte, P450B,254.17,46,ATX,bronze,450,false,Black
psu,SeaSonic, FOCUS Plus Platinum,467.92,9,ATX,platinum,750,Full,
psu,EVGA, 600 BR,296.59,40,ATX,bronze,600,false,
psu,NZXT, C1200,793.37,11,ATX,gold,1200,Full,Black
psu,Asus, ROG STRIX 1000G,749.57,53,ATX,gold,1000,Full,Black
psu,SeaSonic, PRIME TX-1000,1949.81,38,ATX,titanium,1000,Full,Black
psu,NZXT, C1000 (2022),649.82,27,ATX,gold,1000,Full,Black
psu,Asus, TUF Gaming 1000G,649.91,42,ATX,gold,1000,Full,Black
psu,Corsair, AX1200,3028.77,22,ATX,gold,1200,Full,
psu,Corsair, HX1200 Platinum,1798.2,37,ATX,platinum,1200,Full,
psu,Super Flower, Leadex Platinum SE,628.24,46,ATX,platinum,1000,Full,White
psu,SeaSonic, FOCUS Plus 750 Gold,324.93,44,ATX,gold,750,Full,
psu,Asus, TUF Gaming 850G,606.58,19,ATX,gold,850,Full,Black
psu,Asus, Prime AP-750G,476.59,26,ATX,gold,750,Full,White / Black
psu,ADATA, XPG CORE Reactor 750,389.93,49,ATX,gold,750,Full,Black
psu,Super Flower, Leadex III Gold,433.26,18,ATX,gold,750,Full,Black
psu,EVGA, 600 GD,324.89,2,ATX,gold,600,false,Black
psu,MSI, MAG A750BN PCIE5,363.97,57,ATX,bronze,750,false,Black
psu,EVGA, SuperNOVA 850 P5,519.92,33,ATX,platinum,850,Full,Black / Teal
psu,Thermaltake, Smart BM3,346.55,41,ATX,bronze,850,Semi,Black
psu,EVGA, 700 GD,368.26,53,ATX,gold,700,false,Black
psu,Gigabyte, UD1000GM,563.25,20,ATX,gold,1000,Full,Black
psu,Corsair, RM750 (2019),910.32,29,ATX,gold,750,Full,Black
psu,Lian Li, SP750,606.58,30,SFX,gold,750,Full,White
psu,Corsair, RM1200x SHIFT,892.55,23,ATX,gold,1200,Full / Side,Black
psu,Corsair, RM1000x,1061.54,47,ATX,gold,1000,Full,
psu,Lian Li, SP850,636.69,11,SFX,gold,850,Full,White
psu,SeaSonic, FOCUS GX,563.25,56,ATX,gold,1000,Full,Black
psu,Corsair, RM1000x SHIFT,815.21,28,ATX,gold,1000,Full / Side,White
psu,Thermaltake, Toughpower GF3 TT Premium,1256.53,33,ATX,gold,1650,Full,Black
psu,Gigabyte, UD1000GM PG5 (rev. 2.0),498.25,24,ATX,gold,1000,Full,Black
psu,Asus, ROG THOR P2 Gaming,866.56,46,ATX,platinum,850,Full,Black / Silver
psu,EVGA, 400 N1,299.37,25,ATX,,400,false,
psu,SeaSonic, FOCUS GX,411.59,24,ATX,gold,850,Full,Black
psu,Corsair, RM850x SHIFT,628.24,47,ATX,gold,850,Full / Side,Black
psu,ADATA, XPG Core Reactor II,454.92,53,ATX,gold,850,Full,White
psu,be quiet!, Straight Power 12,692.85,33,ATX,platinum,850,Full,Black
psu,SeaSonic, FOCUS Plus Gold,563.25,8,ATX,gold,1000,Full,Black
psu,be quiet!, Dark Power Pro 13,1602.78,12,ATX,titanium,1300,Full,Black
psu,SeaSonic, FOCUS Gold,303.27,23,ATX,gold,550,Semi,
psu,Deepcool, PM850D,368.26,43,ATX,gold,850,false,Black
psu,SeaSonic, FOCUS Plus Platinum,584.91,43,ATX,platinum,850,Full,
psu,Asus, ROG THOR P2 Gaming,1429.85,18,ATX,platinum,1000,Full,Silver / Black
psu,Corsair, RM1000x SHIFT,810.23,49,ATX,gold,1000,Full / Side,Black
psu,SeaSonic, VERTEX GX-1200,833.28,12,ATX,gold,1200,Full,Black / Silver
psu,Thermaltake, Toughpower GF3 TT Premium,441.97,27,ATX,gold,850,Full,Black
psu,Cooler Master, V SFX Platinum,933.89,28,SFX,platinum,1100,Full,Black
psu,G.Skill, MB750G,359.6,34,ATX,gold,750,Full,Black
psu,ADATA, XPG CORE Reactor 650,368.05,28,ATX,gold,650,Full,Black
psu,EVGA, SuperNOVA 750 P5,736.57,43,ATX,platinum,750,Full,Black / Teal
psu,Corsair, RM750x SHIFT,389.93,16,ATX,gold,750,Full / Side,Black
psu,EVGA, SuperNOVA 1000G XC,541.58,50,ATX,gold,1000,Full,Black
psu,EVGA, 700 BR,311.89,32,ATX,bronze,700,false,
psu,Cooler Master, MWE Bronze V2,3116.73,45,ATX,bronze,650,false,Black
psu,EVGA, 850 B5,433.26,54,ATX,bronze,850,Full,Black
psu,Lian Li, SP850,614.72,30,SFX,gold,850,Full,Black
psu,Thermaltake, Smart BM3,389.93,58,ATX,bronze,750,Semi,Black
psu,be quiet!, Pure Power 12 M,636.52,55,ATX,gold,1200,Full,Black
psu,Deepcool, PQ1000M,563.25,3,ATX,gold,1000,Full,Black
psu,EVGA, SuperNOVA 850 GM,671.57,3,SFX,gold,850,Full,Black
psu,Thermaltake, Smart BX1,324.89,38,ATX,bronze,750,false,Black
psu,be quiet!, SFX L Power,565.59,59,SFX,gold,600,Full,
psu,Deepcool, PX850G,498.25,20,ATX,gold,850,Full,Black
psu,SeaSonic, S12III,280.82,25,ATX,bronze,500,false,Black
psu,SeaSonic, PRIME TX-1600 ATX 3.0,2252.38,19,ATX,titanium,1600,Full,Black / Silver
psu,Gigabyte, P550B,342.22,18,ATX,bronze,550,false,Black
psu,Asus, TUF Gaming B,220.94,54,ATX,bronze,450,false,Black
psu,Thermaltake, Toughpower GF A3 - TT Premium Edition,389.93,30,ATX,gold,750,Full,Black
psu,Corsair, CX550 (2017),727.38,42,ATX,bronze,550,false,
psu,Cooler Master, G700,303.27,11,ATX,gold,700,false,Black
psu,SeaSonic, PRIME TX-1300 ATX 3.0,2153.41,39,ATX,titanium,1300,Full,Black / Silver
psu,Corsair, SF600,931.6,52,SFX,platinum,600,Full,Black
psu,Gigabyte, UD-GM PG5,541.58,34,ATX,gold,850,Full,White
psu,EVGA, 750 N1,274.97,52,ATX,,750,false,
psu,Deepcool, PX1000G WH,667.2,4,ATX,gold,1000,Full,White
psu,EVGA, 650 GQ,411.42,0,ATX,gold,650,Semi,
psu,Asus, TUF Gaming 750G,433.26,31,ATX,gold,750,Full,Black
psu,Gigabyte, P850GM,563.25,11,ATX,gold,850,Full,Black
psu,Antec, NeoECO Gold,603.93,5,ATX,gold,750,Full,
psu,be quiet!, SFX L Power,558.26,45,SFX,gold,500,Full,
psu,Corsair, RM1200x SHIFT,1039.88,53,ATX,gold,1200,Full / Side,White
psu,EVGA, 600 W1,263.92,27,ATX,plus,600,false,
psu,SeaSonic, VERTEX GX-1000,736.57,45,ATX,gold,1000,Full,Black / Silver
psu,EVGA, 850 BQ,404.31,39,ATX,bronze,850,Semi,
psu,Silverstone, SFX,944.51,14,SFX,titanium,800,Full,
psu,EVGA, SuperNOVA 850G XC,433.26,43,ATX,gold,850,Full,Black
psu,Corsair, HX1000i,1571.23,27,ATX,platinum,1000,Full,
psu,SeaSonic, VERTEX PX-1200,1278.23,58,ATX,platinum,1200,Full,Black / Silver
psu,Corsair, RM850x (2018),757.76,15,ATX,gold,850,Full,Black
psu,Silverstone, SX500-G,467.92,53,SFX,gold,500,Full,
psu,EVGA, SuperNOVA 1600 G2,2599.76,0,ATX,gold,1600,Full,
psu,be quiet!, SFX Power 3 450,777.77,16,SFX,bronze,450,false,Black
psu,be quiet!, Dark Power 13,692.85,1,ATX,titanium,750,Full,Black
psu,MSI, MEG Ai1000P PCIE5,1087.58,1,ATX,platinum,1000,Full,Black / Copper
psu,SeaSonic, S12III,298.98,35,ATX,bronze,650,false,Black
psu,Thermaltake, Toughpower GF3 TT Premium,433.26,12,ATX,gold,750,Full,Black
psu,Vetroo, GV1000,563.25,29,ATX,gold,1000,Full,White
psu,Thermaltake, TR2 S,321.51,8,ATX,plus,600,false,Black
psu,SeaSonic, FOCUS SPX (2021),816.47,31,SFX,platinum,750,Full,Black
psu,Asus, ROG LOKI,927.22,10,SFX,platinum,850,Full,White / Silver
psu,Corsair, RM750x (2018),714.9,7,ATX,gold,750,Full,Black
psu,be quiet!, System Power 10,1031.95,17,ATX,bronze,750,false,Black
psu,Montech, CENTURY MINI,428.53,31,SFX,gold,750,Full,Black
psu,Thermaltake, TR2,269.04,16,ATX,,500,false,
psu,be quiet!, Pure Power 12 M,649.52,3,ATX,gold,550,Full,Black
psu,Corsair, RM850x,757.76,29,ATX,gold,850,Full,
psu,Corsair, RM650x (2018),792.9,10,ATX,gold,650,Full,Black / Silver
psu,Thermaltake, Toughpower GF3 TT Premium,706.24,14,ATX,gold,1000,Full,Black
psu,Asus, ROG LOKI,901.22,0,SFX,platinum,850,Full,Black / Silver
psu,be quiet!, System Power 10,806.46,37,ATX,bronze,550,false,Black
psu,be quiet!, Straight Power 12,1082.82,46,ATX,platinum,1500,Full,Black
psu,EVGA, SuperNOVA 750 GM,649.91,30,SFX,gold,750,Full,Black
psu,EVGA, SuperNOVA 650 G+,466.53,18,ATX,gold,650,Full,Black
psu,EVGA, 750 BP,311.93,33,ATX,bronze,750,false,Black
psu,Silverstone, SFX,483.87,59,SFX,gold,500,Full,
psu,Thermaltake, Smart BX1 650,259.94,5,ATX,bronze,650,false,Black
psu,SeaSonic, FOCUS PX,584.91,22,ATX,platinum,850,Full,Black
psu,EVGA, SuperNOVA 1300 GT,818.89,9,ATX,gold,1300,Full,Black
psu,Asus, ROG Strix,584.91,23,ATX,gold,750,Full,Black / Red
psu,Corsair, HX1200i,1386.52,16,ATX,platinum,1200,Full,Black
psu,Asus, ROG LOKI,758.23,2,SFX,platinum,750,Full,Black / Silver
psu,Asus, ROG Strix Aura Edition,888.22,41,ATX,gold,1000,Full,Black
psu,be quiet!, System Power 10,1310.6,3,ATX,gold,850,false,Black
psu,Asus, ROG-STRIX-850G,675.69,57,ATX,gold,850,Full,Black
psu,Montech, TITAN GOLD 1200W,607.66,45,ATX,gold,1200,Full,Black
psu,Corsair, CX650 (2017),545.96,58,ATX,bronze,650,false,
psu,Super Flower, Leadex Platinum SE,606.58,49,ATX,platinum,1000,Full,Black
psu,EVGA, 700 BQ,324.89,43,ATX,bronze,700,Semi,Black
psu,Super Flower, Leadex Platinum SE,693.24,16,ATX,platinum,1200,Full,Black
psu,Phanteks, Revolt SFX,866.56,44,SFX,platinum,850,Full,Black
psu,Thermaltake, Toughpower GF A3 - TT Premium Edition,606.58,41,ATX,gold,1050,Full,Black
psu,EVGA, 750 GQ,428.97,7,ATX,gold,750,Semi,
psu,EVGA, SuperNOVA 650 P5,411.59,55,ATX,platinum,650,Full,Black / Teal
psu,MSI, MPG A1000G,1297.26,0,ATX,gold,1000,Full,Black
psu,EVGA, SuperNOVA 1000 G+,1481.84,57,ATX,gold,1000,Full,Black
psu,MSI, MPG A850GF,835.84,51,ATX,gold,850,Full,Black
psu,Cooler Master, MWE Gold V2 ATX3.0,606.49,52,ATX,gold,1050,Full,Black
psu,Super Flower, Leadex III Gold,433.26,46,ATX,gold,850,Full,Black
psu,EVGA, SuperNOVA 850 G5,627.72,10,ATX,gold,850,Full,Black / Green
psu,Thermaltake, Toughpower GF A3 - TT Premium Edition,784.49,27,ATX,gold,1200,Full,Black
psu,Super Flower, Leadex Titanium,823.23,39,ATX,titanium,1000,Full,Black
psu,Corsair, AX1200i,2546.63,5,ATX,platinum,1200,Full,
psu,be quiet!, Pure Power 11 600,622.13,27,ATX,gold,600,false,Black
psu,EVGA, 450 BR,476.59,34,ATX,bronze,450,false,
psu,Corsair, CX750 (2017),411.59,46,ATX,bronze,750,false,
psu,Thermaltake, Smart BM3,346.55,7,ATX,bronze,650,Semi,Black
psu,Corsair, HX1000 Platinum,1602.99,2,ATX,platinum,1000,Full,
psu,Silverstone, SFX,328.61,24,SFX,bronze,300,false,Black
psu,Corsair, RM650 (2019),953.22,18,ATX,gold,650,Full,Black
psu,Asus, Prime AP-850G,563.25,6,ATX,gold,850,Full,White / Black
psu,Corsair, RM850,779.77,41,ATX,gold,850,Full,Black
psu,Silverstone, FX500-G,606.58,3,Flex ATX,gold,500,false,Black
psu,EVGA, SuperNOVA 1000 P3,823.23,59,ATX,platinum,1000,Full,Black / Silver
psu,SeaSonic, FOCUS,441.92,41,ATX,gold,850,Semi,Black
psu,Corsair, SF600,931.55,5,SFX,gold,600,Full,
psu,Corsair, RM850x SHIFT,736.57,32,ATX,gold,850,Full / Side,White
psu,Thermaltake, Toughpower GF1 (2024),408.04,48,ATX,gold,750,Full,Black
psu,Corsair, CX550M,771.27,32,ATX,bronze,550,Semi,
psu,Silverstone, SX1000-LPT,1000.06,1,SFX,platinum,1000,Full,Black
psu,Silverstone, FX600 Platinum,777.86,23,Flex ATX,,600,false,Black
psu,EVGA, SuperNOVA 1200 P3,909.89,25,ATX,platinum,1200,Full,Black / Silver
psu,Asus, ROG Strix Aura Edition,1018.21,25,ATX,gold,1200,Full,Black
psu,Thermaltake, Smart RGB 230V,645.62,10,ATX,plus,500,false,Black
psu,MSI, MAG A1000GL PCIE5,775.61,21,ATX,gold,1000,Full,Black
psu,EVGA, SuperNOVA 650 GA,522.95,4,ATX,gold,650,Full,Black
psu,Thermaltake, Toughpower SFX,693.24,20,SFX,gold,750,Full,Black
psu,Asus, ROG THOR 850P,1516.51,57,ATX,platinum,850,Full,Black / Red
psu,EVGA, 500 GD,476.59,46,ATX,gold,500,false,Black
psu,Corsair, RM850x White,1208.91,52,ATX,gold,850,Full,White / Black
psu,EVGA, 600 BQ,629.5,56,ATX,bronze,600,Semi,
psu,EVGA, 650 BQ,558.91,49,ATX,bronze,650,Semi,
psu,Corsair, RM750,745.23,32,ATX,gold,750,Full,Black
psu,EVGA, 650 N1,249.23,8,ATX,,650,false,
psu,Deepcool, DQ750-M-V2L,433.26,50,ATX,gold,750,Full,Black / Green
psu,Deepcool, PX850G WH,674.78,35,ATX,gold,850,Full,White
psu,Corsair, CX650M,623.43,38,ATX,bronze,650,Semi,
psu,ADATA, XPG Core Reactor II,563.25,7,ATX,gold,1000,Full,Black
psu,SeaSonic, VERTEX PX-1000,1097.12,47,ATX,platinum,1000,Full,Black / Silver
psu,Thermaltake, Toughpower GF3 TT Premium,823.23,47,ATX,gold,1350,Full,Black
psu,Silverstone, HELA 1200R,1018.69,2,ATX,platinum,1200,Full,Black
psu,EVGA, SuperNOVA 1000 G5,742.94,4,ATX,gold,1000,Full,Black / Green
psu,Cooler Master, MWE Gold V2 ATX3.0,693.24,16,ATX,gold,1250,Full,Black
psu,be quiet!, Straight Power 12,606.19,36,ATX,platinum,750,Full,Black
psu,Aerocool, LUX RGB 750M (230V EU),435.12,8,ATX,bronze,750,Semi,Black
psu,be quiet!, Straight Power 11 750W,1126.58,42,ATX,gold,750,Full,
psu,Fractal Design, Ion Gold,555.88,46,ATX,gold,550,Full,Black
psu,Super Flower, Leadex Titanium,1299.86,17,ATX,titanium,1600,Full,Black
psu,EVGA, SuperNOVA 650 G3,747.4,29,ATX,gold,650,Full,
psu,Corsair, HX1500i (2022),1590.21,39,ATX,platinum,1500,Full,Black
psu,Thermaltake, TR2 S,410.86,47,ATX,plus,700,false,Black
psu,Deepcool, PX1200G,649.91,26,ATX,gold,1200,Full,Black
psu,EVGA, SuperNOVA 650 G5,454.92,23,ATX,gold,650,Full,Black / Green
psu,Asus, TUF Gaming B,199.27,5,ATX,bronze,550,false,Black
psu,Asus, ROG THOR P2 Gaming EVA Edition,2217.76,38,ATX,platinum,1000,Full,Black / Silver
psu,EVGA, 750 BQ,649.43,49,ATX,bronze,750,Semi,
psu,Corsair, AX1500i,2812.12,59,ATX,titanium,1500,Full,
psu,be quiet!, System Power 9 CM,688.08,18,ATX,bronze,400,Semi,Black
psu,Thermaltake, Toughpower GF3 TT Premium,678.07,13,ATX,gold,1200,Full,Black
psu,Corsair, CX650F,866.56,45,ATX,bronze,650,Full,Black
psu,Corsair, RM750x White (2018),953.26,37,ATX,gold,750,Full,White / Black
psu,Corsair, RM750x,714.6,22,ATX,gold,750,Full,
psu,GAMDIAS, KRATOS M1 B,303.22,10,ATX,bronze,750,false,Black
psu,Montech, TITAN GOLD 1000W,607.66,31,ATX,gold,1000,Full,Black
psu,Thermaltake, Toughpower GF1 PE,628.2,10,ATX,gold,850,Full,Black
psu,Enermax, Revolution D.F. X,563.25,48,ATX,gold,1050,Full,Black
psu,Silverstone, SST-TX300,324.89,10,TFX,bronze,300,false,Black
psu,Super Flower, LEADEX VII XG,779.9,23,ATX,gold,1000,Full,Black
psu,Corsair, SF450,1148.24,42,SFX,platinum,450,Full,Black
psu,Silverstone, DA750 Gold,582.49,10,ATX,gold,750,Full,Black / White
psu,ADATA, XPG FUSION 1600,2720.04,5,ATX,titanium,1600,Full,Black / Silver
psu,Silverstone, FX350-G,424.59,41,Flex ATX,gold,350,false,Black
psu,Corsair, TX550M Gold,996.55,31,ATX,gold,550,Semi,
psu,FSP," Group Hydro Ti PRO,Gen 5",1126.54,23,ATX,titanium,1000,Full,Black
psu,Super Flower, Leadex Titanium,866.56,9,ATX,titanium,850,Full,Black
psu,FSP, Group Hydro G Pro,639.59,1,ATX,gold,1000,Full,Black
psu,Thermaltake, Toughpower GF A3 - TT Premium Edition,736.57,53,ATX,gold,1200,Full,Black
psu,Silverstone, Extreme 850R Platinum,909.89,17,SFX,,850,Full,Black
psu,EVGA, SuperNOVA 1600 G+,1371.96,30,ATX,gold,1600,Full,Black
psu,Thermaltake, Toughpower GF A3 - TT Premium Edition,368.26,40,ATX,gold,650,Full,Black
psu,EVGA, 1000 GQ,563.25,15,ATX,gold,1000,Semi,
psu,Thermaltake, Toughpower SFX,760.35,30,SFX,gold,1000,Full,Black
psu,Vetroo, GV1000,519.92,20,ATX,gold,1000,Full,Black
psu,SeaSonic, PRIME TX-850,1516.42,33,ATX,titanium,850,Full,Black
psu,Thermaltake, Toughpower GX3,389.93,41,ATX,gold,850,false,Black
psu,Silverstone, SX650-G,616.24,40,SFX,gold,650,Full,
psu,FSP, Group Hydro GE,346.55,47,ATX,gold,550,Full,
psu,Asus, TUF Gaming 1200G,884.28,34,ATX,gold,1200,Full,Black
psu,GAMDIAS, KRATOS P1 G,346.55,8,ATX,gold,750,false,Black
psu,Silverstone, SFX,413.28,20,SFX,bronze,450,false,Black
psu,be quiet!, System Power 9,494.79,12,ATX,bronze,600,false,Black
psu,be quiet!, Straight Power 11 850W,822.4,37,ATX,gold,850,Full,
psu,be quiet!, Pure Power 9 CM,880.64,22,ATX,bronze,600,Semi,Black
psu,Corsair, CX750M V2 (2017 Edition),757.02,24,ATX,bronze,750,Semi,Black / White
psu,SeaSonic, G12 GM,632.92,24,ATX,gold,650,Semi,Black / Blue
psu,Thermaltake, Toughpower GX1,290.83,16,ATX,gold,600,Semi,Black
psu,SeaSonic, PRIME PX-1600 ATX 3.0,2049.47,24,ATX,platinum,1600,Full,Black / Silver
psu,Gigabyte, UD-GM PG5,599.99,27,ATX,gold,750,Full,Black
psu,Antec, CSK,440.84,11,ATX,bronze,750,Semi,Black / Yellow
psu,SeaSonic, PRIME Fanless,1442.41,13,ATX,titanium,700,Full,Black
psu,Cougar, POLAR,1022.54,53,ATX,platinum,1200,Full,White
psu,Thermaltake, Toughpower SFX,655.71,38,SFX,gold,850,Full,Black
psu,EVGA, 550 BP,346.55,59,ATX,bronze,550,false,Black
psu,Super Flower, LEADEX VII XG,883.89,28,ATX,gold,1300,Full,Black
psu,Corsair, RM750x SHIFT,606.58,40,ATX,gold,750,Full / Side,White
psu,SeaSonic, PRIME 1300 Gold,866.56,40,ATX,gold,1300,Full,Black
psu,EVGA, SuperNOVA 750 G5,684.57,22,ATX,gold,750,Full,Black / Green
psu,SeaSonic, VERTEX GX-850,606.58,43,ATX,gold,850,Full,Black / Silver
psu,Corsair, RM850 (2019),821.28,13,ATX,gold,850,Full,Black
psu,SeaSonic, FOCUS,467.92,7,ATX,platinum,750,Full,Black
psu,SeaSonic, G12 GC,367.83,41,ATX,gold,550,false,Black / Blue
psu,Cooler Master, MWE Bronze,385.42,39,ATX,bronze,500,false,Black
psu,Fractal Design, Ion Gold,769.97,11,ATX,gold,750,Full,Black
psu,SeaSonic, PRIME TX-750,1515.25,38,ATX,titanium,750,Full,Black
psu,EVGA, 750 B5,423.68,22,ATX,bronze,750,Full,Black
psu,SeaSonic, FOCUS,303.27,19,ATX,gold,550,Semi,Black
psu,Fractal Design, Ion Gold,845.41,19,ATX,gold,850,Full,Black
psu,EVGA, SuperNOVA 550 GA,736.61,39,ATX,gold,550,Full,Black
psu,Corsair, RM650,888.22,19,ATX,gold,650,Full,Black
psu,Silverstone, ET500-ARGB,389.93,47,ATX,bronze,500,false,Black
psu,Thermaltake, Smart Pro RGB,775.61,16,ATX,bronze,650,Full,
psu,SeaSonic, G12 GM,460.73,15,ATX,gold,550,Semi,Black / Blue
psu,EVGA, SuperNOVA 850 GA,1122.25,51,ATX,gold,850,Full,Black
psu,Corsair, HX1200i,2162.17,13,ATX,platinum,1200,Full,
psu,Corsair, CXM,671.62,31,ATX,bronze,750,Semi,
psu,Corsair, CX750F,936.19,12,ATX,bronze,750,Full,Black
psu,Asus, ROG Strix Aura Edition,736.57,21,ATX,gold,850,Full,Black
psu,NZXT, C (2019),389.93,55,ATX,gold,650,Full,Black
psu,Thermaltake, Toughpower TF1 - TT Premium,2166.46,49,ATX,titanium,1550,Full,Black
psu,EVGA, SuperNOVA 750 GA,766.9,52,ATX,gold,750,Full,Black
psu,Super Flower, Leadex III Gold,545.91,26,ATX,gold,550,Full,Black
psu,MSI, MAG A1250GL PCIE5,862.27,10,ATX,gold,1250,Full,Black
psu,FSP, Group FSP400-60FGGBA,466.75,38,Flex ATX,gold,400,false,
psu,Super Flower, Leadex III ARGB,736.57,39,ATX,gold,750,Full,White
psu,SeaSonic, G12 GM,545.96,41,ATX,gold,850,Semi,Black / Blue
psu,Enermax, Revolution D.F. X,476.59,37,ATX,gold,850,Full,Black
psu,Montech, CENTURY G5,541.19,36,ATX,gold,850,Full,Black
psu,SeaSonic, PRIME TX,2424.1,56,ATX,titanium,1300,Full,Black / Silver
psu,Corsair, HX850i,1715.87,6,ATX,platinum,850,Full,
psu,EVGA, 500 BQ,649.91,45,ATX,bronze,500,Semi,
psu,EVGA, SuperNOVA 1600 P+,1863.15,52,ATX,platinum,1600,Full,Black
psu,Corsair, RM1000e (2022),953.26,26,ATX,gold,1000,Full,Black
psu,Antec, NE1000G M ATX3.0,802.86,20,ATX,gold,1000,Full,Black
psu,Enermax, REVOLUTION D.F. 2,463.59,41,ATX,gold,1050,Full,Black
psu,FSP, Group Dagger Pro,606.58,50,SFX,gold,650,Full,Black
psu,Cooler Master, MWE Bronze V2,521.43,6,ATX,bronze,700,false,Black
psu,Corsair, RM750e (2022),649.82,22,ATX,gold,750,Full,Black
psu,EVGA, SuperNOVA 1200 P2,2166.46,55,ATX,platinum,1200,Full,
psu,Antec, NE1000G M White ATX 3.0,518.92,12,ATX,gold,1000,Full,White
psu,Silverstone, SFX,651.6,1,SFX,platinum,700,Full,
psu,Silverstone, SX700-PT,616.11,8,SFX,platinum,700,Full,Black
psu,Corsair, RM850x (2018),1252.24,38,ATX,gold,850,Full,White / Black
psu,Deepcool, PM650D,370.9,25,ATX,gold,650,false,Black
psu,Silverstone, SX-G,606.58,24,SFX,gold,700,Full,Black
psu,Silverstone, SX1000R-PL,1174.2,26,SFX,platinum,1000,Full,Black / White
psu,EVGA, GE,346.55,12,ATX,gold,600,false,Black
psu,Cooler Master, V750 SFX GOLD,779.94,26,SFX,gold,750,Full,White
psu,Silverstone, Essential,294.64,58,ATX,gold,550,false,Black / Yellow
psu,EVGA, SuperNOVA 1000 P5,1023.19,16,ATX,platinum,1000,Full,Blue / Black
psu,EVGA, SuperNOVA 1300 G+,892.6,22,ATX,gold,1300,Full,Black
psu,EVGA, SuperNOVA 1000 G7,1039.88,42,ATX,gold,1000,Full,Black / Blue
psu,Gigabyte, AORUS P GM,523.9,16,ATX,gold,750,Full,Black / Silver
psu,Gigabyte, UD850GM PG5 (rev. 2.0),697.57,42,ATX,gold,850,Full,Black
psu,SeaSonic, SSP-300SUG,411.64,15,Flex ATX,gold,300,false,
psu,be quiet!, System Power 9 700 CM,1017.0,34,ATX,bronze,700,Semi,Black
psu,Antec, NeoECO Gold,805.42,7,ATX,gold,850,Full,
psu,Corsair, Vengeance 750M,411.59,47,ATX,silver,750,Semi,
psu,SeaSonic, VERTEX PX-850,823.23,53,ATX,platinum,850,Full,Black / Silver
psu,Enermax, Revolution D.F. X,1234.86,50,ATX,gold,1650,Full,Black
psu,EVGA, SuperNOVA 750 G6,589.98,12,ATX,gold,750,Full,Black
psu,Thermaltake, Toughpower GF A3 - TT Premium Edition,556.66,33,ATX,gold,850,Full,Black
psu,Super Flower, LEADEX VII XG,825.96,53,ATX,gold,850,Full,Black
psu,Corsair, RM850e (2022),671.62,48,ATX,gold,850,Full,Black
psu,Super Flower, Leadex Platinum,619.53,27,ATX,platinum,850,Full,Black
psu,Cougar, VTE,246.94,50,ATX,bronze,600,false,Black
psu,Silverstone, TX500-G,597.91,48,TFX,gold,500,false,Black
psu,Cooler Master, XG850 Plus,635.17,49,ATX,platinum,850,Full,Black
psu,Thermaltake, Toughpower GF1 PE,461.51,30,ATX,gold,650,Full,
psu,EVGA, SuperNOVA 1000 G6,1338.16,10,ATX,gold,1000,Full,Black
psu,SeaSonic, CORE GM,497.86,11,ATX,gold,650,Semi,Black
psu,In Win, IP-S200DF1-0,225.4,20,TFX,,200,false,
psu,EVGA, SuperNOVA 1300 P+,1126.54,51,ATX,platinum,1300,Full,Black
psu,ADATA, XPG Core Reactor II,411.59,15,ATX,gold,750,Full,Black
psu,Corsair, CX550F,693.24,38,ATX,bronze,550,Full,Black
psu,Corsair, HX1000i (2022),1299.86,36,ATX,platinum,1000,Full,Black
psu,be quiet!, Straight Power 11 1000W,797.23,43,ATX,gold,1000,Full,
psu,Razer, Katana Chroma,1689.83,40,ATX,platinum,1200,Full,Black
psu,Cooler Master, GX III GOLD,682.06,59,ATX,gold,850,Full,Black
psu,Corsair, AX760i,895.46,39,ATX,platinum,760,Full,
psu,Super Flower, Leadex III Gold,545.91,23,ATX,gold,650,Full,Black
psu,Silverstone, Strider Titanium,1559.84,45,ATX,titanium,1300,Full,Black / Blue
psu,Silverstone, Strider Platinum S,931.55,54,ATX,platinum,1000,Full,Black
psu,Super Flower, Leadex III ARGB,541.58,26,ATX,gold,650,Full,White
psu,Super Flower, Leadex VI Platinum PRO,649.91,9,ATX,platinum,1000,Full,Black / Blue
psu,Asus, ROG Strix Aura Edition,671.57,24,ATX,gold,750,Full,Black
psu,Enermax, MAXREVO SLI,649.69,50,ATX,gold,1350,Full,Black / Gold
psu,Antec, CSK,349.02,15,ATX,bronze,650,false,Black / Yellow
psu,SHARKOON, SilentStorm,605.23,25,SFX,gold,500,Full,Black
psu,EVGA, N1,238.27,31,ATX,,550,false,
psu,SHARKOON, SilentStorm Cool Zero 750,600.77,48,ATX,gold,750,Full,Black
psu,EVGA, SuperNOVA 650 G6,504.06,58,ATX,gold,650,Full,Black
psu,EVGA, SuperNOVA 750 P2,1299.86,38,ATX,platinum,750,Full,
psu,NZXT, E850,476.59,29,ATX,gold,850,Full,Black
psu,Thermaltake, Toughpower PF3-L,909.89,34,ATX,platinum,1200,Full,Black
psu,Antec, NE1300G M ATX3.0,909.89,33,ATX,gold,1300,Full,Black
psu,Cooler Master, V850 Gold V2,876.35,23,ATX,gold,850,Full,Black
psu,Thermaltake, Smart BX1 550,415.97,57,ATX,bronze,550,false,Black
psu,Silverstone, HELA 850R,966.56,23,ATX,platinum,850,Full,Black / Silver
psu,EVGA, 600 B1,606.58,29,ATX,bronze,600,false,
psu,Enermax, Revolution D.F. X,480.66,41,ATX,gold,1200,Full,Black
psu,Thermaltake, Toughpower Grand RGB,628.2,34,ATX,gold,750,Full,
psu,SeaSonic, PRIME PX,2248.83,39,ATX,platinum,1000,Full,Black / Silver
psu,Cooler Master, XG750 Plus,524.25,2,ATX,platinum,750,Full,Black
psu,Enermax, REVOLUTION D.F. 2,463.59,33,ATX,gold,850,Full,Black
psu,ADATA, XPG Core Reactor II,381.26,32,ATX,gold,650,Full,Black
psu,EVGA, SuperNOVA 1000 G3,1689.83,15,ATX,gold,1000,Full,
psu,Thermaltake, Toughpower PF3-L,736.57,35,ATX,platinum,1050,Full,Black
psu,SHARKOON, SilentStorm Cool Zero 650,540.59,31,ATX,gold,650,Full,Black
psu,SeaSonic, PRIME,563.25,11,ATX,gold,850,Full,Black
psu,EVGA, SuperNOVA 650 G1,968.38,3,ATX,gold,650,Full,
psu,EVGA, SuperNOVA 650 P2,1473.18,23,ATX,platinum,650,Full,
psu,EVGA, SuperNOVA 1000 P6,1768.73,12,ATX,platinum,1000,Full,Black / Silver
psu,FSP, Group Dagger Pro,779.9,21,SFX,gold,850,Full,Black / Gold
psu,Super Flower, Leadex V Pro,1299.86,13,ATX,platinum,1000,Full,White
psu,Cooler Master, MasterWatt,476.63,6,ATX,bronze,750,Semi,Black
psu,Cougar, GEX,476.59,52,ATX,gold,850,Full,Black
psu,Corsair, RM750x White,1512.22,59,ATX,gold,750,Full,White / Black
psu,Corsair, TX650,1104.92,13,ATX,plus,650,false,
psu,Thermaltake, Toughpower GF1 PE,537.08,37,ATX,gold,750,Full,Black
psu,EVGA, GE,387.63,42,ATX,gold,700,false,Black
psu,EVGA, SuperNOVA 750 G7,584.91,52,ATX,gold,750,Full,Black / Blue
psu,Gigabyte, UD1300GM PG5,866.56,21,ATX,gold,1300,Full,Black
psu,be quiet!, Straight Power 11,730.02,51,ATX,platinum,750,Full,Black
psu,Cooler Master, V650,600.77,32,ATX,gold,650,Full,
psu,Fractal Design, Ion+ 2 Platinum,825.09,43,ATX,platinum,560,Full,Black
psu,Thermaltake, Smart RGB 230V,282.03,6,ATX,plus,600,false,Black
psu,BitFenix, BFG GOLD ATX3.0,432.87,7,ATX,gold,850,Full,Black
psu,SeaSonic, PRIME,966.74,12,ATX,gold,1000,Full,Black
psu,be quiet!, SFX Power 3 300,647.65,47,SFX,bronze,300,false,Black
psu,Silverstone, TX700-G,736.57,32,TFX,gold,700,false,Black
psu,Corsair, RM650,962.75,37,ATX,gold,650,Full,
psu,Super Flower, LEADEX VII XG,953.22,52,ATX,gold,1000,Full,White
psu,Silverstone, Essential,262.45,2,ATX,bronze,550,false,Black
psu,MSI, MPG A750G PCIE5,606.58,21,ATX,gold,750,Full,Black
psu,SeaSonic, PRIME,476.59,12,ATX,gold,750,Full,Black
psu,Antec, NE850G M ATX3.0,659.27,13,ATX,gold,850,Full,Black
psu,Thermaltake, Toughpower Grand RGB,506.92,43,ATX,gold,650,Full,
psu,Apex, AL-8250SFX,336.72,13,SFX,,250,false,
psu,Apex, SL-275TFX,199.1,51,TFX,,275,false,
psu,Cougar, VTE X2,363.89,57,ATX,plus,750,false,Black
psu,Antec, Signature Platinum,769.19,27,ATX,platinum,1000,Full,Black
psu,Silverstone, Strider Platinum S,1169.87,18,ATX,platinum,1200,Full,Black
psu,SeaSonic, PRIME Ultra Titanium,1711.54,43,ATX,titanium,850,Full,
psu,EVGA, SuperNOVA 650 G7,411.59,12,ATX,gold,650,Full,Black / Blue
psu,Deepcool, PX1300P,1256.53,37,ATX,platinum,1300,Full,Black / Silver
psu,Razer, Katana Chroma,1187.68,13,ATX,platinum,850,Full,Black
psu,SeaSonic, G,601.29,49,ATX,gold,450,Semi,
psu,SeaSonic, VERTEX GX-750,476.59,20,ATX,gold,750,Full,Black / Silver
psu,Gigabyte, UD1000GM PG5,810.88,58,ATX,gold,1000,Full,Black
psu,Corsair, CS750M,940.22,25,ATX,gold,750,Semi,
psu,FSP," Group Hydro PTM X PRO,Gen5",736.61,32,ATX,platinum,1000,Full,Black
psu,FSP, Group FSP300-60LG,665.51,56,Mini ITX,bronze,300,false,
psu,Cooler Master, GX III GOLD,674.34,38,ATX,gold,750,Full,Black / Purple
psu,SeaSonic, PRIME Titanium,2595.47,5,ATX,titanium,1000,Full,
psu,EVGA, SuperNOVA G FTW,736.57,33,ATX,gold,1000,Full,Black
psu,FSP, Group Hydro GE,367.35,30,ATX,gold,650,Full,
psu,Corsair, RM650x,881.33,36,ATX,gold,650,Full,
psu,Antec, VP PLUS,539.29,34,ATX,plus,700,false,Black
psu,Super Flower, Leadex Platinum,1126.54,30,ATX,platinum,1600,Full,Black
psu,ADATA, XPG Core Reactor II,693.24,12,ATX,gold,1200,Full,Black
psu,Thermaltake, Toughpower SFX 600W Gold,585.13,14,SFX,gold,600,Full,Black
psu,Thermaltake, Smart SE,1063.62,40,ATX,,630,Semi,
psu,Thermaltake, Smart SE,476.63,47,ATX,,530,Semi,Black
psu,EVGA, SuperNOVA 850 G+,736.57,42,ATX,gold,850,Full,
psu,Enermax, Revolution D.F.,463.59,2,ATX,gold,750,Full,Black / Silver
psu,FSP," Group Hydro PTM X PRO,Gen5",1083.21,44,ATX,platinum,1200,Full,Black
psu,SeaSonic, S12III,515.63,38,ATX,bronze,550,false,Black
psu,SeaSonic, PRIME PX,736.57,55,ATX,platinum,750,Full,Black / Silver
psu,Thermaltake, Toughpower Grand RGB Platinum,1429.67,34,ATX,platinum,1200,Full,Black
psu,be quiet!, Dark Power 12,1269.09,39,ATX,titanium,750,Full,Black
psu,Thermaltake, Smart Pro RGB,736.57,8,ATX,bronze,750,Full,
psu,Super Flower, Leadex V Pro,1083.21,14,ATX,gold,1000,Full,Black / Gold
psu,NZXT, C (2019),476.54,3,ATX,gold,750,Full,Black
psu,Super Flower, Leadex III ARGB,727.9,25,ATX,gold,850,Full,White
psu,Silverstone, Strider,447.86,49,ATX,gold,550,Full,
psu,FSP," Group Hydro PTM X PRO,Gen5",622.91,33,ATX,platinum,850,Full,Black
psu,Corsair, RM550,974.88,46,ATX,gold,550,Full,
psu,Enermax, REVOLUTION D.F. 2,463.59,13,ATX,gold,1200,Full,Black
psu,Corsair, HX750,1187.2,37,ATX,gold,750,Semi,
psu,Cougar, COUGAR-GX1050,714.9,8,ATX,gold,1050,Semi,
psu,Corsair, HX1050,1858.86,25,ATX,gold,1050,Semi,
psu,Silverstone, Strider Titanium,1473.18,41,ATX,titanium,1100,Full,Black / Blue
psu,Gigabyte, UD-GM PG5,697.57,21,ATX,gold,850,Full,Black
psu,Cougar, GEX,889.22,12,ATX,gold,1050,Full,Black
psu,Corsair, AX850,1386.52,37,ATX,gold,850,Full,
psu,Thermaltake, Toughpower PF3-L,649.91,6,ATX,platinum,850,Full,Black
psu,Thermaltake, TR2,259.94,13,ATX,bronze,450,false,
psu,be quiet!, Straight Power 11 450W,1083.25,18,ATX,gold,450,Full,
psu,SeaSonic, PRIME Ultra Gold 750,476.59,12,ATX,gold,750,Full,Black
psu,Cougar, POLAR,909.89,23,ATX,platinum,1050,Full,White
psu,EVGA, SuperNOVA 650 P6,607.1,42,ATX,platinum,650,Full,Black / Silver
psu,Super Flower, LEADEX VII Platinum PRO,1169.87,4,ATX,platinum,1200,Full,Black
psu,Cooler Master, MWE Bronze 550,572.78,36,ATX,bronze,550,false,Black
psu,FSP," Group Hydro PTM PRO,Gen5",1169.87,13,ATX,platinum,1200,Full,Black
psu,Super Flower, LEADEX VII Platinum PRO,996.55,14,ATX,platinum,1000,Full,Black
psu,Deepcool, DQ-M-V2L,776.43,52,ATX,gold,850,Full,Black / Green
psu,be quiet!, Pure Power 11 FM 850,1299.42,48,ATX,gold,850,Full,Black
psu,Cooler Master, V1300 Platinum,1698.1,50,ATX,platinum,1300,Full,Black
psu,SHARKOON, SilentStorm Cool Zero 850,731.45,7,ATX,gold,850,Full,Black
psu,Corsair, VS500,866.3,17,ATX,plus,500,false,
psu,Deepcool, PX1000P,996.55,38,ATX,platinum,1000,Full,Black / Silver
psu,Deepcool, PQ650M,558.87,59,ATX,gold,650,Full,Black
psu,Cougar, BXM750,422.99,4,ATX,bronze,750,Semi,Orange / Black
psu,Enermax, Revolution D.F. 12,649.91,12,ATX,gold,850,Full,White
psu,ADATA, XPG CYBERCORE II,1213.2,37,ATX,platinum,1300,Full,Black
psu,ADATA, XPG CYBERCORE,909.89,6,ATX,platinum,1300,Full,Black / Silver
psu,Silverstone, Essential,408.99,27,ATX,gold,750,false,Black / Yellow
psu,SeaSonic, VERTEX PX-750,779.9,16,ATX,platinum,750,Full,Black / Silver
psu,EVGA, SuperNOVA G FTW,498.25,31,ATX,gold,850,Full,Black
psu,Antec, EARTHWATTS GOLD PRO 750,748.74,30,ATX,gold,750,Semi,Black
psu,ADATA, XPG CYBERCORE II,909.89,25,ATX,platinum,1000,Full,Black
psu,Antec, High Current Gamer,672.96,36,ATX,bronze,620,Semi,
psu,Fractal Design, Ion Gold,616.46,49,ATX,gold,650,Full,Black
psu,Silverstone, Strider,428.1,56,ATX,bronze,700,Full,
psu,Super Flower, Leadex V Platinum Pro,736.57,50,ATX,platinum,850,Full,White
psu,EVGA, 500 BA,280.3,17,ATX,bronze,500,false,Black
psu,Corsair, HX1000,2079.8,29,ATX,plus,1000,Semi,
psu,SeaSonic, PRIME Ultra Gold 850,563.25,11,ATX,gold,850,Full,Black
psu,Silverstone, Essential,395.3,9,ATX,gold,750,Semi,Black / Blue
psu,be quiet!, TFX Power 3 300,502.37,54,TFX,gold,300,false,Black
psu,Silverstone, Strider Platinum,915.65,57,ATX,platinum,850,Full,
psu,Enermax, PlatiGemini,1083.21,6,ATX,platinum,1200,Full,Black
psu,Silverstone, ST75F-GS-V3,426.8,51,ATX,gold,750,Full,Black
psu,Thermaltake, Toughpower PF1 - TT Premium Edition,974.88,51,ATX,platinum,750,Full,Black
psu,Silverstone, Strider,1197.86,30,ATX,silver,1500,false,
psu,Corsair, VS400,1598.88,43,ATX,plus,400,false,
psu,SeaSonic, PRIME Ultra Platinum 750,736.57,20,ATX,platinum,750,Full,Black
psu,SeaSonic, SS-300TFX Bronze,272.55,28,TFX,bronze,300,false,
psu,FSP, Group Hydro PTM PRO,779.9,33,ATX,platinum,1000,Full,Black
psu,EVGA, 700 B1,942.38,1,ATX,bronze,700,false,
psu,Silverstone, Strider Titanium,811.05,55,ATX,titanium,700,Full,
psu,Thermaltake, Toughpower GF2 ARGB,628.24,15,ATX,gold,750,Full,Black
psu,Silverstone, Essential,519.92,47,ATX,gold,650,false,Black
psu,ADATA, XPG CYBERCORE,823.23,43,ATX,platinum,1000,Full,Black / Silver
psu,Phanteks, Revolt Pro,1646.54,33,ATX,gold,850,Full,Silver / Black
psu,Super Flower, Leadex V Pro,758.23,25,ATX,gold,1000,Full,White
psu,Super Flower, Leadex VI Platinum PRO,779.9,22,ATX,platinum,850,Full,Black / Blue
psu,Silverstone, ST85F-GS-V2,556.62,19,ATX,gold,850,Full,
psu,Antec, Earthwatts Green,468.44,40,ATX,plus,500,false,
psu,Fractal Design, Anode Bronze,571.39,53,ATX,bronze,750,Semi,Black
psu,FSP, Group FSP500-50FSPT,862.22,17,Flex ATX,platinum,500,false,
psu,In Win, P75,563.03,25,ATX,gold,750,Full,Black
psu,Thermaltake, Toughpower GF1 - TT Premium,875.22,27,ATX,gold,1200,Full,Black
psu,Silverstone, TX300,356.26,14,TFX,bronze,300,false,Black
psu,RAIJINTEK, CRATOS,411.2,26,ATX,gold,850,Full,Black
psu,EVGA, SuperNOVA 750 PQ,946.72,25,ATX,platinum,750,Semi,Black
psu,SeaSonic, SSP-300TBS,316.7,24,TFX,bronze,300,false,Silver
psu,In Win, P85,691.76,47,ATX,gold,850,Full,Black
psu,In Win, P65,525.81,6,ATX,gold,650,Full,Black
psu,Enermax, Platimax D.F.,654.24,44,ATX,platinum,1050,Full,Black
psu,In Win, P130II,1008.51,38,ATX,platinum,1300,Full,Black
psu,Enermax, Revolution D.F. X,1083.21,24,ATX,gold,1350,Full,Black
psu,Thermaltake, Toughpower iRGB PLUS 750,912.75,59,ATX,gold,750,Full,Black
psu,Silverstone, Essential,385.55,28,ATX,gold,550,Semi,Black
psu,Super Flower, Leadex V Platinum Pro,823.23,37,ATX,platinum,1000,Full,White
psu,SHARKOON, SilentStorm,397.9,13,SFX,bronze,450,false,Black
psu,Corsair, AX650,1083.25,22,ATX,gold,650,Full,
psu,FSP, Group Hydro PTM PRO,693.24,12,ATX,platinum,850,Full,Black
psu,Super Flower, LEADEX VII Platinum PRO,736.57,12,ATX,platinum,850,Full,Black
psu,Silverstone, Strider Platinum,589.24,17,ATX,platinum,750,Full,
psu,Thermaltake, Toughpower GF2 ARGB,533.39,32,ATX,gold,650,Full,Black
psu,Thermaltake, Toughpower PF1 - TT Premium Edition,1319.18,46,ATX,platinum,1050,Full,Black
psu,In Win, P105II,794.5,2,ATX,platinum,1050,Full,Black
psu,Antec, Basiq,382.78,53,ATX,,350,false,
psu,Corsair, TX750 V2,1386.56,27,ATX,bronze,750,false,
psu,Thermaltake, Toughpower iRGB PLUS 850,1234.9,56,ATX,gold,850,Full,Black
psu,Thermaltake, TOUGHPOWER PF1 ARGB,1299.86,22,ATX,platinum,850,Full,
psu,Enermax, Revolution D.F. 12,606.58,16,ATX,gold,850,Full,Black
psu,Silverstone, Strider Platinum,606.58,28,ATX,platinum,650,Full,
psu,SeaSonic, PRIME Ultra Platinum 850,1559.84,24,ATX,platinum,850,Full,Black
psu,FSP, Group Hydro PTM PRO,649.91,43,ATX,platinum,750,Full,Black
psu,FSP, Group Hydro GE,411.59,48,ATX,gold,650,Full,Black
psu,EVGA, SuperNOVA 850 GA,1516.55,8,ATX,gold,850,Full,
psu,SeaSonic, SS-400ET Bronze,424.63,7,ATX,bronze,400,false,
psu,Super Flower, Leadex III ARGB Pro,714.9,6,ATX,gold,650,Full,Black
psu,In Win, PB,649.95,30,ATX,gold,750,Full,
psu,Thermaltake, Toughpower,1663.53,54,ATX,gold,1500,Semi,
psu,In Win, IP-S300FF1-0,247.02,34,TFX,plus,300,false,
psu,Super Flower, Leadex III ARGB Pro,823.23,33,ATX,gold,750,Full,Black
psu,Super Flower, Leadex Gold,1299.86,8,ATX,gold,1300,Full,
psu,Enermax, MaxTytan,1603.17,40,ATX,titanium,1050,Full,
psu,Antec, True Power,1000.1,32,ATX,bronze,850,Full,
psu,Fractal Design, Anode Bronze,630.41,11,ATX,bronze,550,Semi,Black
psu,Antec, Earthwatts,541.54,50,ATX,bronze,500,false,
psu,Enermax, Revolution D.F. 12,563.25,14,ATX,gold,750,Full,Black
psu,Antec, Earthwatts Green,453.41,44,ATX,bronze,430,false,
psu,SeaSonic, SS-600ES,434.43,32,ATX,bronze,600,false,Gray
psu,SeaSonic, SS-850HT Silver,732.28,51,ATX,silver,850,false,
psu,FSP, Group FSP300-60LG-5K,641.37,8,Flex ATX,bronze,300,false,
psu,Thermaltake, EVO_Blue,498.25,18,ATX,gold,650,Semi,
psu,Corsair, TX750 V2,1386.56,12,ATX,bronze,750,false,
psu,SeaSonic, Platinum,583.61,33,ATX,bronze,600,false,
