item_type,name,price,capacity,cache,form_factor,interface
SSD,Samsung 980 Pro,736.57,2000.0,2048.0,M.2-2280,M.2 PCIe 4.0 X4
SSD,Kingston NV2,264.27,1000.0,,M.2-2280,M.2 PCIe 4.0 X4
SSD,Samsung 970 Evo Plus,422.47,1000.0,1024.0,M.2-2280,M.2 PCIe 3.0 X4
SSD,Samsung 990 Pro,1379.41,4000.0,4096.0,M.2-2280,M.2 PCIe 4.0 X4
SSD,Crucial P3 Plus,303.22,1000.0,,M.2-2280,M.2 PCIe 4.0 X4
SSD,Samsung 980 Pro,459.86,1000.0,1024.0,M.2-2280,M.2 PCIe 4.0 X4
SSD,Samsung 990 Pro,736.57,2000.0,2048.0,M.2-2280,M.2 PCIe 4.0 X4
SSD,Crucial P3 Plus,511.25,2000.0,,M.2-2280,M.2 PCIe 4.0 X4
SSD,Western Digital Black SN850X,680.24,2000.0,,M.2-2280,M.2 PCIe 4.0 X4
SSD,Western Digital Black SN850X,398.29,1000.0,,M.2-2280,M.2 PCIe 4.0 X4
SSD,Mushkin Source HC,9978.81,16000.0,,2.5,SATA 6.0 Gb/s
SSD,Kingston NV2,511.29,2000.0,,M.2-2280,M.2 PCIe 4.0 X4
SSD,Samsung 870 Evo,454.92,1000.0,1024.0,2.5,SATA 6.0 Gb/s
SSD,Western Digital Black SN770,364.62,1000.0,,M.2-2280,M.2 PCIe 4.0 X4
SSD,TEAMGROUP MP33,160.28,512.0,,M.2-2280,M.2 PCIe 3.0 X4
SSD,Sabrent Rocket 4 Plus,5156.23,8000.0,,M.2-2280,M.2 PCIe 4.0 X4
SSD,Samsung 970 Evo Plus,303.05,500.0,512.0,M.2-2280,M.2 PCIe 3.0 X4
SSD,Crucial P3,264.27,1000.0,,M.2-2280,M.2 PCIe 3.0 X4
SSD,Samsung 990 Pro,476.98,1000.0,1024.0,M.2-2280,M.2 PCIe 4.0 X4
SSD,Western Digital Blue SN580,307.64,1000.0,,M.2-2280,M.2 PCIe 4.0 X4
SSD,Kingston NV2,186.28,500.0,,M.2-2280,M.2 PCIe 4.0 X4
SSD,Western Digital Black SN770,601.51,2000.0,,M.2-2280,M.2 PCIe 4.0 X4
SSD,Western Digital Black SN850X,1343.19,4000.0,,M.2-2280,M.2 PCIe 4.0 X4
SSD,Samsung 970 Evo Plus,649.91,2000.0,1024.0,M.2-2280,M.2 PCIe 3.0 X4
SSD,Crucial P3 Plus,1031.21,4000.0,,M.2-2280,M.2 PCIe 4.0 X4
SSD,Intel 750,10784.27,1200.0,,PCIe,PCIe x4
SSD,Samsung 870 Evo,823.23,2000.0,2048.0,2.5,SATA 6.0 Gb/s
SSD,Silicon Power UD90,472.25,2000.0,,M.2-2280,M.2 PCIe 4.0 X4
SSD,TEAMGROUP MP44L,281.56,1000.0,,M.2-2280,M.2 PCIe 4.0 X4
SSD,Silicon Power A60,264.27,1000.0,,M.2-2280,M.2 PCIe 3.0 X4
SSD,TEAMGROUP MP44L,498.25,2000.0,,M.2-2280,M.2 PCIe 4.0 X4
SSD,TEAMGROUP MP33,268.6,1000.0,,M.2-2280,M.2 PCIe 3.0 X4
SSD,Western Digital Blue SN580,537.29,2000.0,,M.2-2280,M.2 PCIe 4.0 X4
SSD,Samsung 870 QVO,2577.7,8000.0,,2.5,SATA 6.0 Gb/s
SSD,Crucial T700,1850.15,4000.0,,M.2-2280,M.2 PCIe 5.0 X4
SSD,TEAMGROUP MP33,459.25,2000.0,,M.2-2280,M.2 PCIe 3.0 X4
SSD,Samsung 980,389.93,1000.0,,M.2-2280,M.2 PCIe 3.0 X4
SSD,Crucial T500,602.24,2000.0,,M.2-2280,M.2 PCIe 4.0 X4
SSD,Crucial P3,223.58,500.0,,M.2-2280,M.2 PCIe 3.0 X4
SSD,Crucial T705,2101.46,4000.0,,M.2-2280,M.2 PCIe 5.0 X4
SSD,Samsung 990 EVO,389.93,1000.0,,M.2-2280,M.2 PCIe 5.0 X2
SSD,Kingston KC3000,706.24,2048.0,,M.2-2280,M.2 PCIe 4.0 X4
SSD,Samsung 990 Pro w/Heatsink,1397.91,4000.0,4096.0,M.2-2280,M.2 PCIe 4.0 X4
SSD,Samsung 870 Evo,346.55,500.0,512.0,2.5,SATA 6.0 Gb/s
SSD,Crucial T700,658.57,1000.0,,M.2-2280,M.2 PCIe 5.0 X4
SSD,Kingston A400,121.28,240.0,,2.5,SATA 6.0 Gb/s
SSD,Samsung 980 Pro,389.93,500.0,512.0,M.2-2280,M.2 PCIe 4.0 X4
SSD,Crucial P3,537.25,2000.0,,M.2-2280,M.2 PCIe 3.0 X4
SSD,SK Hynix Platinum P41,714.9,2000.0,,M.2-2280,M.2 PCIe 4.0 X4
SSD,Crucial T500,346.55,1000.0,,M.2-2280,M.2 PCIe 4.0 X4
SSD,MSI SPATIUM M482,571.87,2000.0,,M.2-2280,M.2 PCIe 4.0 X4
SSD,Samsung 870 Evo,1616.17,4000.0,4096.0,2.5,SATA 6.0 Gb/s
SSD,Lexar NM790,642.84,2000.0,,M.2-2280,M.2 PCIe 4.0 X4
SSD,Lexar NM710,303.22,1000.0,,M.2-2280,M.2 PCIe 4.0 X4
SSD,MSI SPATIUM M371,281.6,1000.0,,M.2-2280,M.2 PCIe 3.0 X4
SSD,Patriot P300,95.28,256.0,,M.2-2280,M.2 PCIe 3.0 X4
SSD,Crucial T700,1169.87,2000.0,,M.2-2280,M.2 PCIe 5.0 X4
SSD,Corsair MP600 PRO NH,4246.3,8000.0,,M.2-2280,M.2 PCIe 4.0 X4
SSD,TEAMGROUP T-Force Vulcan Z,246.94,1000.0,,2.5,SATA 6.0 Gb/s
SSD,Samsung 990 EVO,675.9,2000.0,,M.2-2280,M.2 PCIe 5.0 X2
SSD,Crucial MX500,380.18,1000.0,1024.0,2.5,SATA 6.0 Gb/s
SSD,Leven JS600,60.62,128.0,,2.5,SATA 6.0 Gb/s
SSD,Crucial P3 Plus,236.11,500.0,,M.2-2280,M.2 PCIe 4.0 X4
SSD,Western Digital Green SN350,281.56,1000.0,,M.2-2280,M.2 PCIe 3.0 X4
SSD,MSI SPATIUM M570 HS,866.56,2000.0,4096.0,M.2-2280,M.2 PCIe 5.0 X4
SSD,Patriot P300,160.28,512.0,,M.2-2280,M.2 PCIe 3.0 X4
SSD,Lexar NM790,395.95,1000.0,,M.2-2280,M.2 PCIe 4.0 X4
SSD,Kingston KC3000,433.26,1024.0,,M.2-2280,M.2 PCIe 4.0 X4
SSD,Western Digital Blue SN570,303.27,1000.0,,M.2-2280,M.2 PCIe 3.0 X4
SSD,Crucial P5 Plus,835.27,2000.0,2048.0,M.2-2280,M.2 PCIe 4.0 X4
SSD,Western Digital Blue SN570,190.35,500.0,,M.2-2280,M.2 PCIe 3.0 X4
SSD,Lexar NM620,309.59,1000.0,,M.2-2280,M.2 PCIe 3.0 X4
SSD,VisionTek QLC,6499.46,8000.0,,M.2-2280,M.2 PCIe 3.0 X4
SSD,Acer Predator GM7000,368.26,1000.0,1024.0,M.2-2280,M.2 PCIe 4.0 X4
SSD,Sabrent Rocket 5,3163.05,4000.0,,M.2-2280,M.2 PCIe 5.0 X4
SSD,Samsung 980 Pro w/Heatsink,795.32,2000.0,2048.0,M.2-2280,M.2 PCIe 4.0 X4
SSD,Samsung 990 Pro w/Heatsink,823.23,2000.0,2048.0,M.2-2280,M.2 PCIe 4.0 X4
SSD,Kingston A400,163.74,480.0,,2.5,SATA 6.0 Gb/s
SSD,Kingston NV2,138.61,250.0,,M.2-2280,M.2 PCIe 4.0 X4
SSD,Kingston Fury Renegade,749.57,2000.0,,M.2-2280,M.2 PCIe 4.0 X4
SSD,Patriot P300,255.6,1000.0,,M.2-2280,M.2 PCIe 3.0 X4
SSD,MSI SPATIUM M480 PRO,363.97,1000.0,,M.2-2280,M.2 PCIe 4.0 X4
SSD,Patriot P300,77.91,128.0,,M.2-2280,M.2 PCIe 3.0 X4
SSD,Crucial MX500,693.24,2000.0,2048.0,2.5,SATA 6.0 Gb/s
SSD,Leven JPS800,259.94,1000.0,,M.2-2280,M.2 PCIe 4.0 X4
SSD,Samsung 980 Pro w/Heatsink,519.92,1000.0,1024.0,M.2-2280,M.2 PCIe 4.0 X4
SSD,Corsair MP600 PRO XT,4202.97,8000.0,,M.2-2280,M.2 PCIe 4.0 X4
SSD,Western Digital Black SN770,302.96,500.0,,M.2-2280,M.2 PCIe 4.0 X4
SSD,TEAMGROUP T-Force Vulcan Z,134.28,512.0,,2.5,SATA 6.0 Gb/s
SSD,Leven JPS600,441.92,2000.0,,M.2-2280,M.2 PCIe 3.0 X4
SSD,Samsung 980,320.56,500.0,,M.2-2280,M.2 PCIe 3.0 X4
SSD,Kingston A400,268.6,960.0,,2.5,SATA 6.0 Gb/s
SSD,TEAMGROUP MS30,147.28,512.0,,M.2-2280,M.2 SATA
SSD,Lexar NM790,1126.54,4000.0,,M.2-2280,M.2 PCIe 4.0 X4
SSD,Samsung 860 Evo,649.91,1000.0,1024.0,2.5,SATA 6.0 Gb/s
SSD,Samsung 970 Evo Plus,265.44,250.0,512.0,M.2-2280,M.2 PCIe 3.0 X4
SSD,Crucial MX500,229.65,500.0,512.0,2.5,SATA 6.0 Gb/s
SSD,TEAMGROUP T-Force Vulcan Z,420.26,2000.0,,2.5,SATA 6.0 Gb/s
SSD,Silicon Power UD90,311.89,1000.0,,M.2-2280,M.2 PCIe 4.0 X4
SSD,Silicon Power UD90,931.55,4000.0,,M.2-2280,M.2 PCIe 4.0 X4
SSD,Crucial P3,1043.17,4000.0,,M.2-2280,M.2 PCIe 3.0 X4
SSD,Corsair MP600 CORE XT,606.58,2000.0,,M.2-2280,M.2 PCIe 4.0 X4
SSD,TEAMGROUP MP44,537.25,2000.0,,M.2-2280,M.2 PCIe 4.0 X4
SSD,Solidigm P41 Plus,303.27,1000.0,,M.2-2280,M.2 PCIe 4.0 X4
SSD,Crucial T705 W/Heatsink,2383.11,4000.0,,M.2-2280,M.2 PCIe 5.0 X4
SSD,MSI SPATIUM M450,324.93,1000.0,,M.2-2280,M.2 PCIe 4.0 X4
SSD,Corsair MP600 CORE XT,337.89,1000.0,,M.2-2280,M.2 PCIe 4.0 X4
SSD,Silicon Power UD85,498.25,2000.0,,M.2-2280,M.2 PCIe 4.0 X4
SSD,Crucial T705,1213.2,2000.0,,M.2-2280,M.2 PCIe 5.0 X4
SSD,Crucial P5 Plus,601.2,1000.0,1024.0,M.2-2280,M.2 PCIe 4.0 X4
SSD,ADATA XPG GAMMIX S70 Blade,433.26,1000.0,,M.2-2280,M.2 PCIe 4.0 X4
SSD,Kingston Fury Renegade,433.26,1000.0,,M.2-2280,M.2 PCIe 4.0 X4
SSD,Solidigm P41 Plus,511.25,2000.0,,M.2-2280,M.2 PCIe 4.0 X4
SSD,Patriot Burst Elite,60.62,120.0,,2.5,SATA 6.0 Gb/s
SSD,Samsung 990 Pro w/Heatsink,519.92,1000.0,1024.0,M.2-2280,M.2 PCIe 4.0 X4
SSD,TEAMGROUP MP44,1013.88,4000.0,,M.2-2280,M.2 PCIe 4.0 X4
SSD,Lexar NM620,542.36,2000.0,,M.2-2280,M.2 PCIe 3.0 X4
SSD,Crucial BX500,308.25,1000.0,,2.5,SATA 6.0 Gb/s
SSD,ADATA XPG GAMMIX S70 Blade,649.91,2000.0,,M.2-2280,M.2 PCIe 4.0 X4
SSD,Corsair MP600 CORE XT,1126.54,4000.0,,M.2-2280,M.2 PCIe 4.0 X4
SSD,Intel DC P3600,6499.5,1200.0,,PCIe,PCIe x4
SSD,Western Digital Blue,528.63,1000.0,,2.5,SATA 6.0 Gb/s
SSD,SK Hynix Platinum P41,411.59,1000.0,,M.2-2280,M.2 PCIe 4.0 X4
SSD,Western Digital Black SN750,333.55,1000.0,,M.2-2280,M.2 PCIe 3.0 X4
SSD,Samsung 860 Evo,476.59,500.0,512.0,2.5,SATA 6.0 Gb/s
SSD,TEAMGROUP MS30,242.6,1000.0,,M.2-2280,M.2 SATA
SSD,Samsung 970 Evo,705.85,1000.0,1024.0,M.2-2280,M.2 PCIe 3.0 X4
SSD,Corsair MP600,693.24,2000.0,,M.2-2280,M.2 PCIe 4.0 X4
SSD,Kingston NV2,1083.25,4000.0,,M.2-2280,M.2 PCIe 4.0 X4
SSD,TEAMGROUP MP34,979.21,4000.0,,M.2-2280,M.2 PCIe 3.0 X4
SSD,Sabrent Rocket 4.0,433.26,1000.0,,M.2-2280,M.2 PCIe 4.0 X4
SSD,Crucial T705,714.9,1000.0,,M.2-2280,M.2 PCIe 5.0 X4
SSD,KingSpec XG7000,554.58,2000.0,,M.2-2280,M.2 PCIe 4.0 X4
SSD,Klevv CRAS C910,281.56,1000.0,,M.2-2280,M.2 PCIe 4.0 X4
SSD,Acer Predator GM7000,1191.53,4000.0,4096.0,M.2-2280,M.2 PCIe 4.0 X4
SSD,TEAMGROUP T-Force Vulcan Z,121.28,480.0,,2.5,SATA 6.0 Gb/s
SSD,Crucial T700 W/Heatsink,1936.81,4000.0,,M.2-2280,M.2 PCIe 5.0 X4
SSD,Samsung 870 Evo,134.24,250.0,512.0,2.5,SATA 6.0 Gb/s
SSD,Western Digital Black SN850X w/Heatsink,753.9,2000.0,,M.2-2280,M.2 PCIe 4.0 X4
SSD,Crucial MX500,1185.03,4000.0,,2.5,SATA 6.0 Gb/s
SSD,Crucial P5 Plus,398.42,500.0,1024.0,M.2-2280,M.2 PCIe 4.0 X4
SSD,Crucial BX500,541.58,2000.0,,2.5,SATA 6.0 Gb/s
SSD,MSI SPATIUM M480 PRO,905.73,2000.0,,M.2-2280,M.2 PCIe 4.0 X4
SSD,Lexar NM710,688.9,2000.0,,M.2-2280,M.2 PCIe 4.0 X4
SSD,Solidigm P44 Pro,736.57,2000.0,,M.2-2280,M.2 PCIe 4.0 X4
SSD,Solidigm P44 Pro,381.26,1000.0,,M.2-2280,M.2 PCIe 4.0 X4
SSD,PNY CS2241,909.89,4000.0,,M.2-2280,M.2 PCIe 4.0 X4
SSD,Patriot P210,233.94,1000.0,,2.5,SATA 6.0 Gb/s
SSD,Corsair MP700 PRO,1299.86,2000.0,,M.2-2280,M.2 PCIe 5.0 X4
SSD,ADATA Legend 800,331.08,1000.0,,M.2-2280,M.2 PCIe 4.0 X4
SSD,Sabrent Rocket 4 Plus,953.22,2000.0,,M.2-2280,M.2 PCIe 4.0 X4
SSD,FanXiang S500 Pro,281.56,1000.0,,M.2-2280,M.2 PCIe 3.0 X4
SSD,Samsung 970 Evo,505.01,500.0,512.0,M.2-2280,M.2 PCIe 3.0 X4
SSD,Silicon Power P34A60,173.28,512.0,,M.2-2280,M.2 PCIe 3.0 X4
SSD,ADATA XPG SX8200 Pro,407.91,1000.0,,M.2-2280,M.2 PCIe 3.0 X4
SSD,Corsair MP700 PRO,2469.77,4000.0,,M.2-2280,M.2 PCIe 5.0 X4
SSD,ADATA Legend 800,472.25,2000.0,,M.2-2280,M.2 PCIe 4.0 X4
SSD,TEAMGROUP T-Force Vulcan Z,95.28,240.0,,2.5,SATA 6.0 Gb/s
SSD,Klevv CRAS C710,259.94,1000.0,,M.2-2280,M.2 PCIe 3.0 X4
SSD,TEAMGROUP MP33,112.61,256.0,,M.2-2280,M.2 PCIe 3.0 X4
SSD,Leven JPS800,454.92,2000.0,,M.2-2280,M.2 PCIe 4.0 X4
SSD,Western Digital Blue SN550,576.29,1000.0,,M.2-2280,M.2 PCIe 3.0 X4
SSD,Mushkin Vortex Redline,337.89,1000.0,1024.0,M.2-2280,M.2 PCIe 4.0 X4
SSD,Samsung 870 QVO,719.49,2000.0,,2.5,SATA 6.0 Gb/s
SSD,Gigabyte AORUS Gen4 7300,533.18,1000.0,1024.0,M.2-2280,M.2 PCIe 4.0 X4
SSD,Corsair MP700,649.91,1000.0,,M.2-2280,M.2 PCIe 5.0 X4
SSD,Seagate 1200 SSD,13811.44,800.0,,2.5,SAS 12.0 Gb/s
SSD,Acer Predator GM7000,238.27,512.0,512.0,M.2-2280,M.2 PCIe 4.0 X4
SSD,ADATA XPG GAMMIX S7,259.94,1000.0,,M.2-2280,M.2 PCIe 3.0 X4
SSD,Western Digital Blue,350.89,500.0,,2.5,SATA 6.0 Gb/s
SSD,Seagate BarraCuda Q5,277.27,1000.0,,M.2-2280,M.2 PCIe 3.0 X4
SSD,Samsung 980,194.94,250.0,,M.2-2280,M.2 PCIe 3.0 X4
SSD,Western Digital Blue SN580,255.13,500.0,,M.2-2280,M.2 PCIe 4.0 X4
SSD,Kingston KC3000,307.56,512.0,,M.2-2280,M.2 PCIe 4.0 X4
SSD,Samsung 870 QVO,1473.18,4000.0,,2.5,SATA 6.0 Gb/s
SSD,Silicon Power P34A60,264.27,1000.0,,M.2-2280,M.2 PCIe 3.0 X4
SSD,Intel 670p,374.24,1000.0,,M.2-2280,M.2 PCIe 3.0 X4
SSD,Corsair MP700,1078.87,2000.0,,M.2-2280,M.2 PCIe 5.0 X4
SSD,Kingston A400,121.28,120.0,,2.5,SATA 6.0 Gb/s
SSD,MSI SPATIUM M450,181.9,500.0,,M.2-2280,M.2 PCIe 4.0 X4
SSD,Silicon Power A60,454.92,2000.0,,M.2-2280,M.2 PCIe 3.0 X4
SSD,Western Digital Black SN850X w/Heatsink,481.4,1000.0,,M.2-2280,M.2 PCIe 4.0 X4
SSD,Intel DC P3600,6031.54,1600.0,,PCIe,PCIe x4
SSD,TEAMGROUP MP44,324.89,1000.0,,M.2-2280,M.2 PCIe 4.0 X4
SSD,Crucial P2,389.93,1000.0,,M.2-2280,M.2 PCIe 3.0 X4
SSD,TEAMGROUP T-Force Vulcan Z,866.56,4000.0,,2.5,SATA 6.0 Gb/s
SSD,TEAMGROUP MP33 PRO,281.56,1000.0,,M.2-2280,M.2 PCIe 3.0 X4
SSD,Western Digital Black SN750,216.61,500.0,,M.2-2280,M.2 PCIe 3.0 X4
SSD,Silicon Power A55,251.27,1000.0,,2.5,SATA 6.0 Gb/s
SSD,Patriot P310,155.94,480.0,,M.2-2280,M.2 PCIe 3.0 X4
SSD,Silicon Power A55,424.59,2000.0,,2.5,SATA 6.0 Gb/s
SSD,Samsung 870 QVO,346.55,1000.0,,2.5,SATA 6.0 Gb/s
SSD,Gigabyte AORUS Gen4 7300,908.63,2000.0,2048.0,M.2-2280,M.2 PCIe 4.0 X4
SSD,Western Digital Black SN770,216.61,250.0,,M.2-2280,M.2 PCIe 4.0 X4
SSD,Corsair MP700 PRO w/Heatsink,2556.43,4000.0,,M.2-2280,M.2 PCIe 5.0 X4
SSD,Leven JM600,238.27,1000.0,,M.2-2280,M.2 SATA
SSD,Inland TN450,303.22,1000.0,,M.2-2280,M.2 PCIe 4.0 X4
SSD,Kingston Fury Renegade,1449.48,4000.0,,M.2-2280,M.2 PCIe 4.0 X4
SSD,PNY CS900,160.28,500.0,,2.5,SATA 6.0 Gb/s
SSD,SanDisk SSD PLUS,324.93,1000.0,,2.5,SATA 6.0 Gb/s
SSD,Patriot P210,86.57,256.0,,2.5,SATA 6.0 Gb/s
SSD,FanXiang S500 Pro,168.94,512.0,,M.2-2280,M.2 PCIe 3.0 X4
SSD,Corsair MP700 PRO,779.9,1000.0,,M.2-2280,M.2 PCIe 5.0 X4
SSD,Patriot Viper VP4300 Lite,519.92,2000.0,,M.2-2280,M.2 PCIe 4.0 X4
SSD,Kingston KC600,146.67,256.0,,2.5,SATA 6.0 Gb/s
SSD,Crucial P2,340.36,500.0,,M.2-2280,M.2 PCIe 3.0 X4
SSD,Western Digital Green SN350,259.94,960.0,,M.2-2280,M.2 PCIe 3.0 X4
SSD,Intel 660p,324.98,1020.0,,M.2-2280,M.2 PCIe 3.0 X4
SSD,TEAMGROUP GX2,142.95,512.0,,2.5,SATA 6.0 Gb/s
SSD,Crucial P1,472.3,1000.0,,M.2-2280,M.2 PCIe 3.0 X4
SSD,Silicon Power US75,931.55,4000.0,,M.2-2280,M.2 PCIe 4.0 X4
SSD,Lexar NM620,186.28,512.0,,M.2-2280,M.2 PCIe 3.0 X4
SSD,Mushkin Helix-L,164.61,512.0,,M.2-2280,M.2 PCIe 4.0 X4
SSD,Silicon Power A55,151.61,512.0,,2.5,SATA 6.0 Gb/s
SSD,PNY CS1030,324.89,1000.0,,M.2-2280,M.2 PCIe 3.0 X4
SSD,Leven JS600,801.56,4000.0,,2.5,SATA 6.0 Gb/s
SSD,TEAMGROUP MP44L,190.61,500.0,,M.2-2280,M.2 PCIe 4.0 X4
SSD,Crucial MX500,173.28,250.0,256.0,2.5,SATA 6.0 Gb/s
SSD,Crucial BX500,121.28,240.0,,2.5,SATA 6.0 Gb/s
SSD,Western Digital Green SN350,173.28,480.0,,M.2-2280,M.2 PCIe 3.0 X4
SSD,Western Digital Green SN350,517.1,2000.0,,M.2-2280,M.2 PCIe 3.0 X4
SSD,SK Hynix Gold P31,368.26,1000.0,,M.2-2280,M.2 PCIe 3.0 X4
SSD,Inland Performance Plus,602.24,2000.0,,M.2-2280,M.2 PCIe 4.0 X4
SSD,Silicon Power UD85,294.56,1000.0,,M.2-2280,M.2 PCIe 4.0 X4
SSD,TEAMGROUP CX2,446.26,2000.0,,2.5,SATA 6.0 Gb/s
SSD,Patriot P310,95.28,240.0,,M.2-2280,M.2 PCIe 3.0 X4
SSD,ADATA XPG SX8200 Pro,502.63,2000.0,,M.2-2280,M.2 PCIe 3.0 X4
SSD,Crucial T700 W/Heatsink,1256.53,2000.0,,M.2-2280,M.2 PCIe 5.0 X4
SSD,ADATA SU630,132.03,240.0,,2.5,SATA 6.0 Gb/s
SSD,Crucial P5 Plus W/Heatsink,747.31,2000.0,,M.2-2280,M.2 PCIe 4.0 X4
SSD,Corsair MP600 PRO LPX,714.9,2000.0,,M.2-2280,M.2 PCIe 4.0 X4
SSD,Seagate FireCuda 540,1343.19,2000.0,,M.2-2280,M.2 PCIe 5.0 X4
SSD,TEAMGROUP Cardea A440,621.18,2000.0,,M.2-2280,M.2 PCIe 4.0 X4
SSD,Sabrent Rocket 5,1473.18,2000.0,,M.2-2280,M.2 PCIe 5.0 X4
SSD,Sabrent Rocket 4 Plus,519.92,1000.0,,M.2-2280,M.2 PCIe 4.0 X4
SSD,Kingston NV1,324.89,1000.0,,M.2-2280,M.2 PCIe 3.0 X4
SSD,Corsair MP600 PRO XT,762.56,2000.0,,M.2-2280,M.2 PCIe 4.0 X4
SSD,Lexar NM790 w/Heatsink,368.26,1000.0,,M.2-2280,M.2 PCIe 4.0 X4
SSD,Leven JPS600,255.6,1000.0,,M.2-2280,M.2 PCIe 3.0 X4
SSD,Patriot Burst Elite,216.61,960.0,,2.5,SATA 6.0 Gb/s
SSD,HP FX900 Pro,584.91,2000.0,,M.2-2280,M.2 PCIe 4.0 X4
SSD,Inland TN470,597.91,2000.0,,M.2-2280,M.2 PCIe 4.0 X4
SSD,Seagate FireCuda 530,498.3,1000.0,,M.2-2280,M.2 PCIe 4.0 X4
SSD,Leven JS600,233.94,1000.0,,2.5,SATA 6.0 Gb/s
SSD,Samsung 860 Evo,373.2,250.0,512.0,2.5,SATA 6.0 Gb/s
SSD,Western Digital Blue SA510,593.06,2000.0,,2.5,SATA 6.0 Gb/s
SSD,Inland Performance Plus,329.22,1000.0,,M.2-2280,M.2 PCIe 4.0 X4
SSD,FanXiang S880,346.55,1000.0,,M.2-2280,M.2 PCIe 4.0 X4
SSD,Patriot P210,134.28,512.0,,2.5,SATA 6.0 Gb/s
SSD,Mushkin Vortex Redline,593.58,2000.0,1024.0,M.2-2280,M.2 PCIe 4.0 X4
SSD,Western Digital Blue SA510,1177.28,4000.0,,2.5,SATA 6.0 Gb/s
SSD,PNY CS900,303.27,1000.0,,2.5,SATA 6.0 Gb/s
SSD,Sabrent Rocket 4 Plus,2166.46,4000.0,,M.2-2280,M.2 PCIe 4.0 X4
SSD,Mushkin Helix-L,268.6,1000.0,,M.2-2280,M.2 PCIe 3.0 X4
SSD,Crucial T705 W/Heatsink Limited Edition,1503.51,2000.0,,M.2-2280,M.2 PCIe 5.0 X4
SSD,Samsung 860 Pro,4766.26,4000.0,4096.0,2.5,SATA 6.0 Gb/s
SSD,TEAMGROUP MP33 PRO,177.61,512.0,,M.2-2280,M.2 PCIe 3.0 X4
SSD,TEAMGROUP MS30,472.25,2000.0,,M.2-2280,M.2 SATA
SSD,Kingston KC3000,1637.83,4096.0,,M.2-2280,M.2 PCIe 4.0 X4
SSD,Crucial BX500,164.61,480.0,,2.5,SATA 6.0 Gb/s
SSD,Mushkin Tempest,298.89,1000.0,,M.2-2280,M.2 PCIe 3.0 X4
SSD,Seagate FireCuda 530,953.04,2000.0,,M.2-2280,M.2 PCIe 4.0 X4
SSD,Inland TN470,355.26,1000.0,,M.2-2280,M.2 PCIe 4.0 X4
SSD,TEAMGROUP Cardea A440,346.55,1000.0,,M.2-2280,M.2 PCIe 4.0 X4
SSD,Gigabyte Gen3 2500E,396.69,1000.0,,M.2-2280,M.2 PCIe 3.0 X4
SSD,Gigabyte AORUS Gen5 12000,1169.87,2000.0,,M.2-2280,M.2 PCIe 5.0 X4
SSD,Western Digital Green SN350,125.61,240.0,,M.2-2280,M.2 PCIe 3.0 X4
SSD,Samsung 960 Evo,377.23,250.0,512.0,M.2-2280,M.2 PCIe 3.0 X4
SSD,Corsair MP600 PRO LPX,433.26,1000.0,,M.2-2280,M.2 PCIe 4.0 X4
SSD,SanDisk SSD PLUS,129.95,240.0,,2.5,SATA 6.0 Gb/s
SSD,TEAMGROUP QX,857.89,4000.0,,2.5,SATA 6.0 Gb/s
SSD,Sabrent Rocket 5,823.23,1000.0,,M.2-2280,M.2 PCIe 5.0 X4
SSD,MSI SPATIUM M480 PRO,1234.9,4000.0,,M.2-2280,M.2 PCIe 4.0 X4
SSD,Western Digital Green,223.37,240.0,,2.5,SATA 6.0 Gb/s
SSD,Patriot P210,424.59,2000.0,,2.5,SATA 6.0 Gb/s
SSD,Corsair MP600 PRO NH,693.24,2000.0,,M.2-2280,M.2 PCIe 4.0 X4
SSD,Leven JS600,129.95,512.0,,2.5,SATA 6.0 Gb/s
SSD,Samsung 860 Evo,1104.92,2000.0,2048.0,2.5,SATA 6.0 Gb/s
SSD,Verbatim Vi5000,340.14,1000.0,,M.2-2280,M.2 PCIe 4.0 X4
SSD,Western Digital Black SN850,489.59,1000.0,,M.2-2280,M.2 PCIe 4.0 X4
SSD,TEAMGROUP AX2,238.27,1000.0,,2.5,SATA 6.0 Gb/s
SSD,Lexar NM710,151.61,500.0,,M.2-2280,M.2 PCIe 4.0 X4
SSD,Corsair MP600 ELITE,693.24,2000.0,,M.2-2280,M.2 PCIe 4.0 X4
SSD,Intel 670p,645.62,2000.0,,M.2-2280,M.2 PCIe 3.0 X4
SSD,Samsung 970 Pro,866.56,512.0,512.0,M.2-2280,M.2 PCIe 3.0 X4
SSD,Kingston NV1,212.27,500.0,,M.2-2280,M.2 PCIe 3.0 X4
SSD,Inland Performance Plus,3890.99,8000.0,,M.2-2280,M.2 PCIe 4.0 X4
SSD,Crucial T705 W/Heatsink,1364.85,2000.0,,M.2-2280,M.2 PCIe 5.0 X4
SSD,Corsair MP600 ELITE,389.93,1000.0,,M.2-2280,M.2 PCIe 4.0 X4
SSD,ADATA XPG SX8200 Pro,247.67,512.0,,M.2-2280,M.2 PCIe 3.0 X4
SSD,TEAMGROUP MP44,3683.01,8000.0,,M.2-2280,M.2 PCIe 4.0 X4
SSD,MSI SPATIUM M461,1159.94,4000.0,,M.2-2280,M.2 PCIe 4.0 X4
SSD,Western Digital Black SN750,324.89,500.0,,M.2-2280,M.2 PCIe 3.0 X4
SSD,Gigabyte AORUS Gen4 7000s,400.5,1000.0,1024.0,M.2-2280,M.2 PCIe 4.0 X4
SSD,Silicon Power XS70,649.91,2000.0,,M.2-2280,M.2 PCIe 4.0 X4
SSD,ADATA XPG SPECTRIX S40G RGB,356.26,1000.0,,M.2-2280,M.2 PCIe 3.0 X4
SSD,Crucial T500 W/Heatsink,697.57,2000.0,,M.2-2280,M.2 PCIe 4.0 X4
SSD,Samsung 980 Pro,563.25,250.0,512.0,M.2-2280,M.2 PCIe 4.0 X4
SSD,Western Digital Black SN850,363.97,500.0,,M.2-2280,M.2 PCIe 4.0 X4
SSD,TEAMGROUP EX2,463.59,2000.0,,2.5,SATA 6.0 Gb/s
SSD,Crucial T500,316.27,500.0,,M.2-2280,M.2 PCIe 4.0 X4
SSD,TEAMGROUP T-Force Cardea Z540,619.58,1000.0,,M.2-2280,M.2 PCIe 5.0 X4
SSD,Solidigm P41 Plus,207.51,500.0,,M.2-2280,M.2 PCIe 4.0 X4
SSD,FanXiang S880,563.25,2000.0,,M.2-2280,M.2 PCIe 4.0 X4
SSD,Western Digital Blue SN570,173.28,250.0,,M.2-2280,M.2 PCIe 3.0 X4
SSD,MSI SPATIUM M460,316.27,1000.0,,M.2-2280,M.2 PCIe 4.0 X4
SSD,Samsung 860 QVO,536.9,1000.0,,2.5,SATA 6.0 Gb/s
SSD,Crucial T500 W/Heatsink,389.93,1000.0,,M.2-2280,M.2 PCIe 4.0 X4
SSD,Silicon Power A55,259.94,1000.0,,M.2-2280,M.2 SATA
SSD,Mushkin Helix-L,463.59,2000.0,,M.2-2280,M.2 PCIe 3.0 X4
SSD,SK Hynix Gold P31,649.91,2000.0,,M.2-2280,M.2 PCIe 3.0 X4
SSD,Timetec 35TTFP6PCIE,259.94,1000.0,,M.2-2280,M.2 PCIe 3.0 X4
SSD,Intel 670p,224.88,512.0,,M.2-2280,M.2 PCIe 3.0 X4
SSD,TEAMGROUP T-Force Cardea Z540,1070.21,2000.0,,M.2-2280,M.2 PCIe 5.0 X4
SSD,Samsung 970 Pro,1702.83,1000.0,1024.0,M.2-2280,M.2 PCIe 3.0 X4
SSD,Corsair MP700 PRO w/Heatsink,1213.2,2000.0,,M.2-2280,M.2 PCIe 5.0 X4
SSD,TEAMGROUP QX,420.26,2000.0,,2.5,SATA 6.0 Gb/s
SSD,Samsung 970 Evo,1078.87,2000.0,2048.0,M.2-2280,M.2 PCIe 3.0 X4
SSD,Samsung 960 Pro,2989.55,2000.0,2048.0,M.2-2280,M.2 PCIe 3.0 X4
SSD,Intel Optane P1600X,307.56,118.0,,M.2-2280,M.2 PCIe 3.0 X4
SSD,Samsung 850 Evo,559.95,1000.0,,2.5,SATA 6.0 Gb/s
SSD,Samsung 850 Pro,911.14,1000.0,,2.5,SATA 6.0 Gb/s
SSD,Crucial P2,528.58,2000.0,,M.2-2280,M.2 PCIe 3.0 X4
SSD,Crucial P5 Plus W/Heatsink,407.26,1000.0,,M.2-2280,M.2 PCIe 4.0 X4
SSD,VisionTek 901414,6786.34,8000.0,,2.5,SATA 6.0 Gb/s
SSD,ADATA Ultimate SU650,69.28,120.0,,2.5,SATA 6.0 Gb/s
SSD,Western Digital Blue SA510,374.59,1000.0,,2.5,SATA 6.0 Gb/s
SSD,Mushkin Tempest,446.26,2000.0,,M.2-2280,M.2 PCIe 3.0 X4
SSD,Western Digital Black AN1500,1581.67,4000.0,,PCIe,PCIe x8
SSD,Samsung 860 Evo,1643.25,4000.0,4096.0,2.5,SATA 6.0 Gb/s
SSD,Silicon Power P34A60,121.28,256.0,,M.2-2280,M.2 PCIe 3.0 X4
SSD,Western Digital Black SN750,2801.2,4000.0,,M.2-2280,M.2 PCIe 3.0 X4
SSD,SanDisk SSD PLUS,541.58,2000.0,,2.5,SATA 6.0 Gb/s
SSD,TEAMGROUP T-Force Vulcan Z,90.95,256.0,,2.5,SATA 6.0 Gb/s
SSD,ADATA Legend 710,318.17,1000.0,,M.2-2280,M.2 PCIe 3.0 X4
SSD,Crucial T700 W/Heatsink,745.23,1000.0,,M.2-2280,M.2 PCIe 5.0 X4
SSD,ADATA Legend 960,709.75,2000.0,,M.2-2280,M.2 PCIe 4.0 X4
SSD,Silicon Power XS70,389.93,1000.0,,M.2-2280,M.2 PCIe 4.0 X4
SSD,Mushkin Gamma,3683.01,8000.0,,M.2-2280,M.2 PCIe 4.0 X4
SSD,Samsung 960 Evo,606.58,500.0,512.0,M.2-2280,M.2 PCIe 3.0 X4
SSD,Samsung 970 Evo,398.64,250.0,512.0,M.2-2280,M.2 PCIe 3.0 X4
SSD,Gigabyte GP-GSTFS31480GNTD,186.45,480.0,,2.5,SATA 6.0 Gb/s
SSD,Corsair MP600 PRO XT,450.59,1000.0,,M.2-2280,M.2 PCIe 4.0 X4
SSD,PNY CS1030,160.28,500.0,,M.2-2280,M.2 PCIe 3.0 X4
SSD,Silicon Power US75,337.89,1000.0,,M.2-2280,M.2 PCIe 4.0 X4
SSD,TEAMGROUP CX2,238.27,1000.0,,2.5,SATA 6.0 Gb/s
SSD,Corsair MP600 Force Series Gen4,904.08,1000.0,,M.2-2280,M.2 PCIe 3.0 X4
SSD,Intel P3700,8016.05,1600.0,,PCIe,PCIe x4
SSD,Patriot Burst Elite,77.91,240.0,,2.5,SATA 6.0 Gb/s
SSD,TEAMGROUP MS30,103.95,256.0,,M.2-2280,M.2 SATA
SSD,ADATA XPG SPECTRIX S40G RGB,240.13,512.0,,M.2-2280,M.2 PCIe 3.0 X4
SSD,HP FX900 Pro,368.26,1000.0,,M.2-2280,M.2 PCIe 4.0 X4
SSD,Western Digital Green,312.06,1000.0,,2.5,SATA 6.0 Gb/s
SSD,Gigabyte GP-GSM2NE3256GNTD,159.41,256.0,,M.2-2280,M.2 PCIe 3.0 X4
SSD,SanDisk SSD PLUS,189.7,480.0,,2.5,SATA 6.0 Gb/s
SSD,Western Digital PC SN730,194.98,512.0,,M.2-2280,M.2 PCIe 3.0 X4
SSD,Solidigm P44 Pro,294.38,512.0,,M.2-2280,M.2 PCIe 4.0 X4
SSD,Intel 660p,376.93,512.0,,M.2-2280,M.2 PCIe 3.0 X4
SSD,TEAMGROUP MP33 PRO,480.92,2000.0,,M.2-2280,M.2 PCIe 3.0 X4
SSD,AGI AI198,190.65,512.0,,M.2-2280,M.2 PCIe 3.0 X4
SSD,Lexar NM790 w/Heatsink,649.91,2000.0,,M.2-2280,M.2 PCIe 4.0 X4
SSD,SanDisk Ultra 3D,1083.21,4000.0,,2.5,SATA 6.0 Gb/s
SSD,ADATA LEGEND 850 LITE,489.59,2000.0,,M.2-2280,M.2 PCIe 4.0 X4
SSD,Seagate BarraCuda Q5,532.96,2000.0,,M.2-2280,M.2 PCIe 3.0 X4
SSD,Western Digital Black SN850,1018.21,2000.0,,M.2-2280,M.2 PCIe 4.0 X4
SSD,ADATA LEGEND 840,194.94,512.0,,M.2-2280,M.2 PCIe 4.0 X4
SSD,ADATA XPG GAMMIX S60 Blade,316.27,1000.0,,M.2-2280,M.2 PCIe 4.0 X4
SSD,TEAMGROUP T-Create Classic DL,298.89,1000.0,,M.2-2280,M.2 PCIe 4.0 X4
SSD,Seagate FireCuda 520,258.03,500.0,,M.2-2280,M.2 PCIe 4.0 X4
SSD,Crucial T705 W/Heatsink,844.89,1000.0,,M.2-2280,M.2 PCIe 5.0 X4
SSD,Corsair MP600 PRO LPX,714.9,2000.0,,M.2-2280,M.2 PCIe 4.0 X4
SSD,Samsung 850 Pro,672.7,256.0,,2.5,SATA 6.0 Gb/s
SSD,TEAMGROUP GX2,268.6,1000.0,,2.5,SATA 6.0 Gb/s
SSD,Crucial P5,519.92,1000.0,,M.2-2280,M.2 PCIe 3.0 X4
SSD,ADATA LEGEND 850 LITE,298.89,1000.0,,M.2-2280,M.2 PCIe 4.0 X4
SSD,Corsair MP600 GS,363.93,1000.0,,M.2-2280,M.2 PCIe 4.0 X4
SSD,PNY CS2241,563.25,2000.0,,M.2-2280,M.2 PCIe 4.0 X4
SSD,Intel 660p,324.76,1000.0,,M.2-2280,M.2 PCIe 3.0 X4
SSD,ADATA SU630,245.94,480.0,,2.5,SATA 6.0 Gb/s
SSD,Kingston SSDNow V300,194.94,120.0,,2.5,SATA 6.0 Gb/s
SSD,Lexar NS100,363.93,512.0,,2.5,SATA 6.0 Gb/s
SSD,Western Digital WD_BLACK SN850P for PS5,548.04,1000.0,,M.2-2280,M.2 PCIe 4.0 X4
SSD,Transcend 110S,108.28,128.0,,M.2-2280,M.2 PCIe 3.0 X4
SSD,Gigabyte AORUS Gen4,732.28,1000.0,2048.0,M.2-2280,M.2 PCIe 4.0 X4
SSD,Intel DC P3600,8016.05,800.0,,PCIe,PCIe x4
SSD,Seagate FireCuda 530,3583.39,4000.0,,M.2-2280,M.2 PCIe 4.0 X4
SSD,Silicon Power A55,151.61,512.0,,M.2-2280,M.2 SATA
SSD,Western Digital Blue,799.18,2000.0,,2.5,SATA 6.0 Gb/s
SSD,ADATA LEGEND 960 MAX,389.93,1000.0,,M.2-2280,M.2 PCIe 4.0 X4
SSD,Verbatim Vi3000,499.46,2000.0,,M.2-2280,M.2 PCIe 3.0 X4
SSD,Corsair MP600 GS,862.22,2000.0,,M.2-2280,M.2 PCIe 4.0 X4
SSD,Inland TN450,203.61,500.0,,M.2-2280,M.2 PCIe 4.0 X4
SSD,Patriot Viper VP4300 Lite,996.55,4000.0,,M.2-2280,M.2 PCIe 4.0 X4
SSD,Verbatim Vi550,181.9,512.0,,2.5,SATA 6.0 Gb/s
SSD,ADATA XPG SX6000 Pro,135.06,256.0,,M.2-2280,M.2 PCIe 3.0 X4
SSD,Gigabyte AORUS Gen5 12000,693.19,1000.0,,M.2-2280,M.2 PCIe 5.0 X4
SSD,Crucial P1,321.6,500.0,,M.2-2280,M.2 PCIe 3.0 X4
SSD,KIOXIA EXCERIA,387.8,500.0,,M.2-2280,M.2 PCIe 3.0 X4
SSD,PNY CS2241,294.6,1000.0,,M.2-2280,M.2 PCIe 4.0 X4
SSD,Patriot P400 Lite,387.07,1000.0,,M.2-2280,M.2 PCIe 4.0 X4
SSD,Verbatim Vi5000,582.53,2000.0,,M.2-2280,M.2 PCIe 4.0 X4
SSD,Kingston Fury Renegade,340.05,500.0,,M.2-2280,M.2 PCIe 4.0 X4
SSD,KingSpec XG7000 PRO,389.93,1000.0,,M.2-2280,M.2 PCIe 4.0 X4
SSD,Western Digital Blue,216.61,250.0,,2.5,SATA 6.0 Gb/s
SSD,Western Digital Blue,377.84,1000.0,,M.2-2280,M.2 SATA
SSD,Western Digital Black AN1500,888.74,2000.0,,PCIe,PCIe x8
SSD,Western Digital Blue SN570,905.6,2000.0,,M.2-2280,M.2 PCIe 3.0 X4
SSD,Kingston Fury Renegade with Heat Sink,1761.06,4000.0,,M.2-2280,M.2 PCIe 4.0 X4
SSD,Samsung 840 Evo,411.64,250.0,,2.5,SATA 6.0 Gb/s
SSD,Silicon Power A55,108.28,256.0,,2.5,SATA 6.0 Gb/s
SSD,Seagate FireCuda 540,849.22,1000.0,,M.2-2280,M.2 PCIe 5.0 X4
SSD,Corsair MP600 PRO NH,281.56,500.0,,M.2-2280,M.2 PCIe 4.0 X4
SSD,PNY CS900,128.69,250.0,,2.5,SATA 6.0 Gb/s
SSD,Inland Professional,90.95,120.0,,2.5,SATA 6.0 Gb/s
SSD,ADATA XPG GAMMIX S11 Pro,412.02,1000.0,,M.2-2280,M.2 PCIe 3.0 X4
SSD,ADATA LEGEND 700,441.58,1000.0,,M.2-2280,M.2 PCIe 3.0 X4
SSD,Inland Performance Plus,1221.86,4000.0,,M.2-2280,M.2 PCIe 4.0 X4
SSD,Western Digital Blue SN550,173.28,250.0,,M.2-2280,M.2 PCIe 3.0 X4
SSD,Western Digital WD_BLACK SN850P for PS5,866.56,2000.0,,M.2-2280,M.2 PCIe 4.0 X4
SSD,Western Digital Blue SA510,246.94,500.0,,2.5,SATA 6.0 Gb/s
SSD,SK Hynix Gold P31,272.94,500.0,,M.2-2280,M.2 PCIe 3.0 X4
SSD,KIOXIA EXCERIA PRO,1123.68,2000.0,,M.2-2280,M.2 PCIe 4.0 X4
SSD,GOODRAM PX700,588.59,1024.0,,M.2-2280,M.2 PCIe 4.0 X4
SSD,Silicon Power XS70,1299.86,4000.0,,M.2-2280,M.2 PCIe 4.0 X4
SSD,ADATA XPG GAMMIX S70 Blade,1213.2,4000.0,,M.2-2280,M.2 PCIe 4.0 X4
SSD,Verbatim Vi3000,307.6,1000.0,,M.2-2280,M.2 PCIe 3.0 X4
SSD,Western Digital Blue SN580,203.61,250.0,,M.2-2280,M.2 PCIe 4.0 X4
SSD,Samsung 960 Pro,770.02,512.0,512.0,M.2-2280,M.2 PCIe 3.0 X4
SSD,Silicon Power US75,576.25,2000.0,,M.2-2280,M.2 PCIe 4.0 X4
SSD,Kingston KC600,255.13,512.0,,2.5,SATA 6.0 Gb/s
SSD,Western Digital SN530,259.94,512.0,,M.2-2280,M.2 PCIe 3.0 X4
SSD,Corsair MP600 PRO LPX,1733.16,4000.0,,M.2-2280,M.2 PCIe 4.0 X4
SSD,Addlink S70,294.12,1000.0,,M.2-2280,M.2 PCIe 3.0 X4
SSD,Intel SSDPEDMD020T401,7372.21,2000.0,,PCIe,PCIe x4
SSD,Corsair MP600,472.25,1000.0,,M.2-2280,M.2 PCIe 4.0 X4
SSD,Inland TN320,186.28,512.0,,M.2-2280,M.2 PCIe 3.0 X4
SSD,Western Digital Blue,2036.42,4000.0,,2.5,SATA 6.0 Gb/s
SSD,PNY CS900,541.58,2000.0,,2.5,SATA 6.0 Gb/s
SSD,Fantom Drives VENOM8,3466.18,8000.0,,M.2-2280,M.2 PCIe 4.0 X4
SSD,ADATA Ultimate SU650,41.16,120.0,,M.2-2280,M.2 SATA
SSD,Corsair MP600 MICRO,411.59,1000.0,,M.2-2242,M.2 PCIe 4.0 X4
SSD,Western Digital Black SN750,190.65,250.0,,M.2-2280,M.2 PCIe 3.0 X4
SSD,ADATA Legend 800,220.07,500.0,,M.2-2280,M.2 PCIe 4.0 X4
SSD,Samsung PM893,5004.62,7680.0,,2.5,SATA 6.0 Gb/s
SSD,Gigabyte AORUS Gen4 5000E,385.55,1000.0,,M.2-2280,M.2 PCIe 4.0 X4
SSD,Kingston Fury Renegade with Heat Sink,909.89,2000.0,,M.2-2280,M.2 PCIe 4.0 X4
SSD,Klevv CRAS C710,173.28,512.0,,M.2-2280,M.2 PCIe 3.0 X4
SSD,TEAMGROUP T-Force Vulcan Z,450.59,2000.0,,2.5,SATA 6.0 Gb/s
SSD,Corsair MP700 PRO w/Heatsink,736.57,1000.0,,M.2-2280,M.2 PCIe 5.0 X4
SSD,PNY CS1031,640.63,2000.0,,M.2-2280,M.2 PCIe 3.0 X4
SSD,TEAMGROUP CX2,142.95,512.0,,2.5,SATA 6.0 Gb/s
SSD,Timetec 35TTFP6PCIE,164.61,512.0,,M.2-2280,M.2 PCIe 3.0 X4
SSD,Intenso Top Performance,248.28,512.0,,M.2-2280,M.2 SATA
SSD,Western Digital Green,181.99,480.0,,2.5,SATA 6.0 Gb/s
SSD,Patriot P400 Lite,129.95,250.0,,M.2-2280,M.2 PCIe 4.0 X4
SSD,Western Digital Black SN750 SE,303.22,500.0,,M.2-2280,M.2 PCIe 4.0 X4
SSD,Corsair MP600 PRO NH,433.26,1000.0,,M.2-2280,M.2 PCIe 4.0 X4
SSD,Lexar Professional NM800PRO,346.6,1000.0,,M.2-2280,M.2 PCIe 4.0 X4
SSD,Acer FA100,498.25,2000.0,,M.2-2280,M.2 PCIe 3.0 X4
SSD,KingSpec XG7000,1165.53,4000.0,,M.2-2280,M.2 PCIe 4.0 X4
SSD,ADATA Legend 960,423.25,1000.0,,M.2-2280,M.2 PCIe 4.0 X4
SSD,Samsung PM961,407.26,512.0,,M.2-2280,M.2 PCIe 3.0 X4
SSD,Western Digital Blue,371.08,500.0,,M.2-2280,M.2 SATA
SSD,Seagate FireCuda 530 w/Heatsink,2467.95,4000.0,,M.2-2280,M.2 PCIe 4.0 X4
SSD,Kingston A400,177.61,240.0,,M.2-2280,M.2 SATA
SSD,Corsair MP700 PRO SE,2513.1,4000.0,,M.2-2280,M.2 PCIe 5.0 X4
SSD,KingSpec VP101,597.91,1000.0,,M.2-2280,M.2 PCIe 5.0 X4
SSD,SK Hynix Platinum P41,359.6,500.0,,M.2-2280,M.2 PCIe 4.0 X4
SSD,SanDisk SSD PLUS,277.96,120.0,,2.5,SATA 6.0 Gb/s
SSD,Intenso High Performance,80.85,120.0,,2.5,SATA 6.0 Gb/s
SSD,Samsung 960 Evo,857.89,1000.0,1024.0,M.2-2280,M.2 PCIe 3.0 X4
SSD,SanDisk Ultra 3D,551.89,500.0,,2.5,SATA 6.0 Gb/s
SSD,PNY CS2230,455.05,1000.0,,M.2-2280,M.2 PCIe 3.0 X4
SSD,Silicon Power A55,131.55,128.0,,2.5,SATA 6.0 Gb/s
SSD,Patriot Burst Elite,125.61,480.0,,2.5,SATA 6.0 Gb/s
SSD,Lexar NS100,173.28,256.0,,2.5,SATA 6.0 Gb/s
SSD,Seagate FireCuda 520,736.61,1000.0,,M.2-2280,M.2 PCIe 4.0 X4
SSD,Leven JM600,90.95,256.0,,M.2-2280,M.2 SATA
SSD,KingSpec XG7000 PRO,649.91,2000.0,,M.2-2280,M.2 PCIe 4.0 X4
SSD,Corsair MP600 PRO LPX,446.26,1000.0,,M.2-2280,M.2 PCIe 4.0 X4
SSD,Western Digital Black SN750,1772.2,2000.0,,M.2-2280,M.2 PCIe 3.0 X4
SSD,Western Digital Green,226.36,240.0,,M.2-2280,M.2 SATA
SSD,Patriot P400 Lite,476.59,2000.0,,M.2-2280,M.2 PCIe 4.0 X4
SSD,PNY CS2140,233.98,500.0,,M.2-2280,M.2 PCIe 4.0 X4
SSD,ADATA SU800,242.6,512.0,,2.5,SATA 6.0 Gb/s
SSD,Intel DC P4511,607.44,1000.0,,M.2-22110,M.2 PCIe 3.0 X4
SSD,Kingston Fury Renegade with Heat Sink,541.58,1000.0,,M.2-2280,M.2 PCIe 4.0 X4
SSD,Sabrent Rocket 4 Plus G,2166.46,4000.0,,M.2-2280,M.2 PCIe 4.0 X4
SSD,Corsair MP600 PRO NH,1863.15,4000.0,,M.2-2280,M.2 PCIe 4.0 X4
SSD,Kingston Q500,298.89,960.0,,2.5,SATA 6.0 Gb/s
SSD,Inland Professional,281.56,1000.0,,2.5,SATA 6.0 Gb/s
SSD,ADATA Ultimate SU650,108.28,240.0,,2.5,SATA 6.0 Gb/s
SSD,Intel 660p,710.61,2048.0,,M.2-2280,M.2 PCIe 3.0 X4
SSD,PNY CS2140,508.26,1000.0,,M.2-2280,M.2 PCIe 4.0 X4
SSD,ADATA LEGEND 970,1256.53,2000.0,,M.2-2280,M.2 PCIe 5.0 X4
SSD,Gigabyte Gen3 2500E,246.03,500.0,,M.2-2280,M.2 PCIe 3.0 X4
SSD,Corsair MP510,729.94,960.0,,M.2-2280,M.2 PCIe 3.0 X4
SSD,ADATA SU800,454.92,1000.0,,2.5,SATA 6.0 Gb/s
SSD,Samsung 850 Pro,823.27,512.0,,2.5,SATA 6.0 Gb/s
SSD,TEAMGROUP T-Create Classic,485.25,2000.0,,M.2-2280,M.2 PCIe 3.0 X4
SSD,Corsair MP600 GS,255.6,500.0,,M.2-2280,M.2 PCIe 4.0 X4
SSD,Kingston KC600,427.97,1024.0,,2.5,SATA 6.0 Gb/s
SSD,Acer FA100,316.22,1000.0,,M.2-2280,M.2 PCIe 3.0 X4
SSD,Western Digital Blue,684.01,2000.0,,M.2-2280,M.2 SATA
SSD,Verbatim Vi550,85.66,128.0,,2.5,SATA 6.0 Gb/s
SSD,Corsair MP600 PRO LPX,303.22,500.0,,M.2-2280,M.2 PCIe 4.0 X4
SSD,Intel DC P3700,5199.6,800.0,,PCIe,PCIe x4
SSD,Transcend TS32GSSD370S,147.28,32.0,,2.5,SATA 6.0 Gb/s
SSD,Seagate FireCuda 530 w/Heatsink,973.84,2000.0,,M.2-2280,M.2 PCIe 4.0 X4
SSD,TEAMGROUP AX2,446.26,2000.0,,2.5,SATA 6.0 Gb/s
SSD,Inland Professional,112.61,240.0,,2.5,SATA 6.0 Gb/s
SSD,TEAMGROUP T-Force GE Pro,1126.54,2000.0,,M.2-2280,M.2 PCIe 5.0 X4
SSD,TEAMGROUP T-Force Delta Max RGB Lite,346.55,1000.0,,2.5,SATA 6.0 Gb/s
SSD,Intel 710,3925.48,200.0,,2.5,SATA 3.0 Gb/s
SSD,Crucial P2,216.61,250.0,,M.2-2280,M.2 PCIe 3.0 X4
SSD,Patriot Burst Elite,402.93,1920.0,,2.5,SATA 6.0 Gb/s
SSD,Sabrent Rocket 4,433.26,1000.0,,M.2-2280,M.2 PCIe 4.0 X4
SSD,MSI SPATIUM M470,649.91,1000.0,,M.2-2280,M.2 PCIe 4.0 X4
SSD,Lexar NM620,324.89,1000.0,,M.2-2280,M.2 PCIe 3.0 X4
SSD,Western Digital Red SN700,1429.85,4000.0,,M.2-2280,M.2 PCIe 3.0 X4
SSD,Corsair MP600 PRO LPX,1473.18,4000.0,,M.2-2280,M.2 PCIe 4.0 X4
SSD,FanXiang S880,1169.87,4000.0,,M.2-2280,M.2 PCIe 4.0 X4
SSD,Western Digital Black SN750 SE,194.98,250.0,,M.2-2280,M.2 PCIe 4.0 X4
SSD,Acer Predator GM7,1347.52,2000.0,,M.2-2280,M.2 PCIe 4.0 X4
SSD,ADATA LEGEND 960 MAX,649.91,2000.0,,M.2-2280,M.2 PCIe 4.0 X4
SSD,PNY CS1030,146.07,250.0,,M.2-2280,M.2 PCIe 3.0 X4
SSD,TEAMGROUP MS30,216.91,128.0,,M.2-2280,M.2 SATA
SSD,Kingston KC600,736.0,2048.0,,2.5,SATA 6.0 Gb/s
SSD,TEAMGROUP T-Create Classic C47,1083.21,4000.0,,M.2-2280,M.2 PCIe 4.0 X4
SSD,Seagate FireCuda 520,1747.33,2000.0,,M.2-2280,M.2 PCIe 4.0 X4
SSD,Silicon Power SU128GBSS3A55S25AE,82.28,128.0,,2.5,SATA 6.0 Gb/s
SSD,Sabrent Rocket 4,866.56,2000.0,,M.2-2280,M.2 PCIe 4.0 X4
SSD,TEAMGROUP Z440 Lite,316.22,1000.0,,M.2-2280,M.2 PCIe 4.0 X4
SSD,Inland Professional,112.61,256.0,,2.5,SATA 6.0 Gb/s
SSD,Western Digital Black AN1500,1581.67,1000.0,,PCIe,PCIe x8
SSD,Samsung 860 QVO,863.57,2000.0,,2.5,SATA 6.0 Gb/s
SSD,ADATA XPG SX6000 Pro,221.72,512.0,,M.2-2280,M.2 PCIe 3.0 X4
SSD,KingSpec XG7000,519.92,2000.0,,M.2-2242,M.2 PCIe 4.0 X4
SSD,TEAMGROUP QX,142.95,512.0,,2.5,SATA 6.0 Gb/s
SSD,Corsair MP600 PRO,697.57,2000.0,,M.2-2280,M.2 PCIe 4.0 X4
SSD,Gigabyte GP-GSTFS31240GNTD,141.17,240.0,,2.5,SATA 6.0 Gb/s
SSD,ADATA XPG GAMMIX S60 Blade,576.25,2000.0,,M.2-2280,M.2 PCIe 4.0 X4
SSD,TEAMGROUP QX,242.6,1000.0,,2.5,SATA 6.0 Gb/s
SSD,ADATA Legend 850,303.27,1000.0,,M.2-2280,M.2 PCIe 4.0 X4
SSD,TEAMGROUP AX2,142.95,512.0,,2.5,SATA 6.0 Gb/s
SSD,Western Digital WD_BLACK SN850P for PS5,1507.84,4000.0,,M.2-2280,M.2 PCIe 4.0 X4
SSD,Lexar Professional NM800PRO,693.24,2000.0,,M.2-2280,M.2 PCIe 4.0 X4
SSD,ADATA XPG GAMMIX S70 Blade,286.67,512.0,,M.2-2280,M.2 PCIe 4.0 X4
SSD,Kingston A400,177.61,120.0,,M.2-2280,M.2 SATA
SSD,Samsung 860 Evo,923.49,1000.0,1024.0,M.2-2280,M.2 SATA
SSD,Intenso 3812430,80.85,128.0,,2.5,SATA 6.0 Gb/s
SSD,Samsung 860 Evo,714.94,500.0,512.0,M.2-2280,M.2 SATA
SSD,FanXiang S660,541.58,2000.0,,M.2-2280,M.2 PCIe 4.0 X4
SSD,Western Digital Red SA500,389.93,1000.0,,2.5,SATA 6.0 Gb/s
SSD,Nextorage NEM-PA,389.93,1000.0,,M.2-2280,M.2 PCIe 4.0 X4
SSD,Kingston NV1,168.47,250.0,,M.2-2280,M.2 PCIe 3.0 X4
SSD,TEAMGROUP T-Create Classic C47,563.25,2000.0,,M.2-2280,M.2 PCIe 4.0 X4
SSD,PNY CS3140,1299.86,4000.0,,M.2-2280,M.2 PCIe 4.0 X4
SSD,Inland Professional,173.28,512.0,,2.5,SATA 6.0 Gb/s
SSD,Corsair MP600 ELITE w/Heatsink,801.56,2000.0,,M.2-2280,M.2 PCIe 4.0 X4
SSD,Sabrent Rocket 4 Plus G,519.92,1000.0,,M.2-2280,M.2 PCIe 4.0 X4
SSD,Intenso Top Performance,79.38,128.0,,M.2-2280,M.2 SATA
SSD,TEAMGROUP T-FORCE G70 PRO Graphene,606.58,2000.0,,M.2-2280,M.2 PCIe 4.0 X4
SSD,PNY CS1031,225.32,500.0,,M.2-2280,M.2 PCIe 3.0 X4
SSD,TEAMGROUP T-Create Classic C47,324.89,1000.0,,M.2-2280,M.2 PCIe 4.0 X4
SSD,Silicon Power P34A60,103.95,128.0,,M.2-2280,M.2 PCIe 3.0 X4
SSD,Inland TN320,294.56,1000.0,,M.2-2280,M.2 PCIe 3.0 X4
SSD,Mushkin Vortex-LX,554.58,2000.0,,M.2-2280,M.2 PCIe 4.0 X4
SSD,PNY CS2230,267.65,500.0,,M.2-2280,M.2 PCIe 3.0 X4
SSD,Seagate FireCuda 530 w/Heatsink,563.25,1000.0,,M.2-2280,M.2 PCIe 4.0 X4
SSD,ADATA SU800,179.73,256.0,,2.5,SATA 6.0 Gb/s
SSD,TEAMGROUP T-Force Cardea Z44L,155.94,250.0,,M.2-2280,M.2 PCIe 4.0 X4
SSD,HP FX900,207.94,512.0,,M.2-2280,M.2 PCIe 4.0 X4
SSD,Patriot Viper VPR400 RGB,333.55,1000.0,,M.2-2280,M.2 PCIe 4.0 X4
SSD,Crucial MX500,384.21,500.0,,M.2-2280,M.2 SATA
SSD,Western Digital Green,111.27,240.0,,2.5,SATA 6.0 Gb/s
SSD,Silicon Power A55,82.24,128.0,,M.2-2280,M.2 SATA
SSD,Transcend 250S,304.39,1000.0,,M.2-2280,M.2 PCIe 4.0 X4
SSD,Corsair MP600 ELITE w/Heatsink,402.93,1000.0,,M.2-2280,M.2 PCIe 4.0 X4
SSD,Corsair MP600 ELITE PS5,368.26,1000.0,,M.2-2280,M.2 PCIe 4.0 X4
SSD,MSI SPATIUM M480,428.97,1000.0,,M.2-2280,M.2 PCIe 4.0 X4
SSD,Gigabyte GP-GSTFS31256GTND,136.14,256.0,,2.5,SATA 6.0 Gb/s
SSD,Samsung 840 Evo,693.24,500.0,,2.5,SATA 6.0 Gb/s
SSD,ADATA LEGEND 970,736.57,1000.0,,M.2-2280,M.2 PCIe 5.0 X4
SSD,HP EX900 Plus,311.89,1000.0,,M.2-2280,M.2 PCIe 3.0 X4
SSD,Verbatim Vi7000G,563.25,2000.0,,M.2-2280,M.2 PCIe 4.0 X4
SSD,HP FX900 Pro,1191.53,4000.0,,M.2-2280,M.2 PCIe 4.0 X4
SSD,ADATA SU630,414.62,960.0,,2.5,SATA 6.0 Gb/s
SSD,Transcend 250S,955.82,2000.0,,M.2-2280,M.2 PCIe 4.0 X4
SSD,Leven JS600,424.59,2000.0,,2.5,SATA 6.0 Gb/s
SSD,TEAMGROUP T-FORCE G50,298.93,1000.0,,M.2-2280,M.2 PCIe 4.0 X4
SSD,TEAMGROUP EX2,147.28,512.0,,2.5,SATA 6.0 Gb/s
SSD,Addlink S70,183.89,512.0,,M.2-2280,M.2 PCIe 3.0 X4
SSD,Seagate BarraCuda 120,1011.11,1000.0,,2.5,SATA 6.0 Gb/s
SSD,Mushkin Vortex Redline,1243.48,4000.0,,M.2-2280,M.2 PCIe 4.0 X4
SSD,GOODRAM PX700,1253.67,2048.0,,M.2-2280,M.2 PCIe 4.0 X4
SSD,TEAMGROUP AX2,93.55,256.0,,2.5,SATA 6.0 Gb/s
SSD,Nextorage NEM-PA,628.24,2000.0,,M.2-2280,M.2 PCIe 4.0 X4
SSD,Gigabyte AORUS Gen4 7000s,1117.48,2000.0,2048.0,M.2-2280,M.2 PCIe 4.0 X4
SSD,ADATA XPG GAMMIX S11 Pro,759.31,512.0,,M.2-2280,M.2 PCIe 3.0 X4
SSD,Kingston SSDNow V300,258.98,240.0,,2.5,SATA 6.0 Gb/s
SSD,Western Digital WD_BLACK SN770M,929.21,2000.0,,M.2-2230,M.2 PCIe 4.0 X4
SSD,Western Digital Red SA500,2762.29,4000.0,,2.5,SATA 6.0 Gb/s
SSD,Samsung PM961,320.64,128.0,,M.2-2280,M.2 PCIe 3.0 X4
SSD,Intel D3-S4510,6911.14,7680.0,,2.5,SATA 6.0 Gb/s
SSD,Western Digital Blue SN500,381.3,500.0,,M.2-2280,M.2 PCIe 3.0 X2
SSD,Gigabyte GP-GSTFS31100TNTD,383.69,1000.0,,2.5,SATA 6.0 Gb/s
SSD,Western Digital Black,666.76,512.0,,M.2-2280,M.2 PCIe 3.0 X4
SSD,Kingston SSDNow V200,281.56,128.0,,2.5,SATA 6.0 Gb/s
SSD,TEAMGROUP T-Force Delta Max White RGB Lite,346.6,1000.0,,2.5,SATA 6.0 Gb/s
SSD,Intenso Top Performance,161.49,256.0,,M.2-2280,M.2 SATA
SSD,Inland TN320,129.95,256.0,,M.2-2280,M.2 PCIe 3.0 X4
SSD,ADATA LEGEND 900,346.55,1000.0,,M.2-2280,M.2 PCIe 4.0 X4
SSD,Apacer AS2280P4,572.65,1000.0,,M.2-2280,M.2 PCIe 3.0 X4
SSD,Intenso High Performance,116.43,240.0,,2.5,SATA 6.0 Gb/s
SSD,Samsung 860 Pro,2599.76,2000.0,2048.0,2.5,SATA 6.0 Gb/s
SSD,Kingston Q500,164.61,480.0,,2.5,SATA 6.0 Gb/s
SSD,Western Digital Green,203.65,120.0,,M.2-2280,M.2 SATA
SSD,Corsair MP600 CORE,4679.64,4000.0,,M.2-2280,M.2 PCIe 4.0 X4
SSD,Intenso 3812450,185.84,512.0,,2.5,SATA 6.0 Gb/s
SSD,Samsung 960 Pro,1559.84,1000.0,1024.0,M.2-2280,M.2 PCIe 3.0 X4
SSD,Western Digital Blue SN550,303.27,500.0,,M.2-2280,M.2 PCIe 3.0 X4
SSD,Patriot Viper VPR400 RGB,216.61,512.0,,M.2-2280,M.2 PCIe 4.0 X4
SSD,KIOXIA EXCERIA,216.43,480.0,,2.5,SATA 6.0 Gb/s
SSD,Western Digital Blue SA510,194.94,250.0,,2.5,SATA 6.0 Gb/s
SSD,Crucial MX300,602.29,1050.0,,2.5,SATA 6.0 Gb/s
SSD,Intel 660p,303.31,512.0,,M.2-2280,M.2 PCIe 3.0 X4
SSD,Verbatim Vi5000,253.22,512.0,,M.2-2280,M.2 PCIe 4.0 X4
SSD,TEAMGROUP CX2,93.55,256.0,,2.5,SATA 6.0 Gb/s
SSD,Addlink A95,4070.59,8000.0,,M.2-2280,M.2 PCIe 4.0 X4
SSD,Western Digital Red SN700,649.73,1000.0,,M.2-2280,M.2 PCIe 3.0 X4
SSD,ADATA Legend 960,1174.2,4000.0,,M.2-2280,M.2 PCIe 4.0 X4
SSD,Corsair MP600 ELITE PS5,693.24,2000.0,,M.2-2280,M.2 PCIe 4.0 X4
SSD,PNY CS3140,389.93,1000.0,,M.2-2280,M.2 PCIe 4.0 X4
SSD,ADATA XPG SX8200 Pro,259.5,256.0,,M.2-2280,M.2 PCIe 3.0 X4
SSD,ADATA Premium For PS5,584.91,2000.0,,M.2-2280,M.2 PCIe 4.0 X4
SSD,Seagate FireCuda 530 w/Heatsink,329.26,500.0,,M.2-2280,M.2 PCIe 4.0 X4
SSD,HP EX920,485.25,1000.0,1024.0,M.2-2280,M.2 PCIe 3.0 X4
SSD,Corsair MP400,4499.78,4000.0,,M.2-2280,M.2 PCIe 3.0 X4
SSD,TEAMGROUP A440 Lite,580.58,2000.0,,M.2-2280,M.2 PCIe 4.0 X4
SSD,TEAMGROUP EX2,251.27,1000.0,,2.5,SATA 6.0 Gb/s
SSD,Corsair MP600 PRO,428.92,1000.0,,M.2-2280,M.2 PCIe 4.0 X4
SSD,Western Digital Black SN850,454.92,500.0,,M.2-2280,M.2 PCIe 4.0 X4
SSD,Western Digital Blue SA510,389.93,1000.0,,M.2-2280,M.2 SATA
SSD,ADATA LEGEND 850 LITE,203.61,500.0,,M.2-2280,M.2 PCIe 4.0 X4
SSD,ADATA Ultimate SU750,346.64,1000.0,,2.5,SATA 6.0 Gb/s
SSD,Klevv CRAS C910,199.27,500.0,,M.2-2280,M.2 PCIe 4.0 X4
SSD,Western Digital PC SN730,214.48,256.0,,M.2-2280,M.2 PCIe 3.0 X4
SSD,Samsung 850 Evo,1191.58,2000.0,,2.5,SATA 6.0 Gb/s
SSD,Nextorage G-Series,3709.0,2000.0,,M.2-2280,M.2 PCIe 4.0 X4
SSD,Silicon Power Silm S55,76.22,120.0,,2.5,SATA 6.0 Gb/s
SSD,Transcend 110S,151.61,256.0,,M.2-2280,M.2 PCIe 3.0 X4
SSD,Western Digital WD_BLACK SN770M,476.59,1000.0,,M.2-2230,M.2 PCIe 4.0 X4
SSD,Transcend MTE240S,563.25,1000.0,,M.2-2280,M.2 PCIe 4.0 X4
SSD,Lexar NS100,86.62,128.0,,2.5,SATA 6.0 Gb/s
SSD,Addlink S93,539.2,2000.0,,M.2-2280,M.2 PCIe 4.0 X4
SSD,FanXiang S500 Pro,476.59,2000.0,,M.2-2280,M.2 PCIe 3.0 X4
SSD,Seagate Lightsaber Collection FireCuda,663.73,1000.0,,M.2-2280,M.2 PCIe 4.0 X4
SSD,KingSpec NXM,77.95,128.0,,M.2-2242,M.2 PCIe 3.0 X4
SSD,HP EX900 Plus,498.25,2000.0,,M.2-2280,M.2 PCIe 3.0 X4
SSD,Corsair MP600 CORE,2027.84,2000.0,,M.2-2280,M.2 PCIe 4.0 X4
SSD,Inland TD510,1039.88,2000.0,,M.2-2280,M.2 PCIe 5.0 X4
SSD,ADATA Ultimate SU650,168.94,480.0,,2.5,SATA 6.0 Gb/s
SSD,ADATA Ultimate SU650,319.47,960.0,,2.5,SATA 6.0 Gb/s
SSD,PNY XLR8 CS3030,736.57,1000.0,,M.2-2280,M.2 PCIe 3.0 X4
SSD,Micron 5400 Pro eSSC,6716.15,7680.0,,2.5,SATA 6.0 Gb/s
SSD,Samsung 850 Pro,1386.56,2000.0,,2.5,SATA 6.0 Gb/s
SSD,Mushkin Vortex-LX,298.89,1000.0,,M.2-2280,M.2 PCIe 4.0 X4
SSD,PNY CS3140,641.24,2000.0,,M.2-2280,M.2 PCIe 4.0 X4
SSD,Western Digital WDS100T1XHE w/Heatsink,433.26,1000.0,,M.2-2280,M.2 PCIe 4.0 X4
SSD,Lexar NQ100,108.28,240.0,,2.5,SATA 6.0 Gb/s
SSD,Inland Platinum,285.89,1024.0,,2.5,SATA 6.0 Gb/s
SSD,Crucial MX300,693.24,275.0,,2.5,SATA 6.0 Gb/s
SSD,Inland TN450,511.25,2000.0,,M.2-2280,M.2 PCIe 4.0 X4
SSD,ADATA Legend 850,558.91,2000.0,,M.2-2280,M.2 PCIe 4.0 X4
SSD,Seagate FireCuda 530,380.22,500.0,,M.2-2280,M.2 PCIe 4.0 X4
SSD,Western Digital Black SN750,1182.52,2000.0,,M.2-2280,M.2 PCIe 3.0 X4
SSD,Samsung 860 Pro,1169.91,512.0,512.0,2.5,SATA 6.0 Gb/s
SSD,Lexar NM610,541.58,1000.0,,M.2-2280,M.2 PCIe 3.0 X4
SSD,Corsair MP600 PRO,1620.5,4000.0,,M.2-2280,M.2 PCIe 4.0 X4
SSD,Micron 3400,649.91,1000.0,,M.2-2280,M.2 PCIe 4.0 X4
SSD,Samsung 750 Evo,649.91,500.0,512.0,2.5,SATA 6.0 Gb/s
SSD,HP EX900,155.94,250.0,,M.2-2280,M.2 PCIe 3.0 X4
SSD,Western Digital WD Blue,259.94,500.0,,2.5,SATA 6.0 Gb/s
SSD,MSI SPATIUM S270,153.82,240.0,,2.5,SATA 6.0 Gb/s
SSD,Acer FA100,138.61,256.0,,M.2-2280,M.2 PCIe 3.0 X4
SSD,Netac NV7000,697.57,2000.0,,M.2-2280,M.2 PCIe 4.0 X4
SSD,Western Digital Green,660.78,2000.0,,2.5,SATA 6.0 Gb/s
SSD,Lexar NS100,324.89,1000.0,,2.5,SATA 6.0 Gb/s
SSD,Western Digital Blue,237.8,250.0,,M.2-2280,M.2 SATA
SSD,Western Digital Blue SN550,727.94,2000.0,,M.2-2280,M.2 PCIe 3.0 X4
SSD,Acer FA100,203.61,512.0,,M.2-2280,M.2 PCIe 3.0 X4
SSD,Gigabyte GP-GSM2NE3512GNTD,385.59,512.0,,M.2-2280,M.2 PCIe 3.0 X4
SSD,Samsung 860 Pro,1260.9,1000.0,1024.0,2.5,SATA 6.0 Gb/s
SSD,Crucial P5,1037.62,2000.0,,M.2-2280,M.2 PCIe 3.0 X4
SSD,TEAMGROUP T-FORCE G70 PRO Graphene,368.26,1000.0,,M.2-2280,M.2 PCIe 4.0 X4
SSD,Intel DC P4510,3332.08,8000.0,,2.5,U.2
SSD,Lexar Professional NM800PRO,259.94,512.0,,M.2-2280,M.2 PCIe 4.0 X4
SSD,Western Digital Blue SA510,246.94,500.0,,M.2-2280,M.2 SATA
SSD,Seagate FireCuda 510,649.91,1000.0,,M.2-2280,M.2 PCIe 3.0 X4
SSD,Mushkin Tempest,177.61,512.0,,M.2-2280,M.2 PCIe 3.0 X4
SSD,SanDisk EXTREME PRO,779.9,1000.0,,M.2-2280,M.2 PCIe 3.0 X4
SSD,ADATA LEGEND 840,433.26,1000.0,,M.2-2280,M.2 PCIe 4.0 X4
SSD,Kingston Fury Renegade with Heat Sink,329.44,500.0,,M.2-2280,M.2 PCIe 4.0 X4
SSD,Seagate BarraCuda 510,756.85,1000.0,,M.2-2280,M.2 PCIe 3.0 X4
SSD,TEAMGROUP T-FORCE G50,541.58,2000.0,,M.2-2280,M.2 PCIe 4.0 X4
SSD,ADATA XPG SX6000 Pro,330.48,1000.0,,M.2-2280,M.2 PCIe 3.0 X4
SSD,ADATA XPG GAMMIX S11 Pro,211.97,256.0,,M.2-2280,M.2 PCIe 3.0 X4
SSD,SanDisk EXTREME PRO,537.29,500.0,,M.2-2280,M.2 PCIe 3.0 X4
SSD,ADATA Premium For PS5,303.22,1000.0,,M.2-2280,M.2 PCIe 4.0 X4
SSD,HP EX900 Plus,138.61,256.0,,M.2-2280,M.2 PCIe 3.0 X4
SSD,ADATA XPG GAMMIX S50 Lite,774.18,1000.0,,M.2-2280,M.2 PCIe 4.0 X4
SSD,Verbatim Vi7000G,1048.59,4000.0,,M.2-2280,M.2 PCIe 4.0 X4
SSD,Lexar NQ100,151.61,480.0,,2.5,SATA 6.0 Gb/s
SSD,ADATA XPG GAMMIX S5,417.05,512.0,,M.2-2280,M.2 PCIe 3.0 X4
SSD,Western Digital Black PCIe,558.44,256.0,,M.2-2280,M.2 PCIe 3.0 X4
SSD,Apacer AS2280P4,229.22,512.0,,M.2-2280,M.2 PCIe 3.0 X4
SSD,Western Digital PC SN730,649.91,1000.0,,M.2-2280,M.2 PCIe 3.0 X4
SSD,Western Digital Green,455.09,480.0,,M.2-2280,M.2 SATA
SSD,PNY CS3150 RGB,693.28,1000.0,,M.2-2280,M.2 PCIe 5.0 X4
SSD,HP EX900 Plus,203.61,512.0,,M.2-2280,M.2 PCIe 3.0 X4
SSD,Inland QN322,732.06,2000.0,,M.2-2280,M.2 PCIe 3.0 X4
SSD,Samsung MZ-75E4T0B,1863.15,4000.0,4096.0,2.5,SATA 6.0 Gb/s
SSD,Mushkin Tempest,116.95,256.0,,M.2-2280,M.2 PCIe 3.0 X4
SSD,Oyen Digital E18-8TBICS5,3635.39,8000.0,,M.2-2280,M.2 PCIe 4.0 X4
SSD,Gigabyte GP-GSTFS31120GNTD,129.99,120.0,,2.5,SATA 6.0 Gb/s
SSD,KingSpec NXM,277.27,1000.0,,M.2-2242,M.2 PCIe 3.0 X4
SSD,TEAMGROUP MP44,255.04,512.0,,M.2-2280,M.2 PCIe 4.0 X4
SSD,TEAMGROUP CX1,90.95,240.0,,2.5,SATA 6.0 Gb/s
SSD,ADATA XPG SX6000,173.28,256.0,,M.2-2280,M.2 PCIe 3.0 X2
SSD,Lexar NS100,168.94,512.0,,2.5,SATA 6.0 Gb/s
SSD,Western Digital Red SA500,892.55,2000.0,,2.5,SATA 6.0 Gb/s
SSD,Kingston KC600,441.4,1024.0,,mSATA,mSATA
SSD,Inland 1TB TD510 NVME,693.24,1000.0,,M.2-2280,M.2 PCIe 5.0 X4
SSD,HP FX900 Pro,238.27,512.0,,M.2-2280,M.2 PCIe 4.0 X4
SSD,Corsair MP400,925.96,1000.0,,M.2-2280,M.2 PCIe 3.0 X4
SSD,Intel 600p,515.63,512.0,,M.2-2280,M.2 PCIe 3.0 X4
SSD,Transcend 830S,953.22,2000.0,,M.2-2280,M.2 SATA
SSD,Seagate Lightsaber Collection FireCuda,1299.86,2000.0,,M.2-2280,M.2 PCIe 4.0 X4
SSD,Addlink A95,625.86,2000.0,,M.2-2280,M.2 PCIe 4.0 X4
SSD,Nextorage NEM-PA,1299.86,4000.0,,M.2-2280,M.2 PCIe 4.0 X4
SSD,Western Digital Red SA500,303.22,500.0,,2.5,SATA 6.0 Gb/s
SSD,VisionTek 901409,6170.15,8000.0,,2.5,SATA 6.0 Gb/s
SSD,Gigabyte AORUS Gen4 5000E,349.11,500.0,,M.2-2280,M.2 PCIe 4.0 X4
SSD,Intel 545s,515.63,256.0,,2.5,SATA 6.0 Gb/s
SSD,Intel 660p,1733.94,2000.0,,M.2-2280,M.2 PCIe 3.0 X4
SSD,SanDisk Ultra II,191.04,240.0,,2.5,SATA 6.0 Gb/s
SSD,TEAMGROUP T-FORCE G70 PRO Aluminum,389.93,1000.0,,M.2-2280,M.2 PCIe 4.0 X4
SSD,Patriot Burst,148.8,240.0,,2.5,SATA 6.0 Gb/s
SSD,Intel DC S3700,433.3,100.0,,2.5,SATA 6.0 Gb/s
SSD,Patriot P400,303.22,1000.0,,M.2-2280,M.2 PCIe 4.0 X4
SSD,Intel D3-S4520,4080.6,7680.0,,2.5,SATA 6.0 Gb/s
SSD,PNY XLR8 CS3140 w/Heatsink,433.26,1000.0,,M.2-2280,M.2 PCIe 4.0 X4
SSD,HP EX900,142.95,120.0,,M.2-2280,M.2 PCIe 3.0 X4
SSD,TEAMGROUP T-Create Classic,354.61,1000.0,,M.2-2280,M.2 PCIe 3.0 X4
SSD,SanDisk Ultra II,866.56,480.0,,2.5,SATA 6.0 Gb/s
SSD,Lenovo S4520,1036.41,480.0,,3.5,SATA 6.0 Gb/s
SSD,KIOXIA EXCERIA,303.09,960.0,,2.5,SATA 6.0 Gb/s
SSD,Verbatim Vi560,270.25,1000.0,,M.2-2280,M.2 SATA
SSD,Intenso High Performance,358.3,960.0,,2.5,SATA 6.0 Gb/s
SSD,PNY XLR8 CS3030,300.49,250.0,,M.2-2280,M.2 PCIe 3.0 X4
SSD,Intel 760p,493.53,256.0,,M.2-2280,M.2 PCIe 3.0 X4
SSD,Kingston A400,1407.49,1920.0,,2.5,SATA 6.0 Gb/s
SSD,Seagate BarraCuda Q1,563.03,480.0,,2.5,SATA 6.0 Gb/s
SSD,Leven JS600,86.57,256.0,,2.5,SATA 6.0 Gb/s
SSD,Klevv CRAS C930,346.55,1000.0,,M.2-2280,M.2 PCIe 4.0 X4
SSD,Sabrent Rocket 4.0 HTSK,433.26,1000.0,,M.2-2280,M.2 PCIe 4.0 X4
SSD,ADATA SU635,173.28,480.0,,2.5,SATA 6.0 Gb/s
SSD,Intel DC S3610,1430.89,1600.0,,2.5,SATA 6.0 Gb/s
SSD,Timetec 30TTQNS3SATA-1TB,284.03,1000.0,,2.5,SATA 6.0 Gb/s
SSD,Samsung 850 Evo,893.07,500.0,,M.2-2280,M.2 SATA
SSD,Toshiba OCZ TR200,160.28,240.0,,2.5,SATA 6.0 Gb/s
SSD,Intel Optane 905P,1334.52,960.0,,2.5,U.2
SSD,ADATA XPG SX8100,489.59,2000.0,,M.2-2280,M.2 PCIe 3.0 X4
SSD,TEAMGROUP T-FORCE G70 PRO Aluminum,1256.53,4000.0,,M.2-2280,M.2 PCIe 4.0 X4
SSD,Western Digital Green,433.26,1000.0,,2.5,SATA 6.0 Gb/s
SSD,Western Digital Black SN750,1459.22,1000.0,,M.2-2280,M.2 PCIe 3.0 X4
SSD,Samsung 860 Pro,866.56,256.0,512.0,2.5,SATA 6.0 Gb/s
SSD,Lexar NM610,259.94,500.0,,M.2-2280,M.2 PCIe 3.0 X4
SSD,Transcend MTS800,151.4,32.0,,M.2-2280,M.2 SATA
SSD,HP EX920,316.22,512.0,512.0,M.2-2280,M.2 PCIe 3.0 X4
SSD,KingSpec XG7000,389.93,1000.0,,M.2-2242,M.2 PCIe 4.0 X4
SSD,Patriot Viper VP4300,476.59,1000.0,,M.2-2280,M.2 PCIe 4.0 X4
SSD,Corsair MP400,594.96,1000.0,,M.2-2280,M.2 PCIe 3.0 X4
SSD,Mushkin Vortex-LX,190.61,512.0,,M.2-2280,M.2 PCIe 4.0 X4
SSD,VisionTek DLX4,333.64,1000.0,,M.2-2280,M.2 PCIe 4.0 X4
SSD,FanXiang S770,389.93,1000.0,,M.2-2280,M.2 PCIe 4.0 X4
SSD,Silicon Power A55,112.53,256.0,,M.2-2280,M.2 SATA
SSD,Samsung PM893,2608.47,3840.0,,2.5,SATA 6.0 Gb/s
SSD,HP EX950,447.08,1000.0,,M.2-2280,M.2 PCIe 3.0 X4
SSD,Corsair MP600 CORE,916.43,1000.0,,M.2-2280,M.2 PCIe 4.0 X4
SSD,Intel DC S3710,1161.11,400.0,,2.5,SATA 6.0 Gb/s
SSD,TEAMGROUP Z440 Lite,216.61,500.0,,M.2-2280,M.2 PCIe 4.0 X4
SSD,ADATA LEGEND 900,606.58,2000.0,,M.2-2280,M.2 PCIe 4.0 X4
SSD,Verbatim Vi3000,181.9,512.0,,M.2-2280,M.2 PCIe 3.0 X4
SSD,Western Digital Blue SA510,173.28,250.0,,M.2-2280,M.2 SATA
SSD,KingSpec NXM,103.95,256.0,,M.2-2242,M.2 PCIe 3.0 X4
SSD,Mushkin Pilot-E,630.06,2000.0,,M.2-2280,M.2 PCIe 3.0 X4
SSD,HP EX920,259.94,256.0,256.0,M.2-2280,M.2 PCIe 3.0 X4
SSD,GameStop 23VG-GSPL-GameStop NVMe SSD-Heatsink-2TB,736.57,2000.0,,M.2-2280,M.2 PCIe 4.0 X4
SSD,Sabrent Rocket,303.22,512.0,,M.2-2242,M.2 PCIe 3.0 X4
SSD,Verbatim Vi7000G,457.09,1000.0,,M.2-2280,M.2 PCIe 4.0 X4
SSD,Seagate FireCuda 120,3047.36,2000.0,,2.5,SATA 6.0 Gb/s
SSD,Western Digital Green,316.31,240.0,,2.5,SATA 6.0 Gb/s
SSD,Western Digital Blue,732.28,1000.0,,2.5,SATA 6.0 Gb/s
SSD,Inland Platinum,519.92,2000.0,,2.5,SATA 6.0 Gb/s
SSD,Western Digital BLACK SN850 Call of Duty Edition,939.22,1000.0,,M.2-2280,M.2 PCIe 4.0 X4
SSD,ADATA XPG SPECTRIX S20G,508.04,1000.0,,M.2-2280,M.2 PCIe 3.0 X4
SSD,ADATA SU760,164.61,512.0,,2.5,SATA 6.0 Gb/s
SSD,SanDisk SSD PLUS,290.18,120.0,,2.5,SATA 6.0 Gb/s
SSD,SanDisk Ultra 3D,212.23,250.0,,2.5,SATA 6.0 Gb/s
SSD,Samsung MZVPV512HDGL-00000,886.06,512.0,,M.2-2280,M.2 PCIe 3.0 X4
SSD,Inland Platinum,866.56,2000.0,,M.2-2280,M.2 PCIe 3.0 X4
SSD,Lexar NM610,160.28,250.0,,M.2-2280,M.2 PCIe 3.0 X4
SSD,ADATA LEGEND 960 MAX,1299.86,4000.0,,M.2-2280,M.2 PCIe 4.0 X4
SSD,ADATA XPG SX6000,341.22,128.0,,M.2-2280,M.2 PCIe 3.0 X2
SSD,Verbatim Vi550,108.28,256.0,,2.5,SATA 6.0 Gb/s
SSD,Western Digital Blue,376.49,500.0,,2.5,SATA 6.0 Gb/s
SSD,Inland Platinum,3899.7,8000.0,,M.2-2280,M.2 PCIe 3.0 X4
SSD,PNY XLR8 CS3140 w/Heatsink,2721.34,2000.0,,M.2-2280,M.2 PCIe 4.0 X4
SSD,Acer Predator GM7,1936.81,4000.0,,M.2-2280,M.2 PCIe 4.0 X4
SSD,Corsair CSSD-F4000GBMP600PXT,1737.49,4000.0,,M.2-2280,M.2 PCIe 4.0 X4
SSD,Transcend MTE240S,260.46,500.0,,M.2-2280,M.2 PCIe 4.0 X4
SSD,Samsung PM893,333.42,240.0,,2.5,SATA 6.0 Gb/s
SSD,Mushkin Source HC,4669.2,8000.0,,2.5,SATA 6.0 Gb/s
SSD,TEAMGROUP T-Create Classic DL,571.91,2000.0,,M.2-2280,M.2 PCIe 4.0 X4
SSD,Lexar NQ100,433.26,1920.0,,2.5,SATA 6.0 Gb/s
SSD,Inland TN320,519.92,2000.0,,M.2-2280,M.2 PCIe 3.0 X4
SSD,Patriot Viper VP4300,736.57,2000.0,,M.2-2280,M.2 PCIe 4.0 X4
SSD,Kingston Q500,139.83,240.0,,2.5,SATA 6.0 Gb/s
SSD,Intel 760p,472.3,1000.0,,M.2-2280,M.2 PCIe 3.0 X4
SSD,Addlink A93 PS5,365.88,1000.0,,M.2-2280,M.2 PCIe 4.0 X4
SSD,Sabrent Rocket Q4,566.93,1000.0,,M.2-2280,M.2 PCIe 4.0 X4
SSD,ADATA Legend 850,257.12,512.0,,M.2-2280,M.2 PCIe 4.0 X4
SSD,ADATA XPG GAMMIX S11 Pro,1038.49,2000.0,,M.2-2280,M.2 PCIe 3.0 X4
SSD,ADATA Falcon,657.14,1000.0,,M.2-2280,M.2 PCIe 3.0 X4
SSD,Acer SA100,121.28,240.0,,2.5,SATA 6.0 Gb/s
SSD,Mushkin ELEMENT,107.89,256.0,,2.5,SATA 6.0 Gb/s
SSD,PNY CS900,1388.51,4000.0,,2.5,SATA 6.0 Gb/s
SSD,Western Digital Red SN700,316.92,250.0,,M.2-2280,M.2 PCIe 3.0 X4
SSD,TEAMGROUP GX1,186.28,240.0,,2.5,SATA 6.0 Gb/s
SSD,Inland Prime,606.58,2000.0,,M.2-2280,M.2 PCIe 3.0 X4
SSD,Netac NV7000-t,714.9,2000.0,,M.2-2280,M.2 PCIe 4.0 X4
SSD,ADATA Ultimate SU650,135.06,240.0,,M.2-2280,M.2 SATA
SSD,Western Digital Red SA500,389.93,1000.0,,M.2-2280,M.2 SATA
SSD,TEAMGROUP T-FORCE G70 PRO Aluminum,649.91,2000.0,,M.2-2280,M.2 PCIe 4.0 X4
SSD,Kingston KC600,146.41,256.0,,2.5,SATA 6.0 Gb/s
SSD,Netac NV7000-t,446.26,1000.0,,M.2-2280,M.2 PCIe 4.0 X4
SSD,Verbatim Vi3000,199.79,256.0,,M.2-2280,M.2 PCIe 3.0 X4
SSD,KingSpec VP101,1018.21,2000.0,,M.2-2280,M.2 PCIe 5.0 X4
SSD,TEAMGROUP GX2,446.26,2000.0,,2.5,SATA 6.0 Gb/s
SSD,Transcend SSD230S,1819.82,4000.0,,2.5,SATA 6.0 Gb/s
SSD,Western Digital Red SA500,736.57,2000.0,,M.2-2280,M.2 SATA
SSD,Kingston A400,220.94,480.0,,M.2-2280,M.2 SATA
SSD,Verbatim Vi560,159.28,512.0,,M.2-2280,M.2 SATA
SSD,Nextorage NN5PRO,1733.16,2000.0,4096.0,M.2-2280,M.2 PCIe 4.0 X8
SSD,PNY CS2130,433.26,1000.0,,M.2-2280,M.2 PCIe 3.0 X4
SSD,Intel D3-S4610,4939.62,7680.0,,2.5,SATA 6.0 Gb/s
SSD,Transcend TS64GSSD370S,207.94,64.0,,2.5,SATA 6.0 Gb/s
SSD,Mushkin Pilot-E,444.61,1000.0,,M.2-2280,M.2 PCIe 3.0 X4
SSD,Intenso 3812440,116.77,256.0,,2.5,SATA 6.0 Gb/s
SSD,TEAMGROUP A440 Lite,337.89,1000.0,,M.2-2280,M.2 PCIe 4.0 X4
SSD,Western Digital Red SN700,866.56,2000.0,,M.2-2280,M.2 PCIe 3.0 X4
SSD,Transcend 250H,944.68,2000.0,,M.2-2280,M.2 PCIe 4.0 X4
SSD,ADATA XPG GAMMIX S50 Lite,1299.9,2000.0,,M.2-2280,M.2 PCIe 4.0 X4
SSD,Patriot P300,224.93,512.0,,M.2-2280,M.2 PCIe 3.0 X4
SSD,TEAMGROUP GX2,116.9,256.0,,2.5,SATA 6.0 Gb/s
SSD,Transcend 110S,433.26,1000.0,,M.2-2280,M.2 PCIe 3.0 X4
SSD,Inland Platinum,1949.81,4000.0,,M.2-2280,M.2 PCIe 3.0 X4
SSD,SanDisk X400,710.61,128.0,,M.2-2280,M.2 SATA
SSD,Gigabyte GP-GSM2NE3100TNTD,558.96,1000.0,,M.2-2280,M.2 PCIe 3.0 X4
SSD,GOODRAM CL100 gen.3,335.29,960.0,,2.5,SATA 6.0 Gb/s
SSD,Sabrent Rocket 4.0,173.28,256.0,,M.2-2230,M.2 PCIe 4.0 X4
SSD,Micron 9300 Pro,3076.43,7680.0,,2.5,U.2
SSD,Nextorage G-Series LE,628.24,2000.0,,M.2-2280,M.2 PCIe 4.0 X4
SSD,VisionTek DLX4,823.18,2000.0,,M.2-2242,M.2 PCIe 4.0 X4
SSD,Western Digital Blue,394.87,250.0,,2.5,SATA 6.0 Gb/s
SSD,Patriot P300,351.58,1000.0,,M.2-2280,M.2 PCIe 3.0 X4
SSD,SanDisk Ultra II,981.38,960.0,,2.5,SATA 6.0 Gb/s
SSD,SanDisk X400,1078.92,512.0,,M.2-2280,M.2 SATA
SSD,SK Hynix SL308,303.31,250.0,,2.5,SATA 6.0 Gb/s
SSD,SanDisk X600,3726.38,1000.0,,M.2-2280,M.2 SATA
SSD,Transcend 110S,216.43,512.0,,M.2-2280,M.2 PCIe 3.0 X4
SSD,Inland Gaming Performance Plus,402.93,1000.0,,M.2-2280,M.2 PCIe 4.0 X4
SSD,Fantom Drives VENOM8,628.03,2000.0,,M.2-2280,M.2 PCIe 4.0 X4
SSD,PNY CS2130,981.9,2000.0,,M.2-2280,M.2 PCIe 3.0 X4
SSD,Lexar Professional NM800PRO w/Heatsink,389.93,1000.0,,M.2-2280,M.2 PCIe 4.0 X4
SSD,OCZ Colossus 2,4311.34,460.0,,3.5,SATA 3.0 Gb/s
SSD,Timetec 35TTQNM2SATA,467.92,2000.0,,M.2-2280,M.2 SATA
SSD,KingSpec NXM,186.28,512.0,,M.2-2242,M.2 PCIe 3.0 X4
SSD,Crucial M500,727.9,240.0,,2.5,SATA 6.0 Gb/s
SSD,Crucial MX300,1163.15,2050.0,,2.5,SATA 6.0 Gb/s
SSD,PNY XLR8 CS3030,1295.57,2000.0,,M.2-2280,M.2 PCIe 3.0 X4
SSD,Inland Gaming Performance Plus,649.91,2000.0,,M.2-2280,M.2 PCIe 4.0 X4
SSD,Sabrent Rocket Q,3535.77,4000.0,,M.2-2280,M.2 PCIe 3.0 X4
SSD,Corsair MP600 PRO XT,779.9,2000.0,,M.2-2280,M.2 PCIe 4.0 X4
SSD,KingSpec XG7000,229.61,512.0,,M.2-2242,M.2 PCIe 4.0 X4
SSD,Addlink S95,4048.93,8000.0,,M.2-2280,M.2 PCIe 4.0 X4
SSD,ADATA XPG SX8100,329.7,512.0,,M.2-2280,M.2 PCIe 3.0 X4
SSD,Toshiba XG6,238.32,512.0,,M.2-2280,M.2 PCIe 3.0 X4
SSD,Mushkin ELEMENT,792.9,2000.0,,2.5,SATA 6.0 Gb/s
SSD,Sabrent Rocket 4.0,433.26,1000.0,,M.2-2230,M.2 PCIe 4.0 X4
SSD,Crucial MX200,1723.54,500.0,,M.2-2260,M.2 SATA
SSD,Intel DC P3600,2122.04,400.0,,PCIe,PCIe x4
SSD,Gigabyte M30,298.46,512.0,,M.2-2280,M.2 PCIe 3.0 X4
SSD,Western Digital Blue SN500,385.55,250.0,,M.2-2280,M.2 PCIe 3.0 X2
SSD,Intel 530,862.27,240.0,,2.5,SATA 6.0 Gb/s
SSD,Toshiba OCZ TR200,476.63,480.0,,2.5,SATA 6.0 Gb/s
SSD,Transcend 220S,194.25,256.0,,M.2-2280,M.2 PCIe 3.0 X4
SSD,Netac NV7000,437.59,1000.0,,M.2-2280,M.2 PCIe 4.0 X4
SSD,Netac NV7000-t,298.89,512.0,,M.2-2280,M.2 PCIe 4.0 X4
SSD,Seagate Game Drive,465.93,1000.0,,M.2-2280,M.2 PCIe 4.0 X4
SSD,HP EX950,779.9,2000.0,,M.2-2280,M.2 PCIe 3.0 X4
SSD,Transcend 220S,420.99,1000.0,,M.2-2280,M.2 PCIe 3.0 X4
SSD,Western Digital Black SN750 Rev2,1772.2,2000.0,,M.2-2280,M.2 PCIe 3.0 X4
SSD,Kingston DC500M,3399.11,3840.0,,2.5,SATA 6.0 Gb/s
SSD,TEAMGROUP GX1,320.56,480.0,,2.5,SATA 6.0 Gb/s
SSD,Apacer AS340 PANTHER,127.56,120.0,,2.5,SATA 6.0 Gb/s
SSD,Seagate FireCuda 510,1683.02,2000.0,,M.2-2280,M.2 PCIe 3.0 X4
SSD,HP S700,183.76,250.0,,2.5,SATA 6.0 Gb/s
SSD,Corsair MP600 CORE MINI,346.55,1000.0,,M.2-2230,M.2 PCIe 4.0 X4
SSD,Intel DC P4510,747.4,2000.0,,2.5,U.2
SSD,Patriot P400 Lite,1013.88,4000.0,,M.2-2280,M.2 PCIe 4.0 X4
SSD,Seagate IronWolf 525,2023.64,2000.0,,M.2-2280,M.2 PCIe 4.0 X4
SSD,Transcend 250H,1880.48,4000.0,,M.2-2280,M.2 PCIe 4.0 X4
SSD,Western Digital WD_BLACK SN770M,337.89,500.0,,M.2-2230,M.2 PCIe 4.0 X4
SSD,Inland Premium,1213.24,4000.0,,M.2-2280,M.2 PCIe 3.0 X4
SSD,FanXiang S770,1256.53,4000.0,,M.2-2280,M.2 PCIe 4.0 X4
SSD,TEAMGROUP T-Force Cardea Zero Z340,1135.2,1000.0,,M.2-2280,M.2 PCIe 3.0 X4
SSD,Transcend SSD230S,173.28,256.0,,2.5,SATA 6.0 Gb/s
SSD,TEAMGROUP CX1,138.61,480.0,,2.5,SATA 6.0 Gb/s
SSD,Samsung PM893,813.52,960.0,,2.5,SATA 6.0 Gb/s
SSD,Lexar Professional NM800PRO w/Heatsink,736.57,2000.0,,M.2-2280,M.2 PCIe 4.0 X4
SSD,Transcend 250S,1542.94,4000.0,,M.2-2280,M.2 PCIe 4.0 X4
SSD,Addlink S20,281.56,1000.0,,2.5,SATA 6.0 Gb/s
SSD,Crucial M500,2144.84,960.0,,2.5,SATA 6.0 Gb/s
SSD,Kingston SSDNow KC400,324.89,128.0,,2.5,SATA 6.0 Gb/s
SSD,Timetec 35TTQNM2SATA,271.03,1000.0,,M.2-2280,M.2 SATA
SSD,PNY XLR8 CS3040,1429.85,2000.0,,M.2-2280,M.2 PCIe 4.0 X4
SSD,Lexar NQ100,298.98,960.0,,2.5,SATA 6.0 Gb/s
SSD,Addlink A93 PS5,1076.49,4000.0,,M.2-2280,M.2 PCIe 4.0 X4
SSD,Silicon Power Slim S55,113.57,240.0,,2.5,SATA 6.0 Gb/s
SSD,Patriot Viper VPN110,770.97,2000.0,,M.2-2280,M.2 PCIe 3.0 X4
SSD,Addlink S90 Lite,335.55,1000.0,,M.2-2280,M.2 PCIe 4.0 X4
SSD,ADATA XPG SX8100,2166.46,4000.0,,M.2-2280,M.2 PCIe 3.0 X4
SSD,Lenovo S4520,1737.19,960.0,,3.5,SATA 6.0 Gb/s
SSD,Lexar NS100,563.25,2000.0,,2.5,SATA 6.0 Gb/s
SSD,Intel 320,316.31,40.0,,2.5,SATA 3.0 Gb/s
SSD,Sabrent Rocket Q4,1083.21,2000.0,,M.2-2280,M.2 PCIe 4.0 X4
SSD,Fantom Drives VENOM8,1299.68,4000.0,,M.2-2280,M.2 PCIe 4.0 X4
SSD,Transcend MTE245S,476.59,1000.0,,M.2-2280,M.2 PCIe 4.0 X4
SSD,Intel DC S3610,1581.54,800.0,,2.5,SATA 6.0 Gb/s
SSD,Patriot Viper VP4300 Lite,203.61,500.0,,M.2-2280,M.2 PCIe 4.0 X4
SSD,Gigabyte Gen3 2500E,1269.48,2000.0,,M.2-2280,M.2 PCIe 3.0 X4
SSD,Intel 530,373.37,120.0,,2.5,SATA 6.0 Gb/s
SSD,Kingston DC1000B,335.59,240.0,,M.2-2280,M.2 PCIe 3.0 X4
SSD,Transcend SSD230S,741.29,2000.0,,2.5,SATA 6.0 Gb/s
SSD,Silicon Power Slim S55,114.95,240.0,,2.5,SATA 6.0 Gb/s
SSD,Lexar Professional NM800PRO w/Heatsink,281.56,512.0,,M.2-2280,M.2 PCIe 4.0 X4
SSD,Intel SSDMCEAW120A401,259.98,120.0,,mSATA,mSATA
SSD,Transcend TS120GSSD220S,97.84,120.0,,2.5,SATA 6.0 Gb/s
SSD,PNY XLR8 CS3040,324.98,500.0,,M.2-2280,M.2 PCIe 4.0 X4
SSD,Intel 750,2162.17,400.0,,PCIe,PCIe x4
SSD,Timetec 35TTQNM2SATA,167.51,512.0,,M.2-2280,M.2 SATA
SSD,PNY CS2142,329.22,1000.0,,M.2-2230,M.2 PCIe 4.0 X4
SSD,Corsair MP600 MINI,389.93,1000.0,,M.2-2230,M.2 PCIe 4.0 X4
SSD,Intel D3-S4510,1906.48,3840.0,,2.5,SATA 6.0 Gb/s
SSD,Addlink A95,374.54,1000.0,,M.2-2280,M.2 PCIe 4.0 X4
SSD,TEAMGROUP T-Force Delta Max RGB Lite,212.27,512.0,,2.5,SATA 6.0 Gb/s
SSD,Intel 545s,197.5,256.0,,M.2-2280,M.2 SATA
SSD,TEAMGROUP GX1,121.32,120.0,,2.5,SATA 6.0 Gb/s
SSD,Western Digital Black SN750 Rev2,324.89,500.0,,M.2-2280,M.2 PCIe 3.0 X4
SSD,NEMIX RAM NEMESIS,389.93,1000.0,,M.2-2280,M.2 PCIe 4.0 X4
SSD,Intel D3-S4510,342.31,480.0,,2.5,SATA 6.0 Gb/s
SSD,Intel 600p,818.94,1000.0,,M.2-2280,M.2 PCIe 3.0 X4
SSD,Micron 1100,1208.91,2000.0,,2.5,SATA 6.0 Gb/s
SSD,Intel 520,1214.97,120.0,,2.5,SATA 6.0 Gb/s
SSD,Intel DC P3700,1507.88,800.0,,2.5,U.2
SSD,Intenso High Performance,175.36,480.0,,2.5,SATA 6.0 Gb/s
SSD,Inland TN325,411.59,1000.0,,M.2-2242,M.2 PCIe 3.0 X4
SSD,Addlink A93 PS5,539.2,2000.0,,M.2-2280,M.2 PCIe 4.0 X4
SSD,Addlink S93,1076.49,4000.0,,M.2-2280,M.2 PCIe 4.0 X4
SSD,Addlink S20,162.23,512.0,,2.5,SATA 6.0 Gb/s
SSD,Seagate IronWolf 525,897.88,1000.0,,M.2-2280,M.2 PCIe 4.0 X4
SSD,VisionTek mSATA,520.35,480.0,,mSATA,mSATA
SSD,Intel DC S3520,1373.56,150.0,,M.2-2280,M.2 SATA
SSD,Silicon Power Silm S55,158.98,480.0,,2.5,SATA 6.0 Gb/s
SSD,Toshiba XG3,649.91,512.0,,M.2-2280,M.2 PCIe 3.0 X4
SSD,Samsung PM883,411.42,480.0,,2.5,SATA 6.0 Gb/s
SSD,Western Digital Blue SN550,1083.21,2000.0,,M.2-2280,M.2 PCIe 3.0 X4
SSD,Kingston Q500,1382.23,1920.0,,2.5,SATA 6.0 Gb/s
SSD,Seagate FireCuda 510,866.56,500.0,,M.2-2280,M.2 PCIe 3.0 X4
SSD,TEAMGROUP MP44S,337.89,1000.0,,M.2-2230,M.2 PCIe 4.0 X4
SSD,Sabrent Rocket Q4,953.22,2000.0,,M.2-2230,M.2 PCIe 4.0 X4
SSD,Mushkin Gamma,1369.18,4000.0,,M.2-2280,M.2 PCIe 4.0 X4
SSD,Seagate IronWolf 125,1747.89,2000.0,,2.5,SATA 6.0 Gb/s
SSD,Mushkin ELEMENT,179.78,512.0,,2.5,SATA 6.0 Gb/s
SSD,Transcend MTS600,151.61,32.0,,M.2-2260,M.2 SATA
SSD,Addlink S95,604.19,2000.0,,M.2-2280,M.2 PCIe 4.0 X4
SSD,Inland TN325,229.61,512.0,,M.2-2242,M.2 PCIe 3.0 X4
SSD,FanXiang S900,779.9,1000.0,,M.2-2280,M.2 PCIe 5.0 X4
SSD,Seagate FireCuda,1218.74,2000.0,,M.2-2280,M.2 PCIe 3.0 X4
SSD,TEAMGROUP T-Force Delta Max White RGB Lite,238.27,512.0,,2.5,SATA 6.0 Gb/s
SSD,Intel 730,1948.72,480.0,,2.5,SATA 6.0 Gb/s
SSD,Western Digital Ultrastar,212.32,240.0,,2.5,SATA 6.0 Gb/s
SSD,OCZ Vertex 4,1776.1,256.0,,2.5,SATA 6.0 Gb/s
SSD,Seagate 1200 SSD,13269.81,800.0,,2.5,SAS 12.0 Gb/s
SSD,Corsair Force LE,1039.88,480.0,,2.5,SATA 6.0 Gb/s
SSD,Seagate FireCuda 510,259.98,250.0,,M.2-2280,M.2 PCIe 3.0 X4
SSD,Fantom Drives VenomX,649.69,2000.0,,M.2-2230,M.2 PCIe 4.0 X4
SSD,TEAMGROUP MP44S,649.91,2000.0,,M.2-2230,M.2 PCIe 4.0 X4
SSD,Micron 2400,736.39,2000.0,,M.2-2230,M.2 PCIe 4.0 X4
SSD,Fantom Drives VENOM7,563.03,2000.0,,M.2-2280,M.2 PCIe 4.0 X4
SSD,Sabrent Rocket 4.0,281.56,512.0,,M.2-2230,M.2 PCIe 4.0 X4
SSD,Addlink X70,560.86,2000.0,,M.2-2280,M.2 PCIe 3.0 X4
SSD,Samsung PM893,1059.85,1920.0,,2.5,SATA 6.0 Gb/s
SSD,Intel 520,370.43,60.0,,2.5,SATA 6.0 Gb/s
SSD,Transcend 250H,344.26,1000.0,,M.2-2280,M.2 PCIe 4.0 X4
SSD,Transcend MTS400,144.85,32.0,,M.2-2242,M.2 SATA
SSD,Crucial BX300,186.28,240.0,,2.5,SATA 6.0 Gb/s
SSD,Intel 540s,558.96,240.0,,2.5,SATA 6.0 Gb/s
SSD,Transcend TS480GSSD220S,226.27,480.0,,2.5,SATA 6.0 Gb/s
SSD,ADATA Ultimate SU650,773.74,960.0,,2.5,SATA 6.0 Gb/s
SSD,Mushkin ELEMENT,310.89,1000.0,,2.5,SATA 6.0 Gb/s
SSD,Intel DC S3500,1221.91,480.0,,2.5,SATA 6.0 Gb/s
SSD,SanDisk Z400s,956.6,256.0,,2.5,SATA 6.0 Gb/s
SSD,Intel 660p,376.93,512.0,,M.2-2280,M.2 PCIe 3.0 X4
SSD,Micron 5200 Ion,4761.97,7680.0,,2.5,SATA 6.0 Gb/s
SSD,Kingston KC600,246.94,512.0,,2.5,SATA 6.0 Gb/s
SSD,Kingston DC1000B,449.51,480.0,,M.2-2280,M.2 PCIe 3.0 X4
SSD,Corsair MP600 CORE MINI,758.23,2000.0,,M.2-2230,M.2 PCIe 4.0 X4
SSD,PNY CS3150,736.57,1000.0,,M.2-2280,M.2 PCIe 5.0 X4
SSD,Intel DC P4510,593.62,1000.0,,2.5,U.2
SSD,Western Digital WD Green,129.95,240.0,,M.2-2280,M.2 SATA
SSD,Intel X25-M,1516.33,120.0,,2.5,SATA 3.0 Gb/s
SSD,Intel D3-S4510,1338.38,1920.0,,2.5,SATA 6.0 Gb/s
SSD,Western Digital Red SA500,303.22,500.0,,M.2-2280,M.2 SATA
SSD,Corsair MP400,1260.12,2000.0,,M.2-2280,M.2 PCIe 3.0 X4
SSD,Timetec 30TTQNS3SATA-2TB,446.26,2000.0,,2.5,SATA 6.0 Gb/s
SSD,GameStop 23VG-GSPL-GameStop NVMe SSD-Heatsink-1TB,476.59,1000.0,,M.2-2280,M.2 PCIe 4.0 X4
SSD,Kingston SSDNow V300,433.95,120.0,,2.5,SATA 6.0 Gb/s
SSD,HP Z Turbo Drive G2,2084.17,256.0,,PCIe,PCIe x4
SSD,Lenovo OPAL2,324.89,512.0,,M.2-2280,M.2 PCIe 4.0 X4
SSD,Intel 320,628.24,160.0,,2.5,SATA 3.0 Gb/s
SSD,Seagate 600,584.96,240.0,,2.5,SATA 6.0 Gb/s
SSD,Kingston SSDNow V300,1237.59,480.0,,2.5,SATA 6.0 Gb/s
SSD,Mushkin Source,1266.93,2000.0,2048.0,2.5,SATA 6.0 Gb/s
SSD,Seagate FireCuda 510,1010.59,500.0,,M.2-2280,M.2 PCIe 3.0 X4
SSD,Pioneer APS-SE20G-1T,659.31,1000.0,,M.2-2280,M.2 PCIe 3.0 X4
SSD,Lenovo 4XB0W79580,545.91,256.0,,M.2-2280,M.2 PCIe 3.0 X4
SSD,Kingston KC600B,312.54,512.0,,2.5,SATA 6.0 Gb/s
SSD,Samsung PM893,484.78,480.0,,2.5,SATA 6.0 Gb/s
SSD,Verbatim Vi560,272.11,256.0,,M.2-2280,M.2 SATA
SSD,Titanium Micro TH4985,515.58,2000.0,,M.2-2280,M.2 PCIe 4.0 X4
SSD,Hitachi Ultrastar SN260,1343.19,1600.0,,PCIe,PCIe x8
SSD,Western Digital SN530,256.95,512.0,,M.2-2230,M.2 PCIe 3.0 X4
SSD,Transcend TS240GSSD220S,153.65,240.0,,2.5,SATA 6.0 Gb/s
SSD,Kingston SSDNOW DC500M,645.62,960.0,,2.5,SATA 6.0 Gb/s
SSD,Transcend SSD230S,259.94,512.0,,2.5,SATA 6.0 Gb/s
SSD,Intel 545s,160.32,128.0,,M.2-2280,M.2 SATA
SSD,Intel DC S3700,948.93,800.0,,2.5,SATA 6.0 Gb/s
SSD,Inland Platinum,173.28,512.0,,2.5,SATA 6.0 Gb/s
SSD,Mushkin Source HC,1728.87,4000.0,,2.5,SATA 6.0 Gb/s
SSD,Titanium Micro PD560,173.28,500.0,,2.5,SATA 6.0 Gb/s
SSD,NEMIX RAM NEMESIS,692.76,2000.0,,M.2-2280,M.2 PCIe 4.0 X4
SSD,Transcend 830S,121.28,128.0,,M.2-2280,M.2 SATA
SSD,Intel X25-M,671.62,80.0,,2.5,SATA 3.0 Gb/s
SSD,Samsung SM843TN,1026.92,480.0,,2.5,SATA 6.0 Gb/s
SSD,VisionTek DLX4 Pro,281.64,512.0,,M.2-2280,M.2 PCIe 4.0 X4
SSD,HP S700 Pro,346.55,1000.0,,2.5,SATA 6.0 Gb/s
SSD,Intel D3-S4520,801.39,960.0,,2.5,SATA 6.0 Gb/s
SSD,VisionTek DLX4 Pro,342.31,1000.0,,M.2-2280,M.2 PCIe 4.0 X4
SSD,Micron 2400,259.94,512.0,,M.2-2230,M.2 PCIe 4.0 X4
SSD,Oyen Digital Dash Pro w/Heat Sink,1468.89,4000.0,,M.2-2280,M.2 PCIe 4.0 X4
SSD,Intel DC S3500,400.24,120.0,,2.5,SATA 6.0 Gb/s
SSD,Plextor M6M,2286.83,512.0,,mSATA,mSATA
SSD,Seagate Nytro Enterprise,3141.42,1920.0,,2.5,SATA 6.0 Gb/s
SSD,Western Digital SN520,822.75,512.0,,M.2-2280,M.2 PCIe 3.0 X2
SSD,Addlink A95,1470.79,4000.0,,M.2-2280,M.2 PCIe 4.0 X4
SSD,Intel 520,2959.87,480.0,,2.5,SATA 6.0 Gb/s
SSD,Kingston SSDNow KC300,558.91,60.0,,2.5,SATA 6.0 Gb/s
SSD,Crucial M550,770.28,128.0,,M.2-2280,M.2 SATA
SSD,Transcend TS128GSSD370S,303.22,128.0,,2.5,SATA 6.0 Gb/s
SSD,Lexar NS200,428.92,480.0,,2.5,SATA 6.0 Gb/s
SSD,Intel DC S3110,753.94,128.0,,2.5,SATA 6.0 Gb/s
SSD,V7 V7SSD512GBNV3U,229.61,512.0,,M.2-2280,M.2 PCIe 3.0 X4
SSD,Intel D3-S4620,2707.91,3840.0,,2.5,SATA 6.0 Gb/s
SSD,OWC Mercury Electra 6G,303.22,500.0,,2.5,SATA 6.0 Gb/s
SSD,KingSpec XF,173.28,512.0,,M.2-2230,M.2 PCIe 4.0 X4
SSD,Western Digital SN530,138.66,256.0,,M.2-2230,M.2 PCIe 3.0 X4
SSD,Western Digital WD Green,216.61,480.0,,M.2-2280,M.2 SATA
SSD,Crucial M4,900.27,32.0,,mSATA,mSATA
SSD,Mushkin ELEMENT,1662.14,4000.0,,2.5,SATA 6.0 Gb/s
SSD,KIOXIA BG5,194.98,512.0,,M.2-2230,M.2 PCIe 4.0 X4
SSD,Intel 760p,3163.05,2000.0,,M.2-2280,M.2 PCIe 3.0 X4
SSD,Transcend SSD230S,129.95,128.0,,2.5,SATA 6.0 Gb/s
SSD,Corsair CSSD-F4000GBMP600PHX,1568.5,4000.0,,M.2-2280,M.2 PCIe 4.0 X4
SSD,Nextorage NN5PRO,1039.88,1000.0,2048.0,M.2-2280,M.2 PCIe 4.0 X8
SSD,KingSpec NX-2230,125.61,256.0,,M.2-2230,M.2 PCIe 3.0 X4
SSD,Transcend MTS800,214.83,64.0,,M.2-2280,M.2 SATA
SSD,Western Digital Red SA500,303.22,500.0,,M.2-2280,M.2 SATA
SSD,VisionTek DLX3,152.39,256.0,,M.2-2280,M.2 PCIe 3.0 X4
SSD,KIOXIA BG5 SED,194.94,256.0,,M.2-2230,M.2 PCIe 4.0 X4
SSD,Intel X25-V,259.94,40.0,,2.5,SATA 3.0 Gb/s
SSD,Kingston UV500B,3505.4,1920.0,,2.5,SATA 6.0 Gb/s
SSD,Transcend 220S,281.56,512.0,,M.2-2280,M.2 PCIe 3.0 X4
SSD,Lenovo ThinkPad OPAL,562.68,512.0,,M.2-2242,M.2 PCIe 4.0 X4
SSD,VisionTek mSATA,311.89,240.0,,mSATA,mSATA
SSD,Intel SSDSCKJW240H601,173.28,240.0,,M.2-2280,M.2 SATA
SSD,Sony Optiarc,164.44,240.0,,2.5,SATA 6.0 Gb/s
SSD,Intel DC P4510,7582.75,4000.0,,2.5,U.2
SSD,HP S700 Pro,342.22,512.0,,2.5,SATA 6.0 Gb/s
SSD,VisionTek DLX3,324.98,1000.0,,M.2-2280,M.2 PCIe 3.0 X4
SSD,Addlink S91,1113.54,2000.0,,M.2-2230,M.2 PCIe 4.0 X4
SSD,OWC Mercury Electra 6G,147.32,250.0,,2.5,SATA 6.0 Gb/s
SSD,Intel X25-M,1299.9,160.0,,2.5,SATA 3.0 Gb/s
SSD,Kingston SSDNow V+100,693.24,128.0,,2.5,SATA 3.0 Gb/s
SSD,Intel 335,948.93,240.0,,2.5,SATA 6.0 Gb/s
SSD,ADATA Premier Pro SP600,476.41,64.0,,2.5,SATA 6.0 Gb/s
SSD,Intel DC S3700,1806.86,200.0,,2.5,SATA 6.0 Gb/s
SSD,Intel 530,318.48,80.0,,M.2-2280,M.2 SATA
SSD,PNY CS1111,645.62,240.0,,2.5,SATA 6.0 Gb/s
SSD,SanDisk Z400s,786.18,128.0,,M.2-2280,M.2 SATA
SSD,Kingston SSDNow KC400,541.62,256.0,,2.5,SATA 6.0 Gb/s
SSD,Intel Pro 6000p,451.46,128.0,,M.2-2280,M.2 PCIe 3.0 X4
SSD,Intel DC S4500,1283.17,1900.0,,2.5,SATA 6.0 Gb/s
SSD,Intel D3-S4510,389.93,240.0,,2.5,SATA 6.0 Gb/s
SSD,Lenovo 4XB0W79582,2149.17,1000.0,,M.2-2280,M.2 PCIe 3.0 X4
SSD,KIOXIA EXCERIA PLUS,2123.13,2000.0,,M.2-2280,M.2 PCIe 3.0 X4
SSD,Addlink S95,1449.13,4000.0,,M.2-2280,M.2 PCIe 4.0 X4
SSD,Titanium Micro TH3500,216.61,500.0,,M.2-2280,M.2 PCIe 3.0 X4
SSD,Transcend MTE245S,288.88,500.0,,M.2-2280,M.2 PCIe 4.0 X4
SSD,OWC Mercury Electra 6G,103.95,120.0,,2.5,SATA 6.0 Gb/s
SSD,Addlink S70,294.12,1000.0,,M.2-2280,M.2 PCIe 3.0 X4
SSD,HP 2DP97AA#ABC,129.95,120.0,,2.5,SATA 6.0 Gb/s
SSD,Intel DC S3710,2981.1,1200.0,,2.5,SATA 6.0 Gb/s
SSD,Intel 320,428.97,40.0,,2.5,SATA 3.0 Gb/s
SSD,OCZ Agility 3,649.91,60.0,,2.5,SATA 6.0 Gb/s
SSD,ADATA Premier Pro SP900,418.0,64.0,,2.5,SATA 6.0 Gb/s
SSD,SanDisk EXTREME PRO,1299.86,960.0,,2.5,SATA 6.0 Gb/s
SSD,HP S700 Pro,164.61,256.0,,2.5,SATA 6.0 Gb/s
SSD,ADATA Ultimate SU650,226.27,480.0,,M.2-2280,M.2 SATA
SSD,Intel 320,2981.23,600.0,,2.5,SATA 3.0 Gb/s
SSD,Intel 320,1624.88,600.0,,2.5,SATA 3.0 Gb/s
SSD,VisionTek Data Fusion 2-way,1788.32,240.0,,PCIe,PCIe x2
SSD,Seagate 600 Pro,862.27,240.0,,2.5,SATA 6.0 Gb/s
SSD,Samsung Data Center,472.3,240.0,,2.5,SATA 6.0 Gb/s
SSD,Mushkin Source,144.25,120.0,,2.5,SATA 6.0 Gb/s
SSD,Sony Optiarc,259.76,480.0,,2.5,SATA 6.0 Gb/s
SSD,PNY XLR8 CS3030,2118.84,4000.0,,M.2-2280,M.2 PCIe 3.0 X4
SSD,Intel D3-S4520,2115.89,3840.0,,2.5,SATA 6.0 Gb/s
SSD,Fantom Drives VENOM8,433.08,1000.0,,M.2-2280,M.2 PCIe 4.0 X4
SSD,Titanium Micro TH7175,1364.85,4000.0,,M.2-2280,M.2 PCIe 4.0 X4
SSD,Kingston HyperX 3K,892.64,120.0,,2.5,SATA 6.0 Gb/s
SSD,Crucial M4,992.26,128.0,,mSATA,mSATA
SSD,Intel 530,818.94,180.0,,2.5,SATA 6.0 Gb/s
SSD,Kingston SSDNow KC300,350.89,240.0,,2.5,SATA 6.0 Gb/s
SSD,Intel 530,1395.18,480.0,,2.5,SATA 6.0 Gb/s
SSD,OCZ Vertex 460,866.6,120.0,,2.5,SATA 6.0 Gb/s
SSD,PNY Optima,818.42,240.0,,2.5,SATA 6.0 Gb/s
SSD,Intel 530,605.93,240.0,,mSATA,mSATA
SSD,Intel DC S3500,831.94,800.0,,2.5,SATA 6.0 Gb/s
SSD,Transcend SSD370,750.39,512.0,,2.5,SATA 6.0 Gb/s
SSD,Silicon Power S60 3K P/E,346.55,240.0,,2.5,SATA 6.0 Gb/s
SSD,Intel DC P3600,1126.54,800.0,,2.5,U.2
SSD,Kingston SSDNow G2,498.6,240.0,,M.2-2280,M.2 SATA
SSD,Lexar NS200,259.94,240.0,,2.5,SATA 6.0 Gb/s
SSD,Intel DC S3110,342.31,256.0,,M.2-2280,M.2 SATA
SSD,Pioneer APS-SE20G-256,226.75,256.0,,M.2-2280,M.2 PCIe 3.0 X4
SSD,Pioneer APS-SE20G-512,379.61,512.0,,M.2-2280,M.2 PCIe 3.0 X4
SSD,Centon MP Essential,346.55,960.0,,2.5,SATA 6.0 Gb/s
SSD,Apacer AS340 PANTHER,1195.91,960.0,,2.5,SATA 6.0 Gb/s
SSD,Intel D3-S4520,563.29,480.0,,2.5,SATA 6.0 Gb/s
SSD,VisionTek DLX3,216.48,512.0,,M.2-2280,M.2 PCIe 3.0 X4
SSD,Oyen Digital E13S-2242-1024PH,385.64,1000.0,,M.2-2242,M.2 PCIe 3.0 X4
SSD,VisionTek DLX4,282.21,512.0,,M.2-2230,M.2 PCIe 4.0 X4
SSD,PNY CS2142,693.24,2000.0,,M.2-2230,M.2 PCIe 4.0 X4
SSD,KingSpec XF,320.6,1000.0,,M.2-2230,M.2 PCIe 4.0 X4
SSD,Seagate FireCuda 520N,846.32,2000.0,,M.2-2230,M.2 PCIe 4.0 X4
SSD,PNY XLR8 CS3040 w/Heatsink,1408.92,2000.0,,M.2-2280,M.2 PCIe 4.0 X4
SSD,Lenovo 5300,3639.68,960.0,,2.5,SATA 6.0 Gb/s
SSD,Intel DC P3500,1852.36,2000.0,,2.5,U.2
SSD,Seagate FireCuda,924.01,1000.0,,M.2-2280,M.2 PCIe 3.0 X4
SSD,V7 V7SSD128GBNV3U,138.61,128.0,,M.2-2280,M.2 PCIe 3.0 X4
SSD,Intel D3-S4610,693.02,960.0,,2.5,SATA 6.0 Gb/s
SSD,Fantom Drives VENOM8 PS5,671.36,2000.0,,M.2-2280,M.2 PCIe 4.0 X4
SSD,Transcend MTS400,623.56,256.0,,M.2-2242,M.2 SATA
SSD,Transcend MTS800,1146.34,512.0,,M.2-2280,M.2 SATA
SSD,Samsung 850 Evo,1109.68,500.0,,mSATA,mSATA
SSD,PNY CS1211,220.94,480.0,,2.5,SATA 6.0 Gb/s
SSD,Seagate Nytro Enterprise,1841.52,960.0,,2.5,SATA 6.0 Gb/s
SSD,Seagate IronWolf 510,1083.21,480.0,,M.2-2280,M.2 PCIe 3.0 X4
SSD,Silicon Power US70,1160.72,1000.0,,M.2-2280,M.2 PCIe 4.0 X4
SSD,Angelbird AV PRO MK3,2383.11,2000.0,,2.5,SATA 6.0 Gb/s
SSD,Addlink S91,400.54,1000.0,,M.2-2230,M.2 PCIe 4.0 X4
SSD,Titanium Micro TH7175,389.93,1000.0,,M.2-2280,M.2 PCIe 4.0 X4
SSD,Transcend SSD230S,431.35,1000.0,,2.5,SATA 6.0 Gb/s
SSD,Western Digital WD Green,203.65,120.0,,M.2-2280,M.2 SATA
SSD,Fantom Drives VENOM7,389.75,1000.0,,M.2-2280,M.2 PCIe 4.0 X4
SSD,Intel 320,1098.42,120.0,,2.5,SATA 3.0 Gb/s
SSD,Kingston HyperX,866.56,120.0,,2.5,SATA 6.0 Gb/s
SSD,Intel 520,574.08,180.0,,2.5,SATA 6.0 Gb/s
SSD,Intel 530,818.94,240.0,,2.5,SATA 6.0 Gb/s
SSD,Seagate 600 Pro,862.27,480.0,,2.5,SATA 6.0 Gb/s
SSD,VisionTek GoDrive,211.1,480.0,,2.5,SATA 6.0 Gb/s
SSD,Kingston E50 Enterprise,912.36,240.0,,2.5,SATA 6.0 Gb/s
SSD,SanDisk EXTREME PRO,866.56,480.0,,2.5,SATA 6.0 Gb/s
SSD,Intel DC S3710,1044.9,800.0,,2.5,SATA 6.0 Gb/s
SSD,Hitachi s842,1294.74,800.0,,2.5,SAS 6.0 Gb/s
SSD,Intel Pro 5400s,1516.51,480.0,,2.5,SATA 6.0 Gb/s
SSD,SanDisk Z410,740.51,480.0,,2.5,SATA 6.0 Gb/s
SSD,Intel Pro 6000p,467.96,512.0,,M.2-2280,M.2 PCIe 3.0 X4
SSD,Intel 545s,805.5,512.0,,M.2-2280,M.2 SATA
SSD,Micron 1100,866.56,1000.0,,2.5,SATA 6.0 Gb/s
SSD,Mushkin PILOT,622.57,1000.0,,M.2-2280,M.2 PCIe 3.0 X4
SSD,ADATA SU800,324.76,1000.0,,M.2-2280,M.2 SATA
SSD,SanDisk X600,1018.26,1000.0,,2.5,SATA 6.0 Gb/s
SSD,Intel D3-S4610,583.87,480.0,,2.5,SATA 6.0 Gb/s
SSD,PNY XLR8 CS2311,402.32,500.0,,2.5,SATA 6.0 Gb/s
SSD,Centon MP Essential,129.86,240.0,,2.5,SATA 6.0 Gb/s
SSD,Kingston DC500R,407.26,480.0,,2.5,SATA 6.0 Gb/s
SSD,VisionTek PRO,324.93,500.0,,2.5,SATA 6.0 Gb/s
SSD,PNY XLR8 CS3040 w/Heatsink,1061.5,1000.0,,M.2-2280,M.2 PCIe 4.0 X4
SSD,Inland Platinum,121.28,256.0,,2.5,SATA 6.0 Gb/s
SSD,V7 V7SSD240GBM2SU,143.94,240.0,,M.2-2280,M.2 SATA
SSD,V7 V7SSD480GBM2SU,172.54,480.0,,M.2-2280,M.2 SATA
SSD,V7 V7SSD256GBNV3U,168.94,256.0,,M.2-2280,M.2 PCIe 3.0 X4
SSD,Intel D3-S4620,1125.5,960.0,,2.5,SATA 6.0 Gb/s
SSD,PNY CS2240,346.55,500.0,,M.2-2280,M.2 PCIe 4.0 X4
SSD,Fantom Drives VENOM8 PS5,1516.33,4000.0,,M.2-2280,M.2 PCIe 4.0 X4
SSD,VisionTek DLX4,450.59,1000.0,,M.2-2242,M.2 PCIe 4.0 X4
SSD,VisionTek DLX4,242.65,512.0,,M.2-2280,M.2 PCIe 4.0 X4
SSD,Titanium Micro TH2000,212.27,512.0,,M.2-2280,M.2 PCIe 3.0 X4
SSD,Transcend 830S,173.28,256.0,,M.2-2280,M.2 SATA
SSD,Lenovo S4520,1827.96,960.0,,2.5,SATA 6.0 Gb/s
SSD,Nextorage G-Series LE,389.93,1000.0,,M.2-2280,M.2 PCIe 4.0 X4
SSD,Patriot VP4000 Mini,216.61,500.0,,M.2-2230,M.2 PCIe 4.0 X4
SSD,Micron 2400,411.64,1000.0,,M.2-2230,M.2 PCIe 4.0 X4
SSD,Seagate Nytro Enterprise,5628.57,3200.0,,2.5,SAS 12.0 Gb/s
SSD,Inland TN446,381.26,1000.0,,M.2-2230,M.2 PCIe 4.0 X4
SSD,Intel DC P4801X,1334.52,100.0,,2.5,U.2
SSD,PNY CS2130,2166.46,4000.0,,M.2-2280,M.2 PCIe 3.0 X4
SSD,Western Digital SN520,333.64,512.0,,M.2-2230,M.2 PCIe 3.0 X2
SSD,VisionTek DLX4,649.95,2000.0,,M.2-2280,M.2 PCIe 4.0 X4
SSD,Titanium Micro TH7175,714.9,2000.0,,M.2-2280,M.2 PCIe 4.0 X4
SSD,Fantom Drives VENOM7 PS5,606.36,2000.0,,M.2-2280,M.2 PCIe 4.0 X4
SSD,Crucial M500,900.27,240.0,,mSATA,mSATA
SSD,Intel 540s,1748.58,480.0,,2.5,SATA 6.0 Gb/s
SSD,Intel Pro 5400s,2370.15,1000.0,,2.5,SATA 6.0 Gb/s
SSD,Transcend TS960GSSD220S,417.74,960.0,,2.5,SATA 6.0 Gb/s
SSD,Crucial BX300,303.22,480.0,,2.5,SATA 6.0 Gb/s
SSD,VisionTek PRO XMN,705.37,1000.0,,M.2-2280,M.2 PCIe 3.0 X4
SSD,VisionTek DLX3,668.93,2000.0,,M.2-2280,M.2 PCIe 3.0 X4
SSD,VisionTek DLX4 Pro,2079.41,4000.0,,M.2-2280,M.2 PCIe 4.0 X4
SSD,VisionTek DLX4,807.19,2000.0,,M.2-2230,M.2 PCIe 4.0 X4
SSD,Intel X25-M,867.03,160.0,,2.5,SATA 3.0 Gb/s
SSD,Intel X25-M,779.72,160.0,,2.5,SATA 3.0 Gb/s
SSD,SanDisk Extreme,693.24,120.0,,2.5,SATA 6.0 Gb/s
SSD,ADATA Premier Pro SP900,1299.68,256.0,,2.5,SATA 6.0 Gb/s
SSD,Kingston SSDNow KC100,1344.27,240.0,,2.5,SATA 6.0 Gb/s
SSD,Intel DC S3700,800.65,400.0,,2.5,SATA 6.0 Gb/s
SSD,Crucial M4,986.93,64.0,,mSATA,mSATA
SSD,Intel 530,411.64,180.0,,2.5,SATA 6.0 Gb/s
SSD,OCZ Vector 150,1646.54,240.0,,2.5,SATA 6.0 Gb/s
SSD,Toshiba Q Series Pro,649.69,256.0,,2.5,SATA 6.0 Gb/s
SSD,Transcend MTS400,334.25,128.0,,M.2-2242,M.2 SATA
SSD,Kingston SSDNow V310,1299.9,960.0,,2.5,SATA 6.0 Gb/s
SSD,Crucial M500,1649.88,480.0,,M.2-2280,M.2 SATA
SSD,Silicon Power S60 3K P/E,303.14,120.0,,2.5,SATA 6.0 Gb/s
SSD,VisionTek Go Drive,842.68,240.0,,2.5,SATA 6.0 Gb/s
SSD,Intel 535,645.62,120.0,,2.5,SATA 6.0 Gb/s
SSD,Intel 535,515.63,180.0,,2.5,SATA 6.0 Gb/s
SSD,Intel 535,427.71,240.0,,2.5,SATA 6.0 Gb/s
SSD,Intel SSDSC2BB240G601,1364.9,240.0,,2.5,SATA 6.0 Gb/s
SSD,Intel SSDSC2BB480G601,1247.77,480.0,,2.5,SATA 6.0 Gb/s
SSD,Intel SSDSC2BB800G601,1513.04,800.0,,2.5,SATA 6.0 Gb/s
SSD,Transcend TS256GSSD370S,515.63,256.0,,2.5,SATA 6.0 Gb/s
SSD,Crucial BX200,658.57,960.0,,2.5,SATA 6.0 Gb/s
SSD,PNY CS2211,238.32,480.0,,2.5,SATA 6.0 Gb/s
SSD,Intel Pro 5400s,667.28,180.0,,2.5,SATA 6.0 Gb/s
SSD,Intel Pro 5400s,1083.25,360.0,,2.5,SATA 6.0 Gb/s
SSD,Patriot Spark,389.97,128.0,,2.5,SATA 6.0 Gb/s
SSD,Seagate Nytro Enterprise,2513.14,960.0,,2.5,SATA 6.0 Gb/s
SSD,Plextor M8VC,437.59,128.0,256.0,2.5,SATA 6.0 Gb/s
SSD,VisionTek PRO,939.91,1000.0,,2.5,SATA 6.0 Gb/s
SSD,VisionTek 900802,302.01,256.0,,2.5,SATA 6.0 Gb/s
SSD,VisionTek PRO,289.57,240.0,,2.5,SATA 6.0 Gb/s
SSD,Intel D3-S4510,801.6,960.0,,2.5,SATA 6.0 Gb/s
SSD,Intel DC S4600,1453.29,1900.0,,2.5,SATA 6.0 Gb/s
SSD,Intel DC S4500,1035.59,960.0,,2.5,SATA 6.0 Gb/s
SSD,Kingston SSDNOW DC500M,563.25,480.0,,2.5,SATA 6.0 Gb/s
SSD,Mushkin RAW,433.26,500.0,,2.5,SATA 6.0 Gb/s
SSD,Intel DC S3500,576.29,240.0,,2.5,SATA 6.0 Gb/s
SSD,Intel DC S3520,953.26,480.0,,2.5,SATA 6.0 Gb/s
SSD,VisionTek PRO HXS,217.39,256.0,,2.5,SATA 6.0 Gb/s
SSD,VisionTek PRO XMN,173.28,256.0,,M.2-2280,M.2 PCIe 3.0 X4
SSD,VisionTek PRO HXS,756.67,1000.0,,2.5,SATA 6.0 Gb/s
SSD,Transcend 220S,952.83,2000.0,,M.2-2280,M.2 PCIe 3.0 X4
SSD,VisionTek PRO,1083.21,2000.0,,2.5,SATA 6.0 Gb/s
SSD,Klevv NEO N610,169.07,256.0,,2.5,SATA 6.0 Gb/s
SSD,Timetec 30TT253X2,284.03,1000.0,,2.5,SATA 6.0 Gb/s
SSD,V7 V7SSD1TBM2SU,381.26,1000.0,,M.2-2280,M.2 SATA
SSD,V7 V7SSD1TBNV3U,394.26,1000.0,,M.2-2280,M.2 PCIe 3.0 X4
SSD,Intel D3-S4520,610.95,240.0,,M.2-2280,M.2 SATA
SSD,Inland TN436,381.26,1000.0,,M.2-2230,M.2 PCIe 4.0 X4
SSD,NEMIX RAM NEMESIS,1382.18,4000.0,,M.2-2280,M.2 PCIe 4.0 X4
SSD,Transcend MTE245S,1603.17,4000.0,,M.2-2280,M.2 PCIe 4.0 X4
SSD,Transcend 830S,268.6,512.0,,M.2-2280,M.2 SATA
SSD,OWC Mercury Electra 6G,515.58,1000.0,,2.5,SATA 6.0 Gb/s
SSD,OWC Mercury Electra 6G,866.56,2000.0,,2.5,SATA 6.0 Gb/s
SSD,Lenovo S4520,2741.53,1920.0,,2.5,SATA 6.0 Gb/s
SSD,AGI AI818,1152.88,2000.0,,M.2-2280,M.2 PCIe 4.0 X4
SSD,AGI AI198,946.72,1000.0,,M.2-2280,M.2 PCIe 3.0 X4
SSD,Inland TN446,238.27,512.0,,M.2-2230,M.2 PCIe 4.0 X4
SSD,Patriot VP4000 Mini,346.55,1000.0,,M.2-2230,M.2 PCIe 4.0 X4
SSD,Intel DC P3700,514.5,400.0,,2.5,U.2
SSD,Seagate FireCuda 520N,511.29,1000.0,,M.2-2230,M.2 PCIe 4.0 X4
SSD,Patriot VP4000 Mini,758.23,2000.0,,M.2-2230,M.2 PCIe 4.0 X4
SSD,Seagate Nytro Enterprise,3028.77,1920.0,,2.5,SAS 12.0 Gb/s
SSD,Intel DC S3710,835.75,800.0,,2.5,SATA 6.0 Gb/s
SSD,KingSpec NX-2230,194.94,512.0,,M.2-2230,M.2 PCIe 3.0 X4
SSD,Lexar PLAY,389.93,1000.0,,M.2-2230,M.2 PCIe 4.0 X4
SSD,Toshiba MKx001GRZB,1668.2,100.0,,2.5,SAS 6.0 Gb/s
SSD,Transcend TS256GMSA370,2067.92,256.0,,mSATA,mSATA
SSD,Intel 535,688.95,120.0,,M.2-2280,M.2 SATA
SSD,Lenovo 5300,2546.07,960.0,,2.5,SATA 6.0 Gb/s
SSD,VisionTek PRO,216.61,250.0,,2.5,SATA 6.0 Gb/s
SSD,VisionTek PRO HXS,1105.26,2000.0,,2.5,SATA 6.0 Gb/s
SSD,Silicon Power XD80,1232.35,1000.0,,M.2-2280,M.2 PCIe 3.0 X4
SSD,VisionTek PRO,593.58,1000.0,,2.5,SATA 6.0 Gb/s
SSD,Western Digital SN530,1399.69,1024.0,,M.2-2230,M.2 PCIe 3.0 X4
SSD,Intel D3-S4520,591.02,480.0,,M.2-2280,M.2 SATA
SSD,Fantom Drives VENOM8 PS5,474.25,1000.0,,M.2-2280,M.2 PCIe 4.0 X4
SSD,VisionTek DLX4 Pro,872.88,2000.0,,M.2-2280,M.2 PCIe 4.0 X4
SSD,Titanium Micro PD560,563.25,2000.0,,2.5,SATA 6.0 Gb/s
SSD,Intel X25-M,1299.9,160.0,,2.5,SATA 3.0 Gb/s
SSD,Intel 320,838.57,160.0,,2.5,SATA 3.0 Gb/s
SSD,Intel 320,887.75,160.0,,2.5,SATA 3.0 Gb/s
SSD,Intel 330,684.09,180.0,,2.5,SATA 6.0 Gb/s
SSD,SanDisk Extreme,1299.86,480.0,,2.5,SATA 6.0 Gb/s
SSD,Kingston SSDNow V+200,693.24,120.0,,2.5,SATA 6.0 Gb/s
SSD,Crucial M4,1636.88,256.0,,mSATA,mSATA
SSD,Intel DC S3500,615.29,160.0,,2.5,SATA 6.0 Gb/s
SSD,Kingston KC300,866.56,240.0,,2.5,SATA 6.0 Gb/s
SSD,Kingston KC300,1343.19,480.0,,2.5,SATA 6.0 Gb/s
SSD,Crucial M500,2113.51,480.0,,mSATA,mSATA
SSD,Kingston SSDNow KC300,522.21,180.0,,2.5,SATA 6.0 Gb/s
SSD,Crucial M550,1636.88,128.0,,mSATA,mSATA
SSD,Seagate 1200 SSD,974.92,200.0,,2.5,SAS 12.0 Gb/s
SSD,Transcend MTS800,606.36,256.0,,M.2-2280,M.2 SATA
SSD,Intel DC P3600,1992.05,400.0,,2.5,U.2
SSD,VisionTek Go Drive,1439.81,1000.0,,2.5,SATA 6.0 Gb/s
SSD,Crucial MX200,1420.23,250.0,,mSATA,mSATA
SSD,Crucial MX200,1637.74,500.0,,mSATA,mSATA
SSD,Transcend TS512GMSA370,1362.12,512.0,,mSATA,mSATA
SSD,VisionTek Go Drive,1524.13,480.0,,2.5,SATA 6.0 Gb/s
SSD,Intel DC S3710,929.21,200.0,,2.5,SATA 6.0 Gb/s
SSD,Intel 535,1326.33,240.0,,2.5,SATA 6.0 Gb/s
SSD,Intel 535,1295.57,360.0,,2.5,SATA 6.0 Gb/s
SSD,Mushkin Atlas Vital,454.23,250.0,,M.2-2280,M.2 SATA
SSD,ADATA XPG SX930,993.43,120.0,,2.5,SATA 6.0 Gb/s
SSD,Transcend TS512GSSD370S,953.22,512.0,,2.5,SATA 6.0 Gb/s
SSD,Intel 540s,1039.88,360.0,,2.5,SATA 6.0 Gb/s
SSD,Intel 540s,693.24,180.0,,M.2-2280,M.2 SATA
SSD,Intel 750,2058.18,1200.0,,2.5,U.2
SSD,Intel 750,1148.24,400.0,,2.5,U.2
SSD,Intel 750,1559.75,800.0,,2.5,U.2
SSD,Intel Pro 5400s,736.83,120.0,,2.5,SATA 6.0 Gb/s
SSD,VisionTek PRO,569.96,500.0,,M.2-2280,M.2 SATA
SSD,VisionTek PRO,990.05,1000.0,,M.2-2280,M.2 SATA
SSD,Kingston SSDNOW DC500R,866.56,1920.0,,2.5,SATA 6.0 Gb/s
SSD,Kingston DC450R,591.19,480.0,,2.5,SATA 6.0 Gb/s
SSD,VisionTek PRO XMN,407.26,500.0,,M.2-2280,M.2 PCIe 3.0 X4
SSD,VisionTek PRO XPN,549.51,2000.0,,M.2-2280,M.2 PCIe 3.0 X4
SSD,VisionTek PRO XPN,888.91,1000.0,,M.2-2280,M.2 PCIe 3.0 X4
SSD,VisionTek PRO XPN,472.25,512.0,,M.2-2280,M.2 PCIe 3.0 X4
SSD,VisionTek PRO HXS,389.93,500.0,,2.5,SATA 6.0 Gb/s
SSD,VisionTek PRO XMN,228.22,250.0,,2.5,SATA 6.0 Gb/s
SSD,VisionTek PRO ECS,1505.02,2000.0,,2.5,SATA 6.0 Gb/s
SSD,Centon MP Essential,419.74,480.0,,2.5,SATA 6.0 Gb/s
SSD,Angelbird AV PRO MK3,1728.87,1000.0,,2.5,SATA 6.0 Gb/s
SSD,Angelbird AV PRO XT,1863.15,500.0,,2.5,SATA 6.0 Gb/s
SSD,VisionTek PRO,216.61,250.0,,2.5,SATA 6.0 Gb/s
SSD,V7 V7SSD240GBS25U,143.16,240.0,,2.5,SATA 6.0 Gb/s
SSD,V7 V7SSD480GBS25U,297.42,480.0,,2.5,SATA 6.0 Gb/s
SSD,V7 V7SSD512GBS25U,225.19,512.0,,2.5,SATA 6.0 Gb/s
SSD,V7 V7SSD1TBS25U,389.93,1000.0,,2.5,SATA 6.0 Gb/s
SSD,Intel D3-S4520,401.63,240.0,,2.5,SATA 6.0 Gb/s
SSD,Intel D3-S4520,1230.57,1920.0,,2.5,SATA 6.0 Gb/s
SSD,Intel D3-S4610,2418.46,3800.0,,2.5,SATA 6.0 Gb/s
SSD,Intel D3-S4610,1494.88,1920.0,,2.5,SATA 6.0 Gb/s
SSD,Intel D3-S4620,1401.47,1920.0,,2.5,SATA 6.0 Gb/s
SSD,Intel D3-S4620,693.93,480.0,,2.5,SATA 6.0 Gb/s
SSD,Micron 5210 ION,1555.55,1920.0,,2.5,SATA 6.0 Gb/s
SSD,VisionTek DLX4,420.26,1000.0,,M.2-2230,M.2 PCIe 4.0 X4
SSD,Transcend 830S,476.59,1000.0,,M.2-2280,M.2 SATA
SSD,VisionTek 900981,646.31,1000.0,,2.5,SATA 6.0 Gb/s
SSD,VisionTek 900982,1250.68,2000.0,,2.5,SATA 6.0 Gb/s
SSD,Lenovo S4520,1295.57,480.0,,2.5,SATA 6.0 Gb/s
SSD,ADATA XPG GAMMIX S70 Blade,3466.36,8000.0,,M.2-2280,M.2 PCIe 4.0 X4
